tree_label	gisaid_epi_isl	strain	date_str	date	region	iso_country	division	iso_country_exposure	nextstrain_clade	pangolin_lineage	originating_lab	submitting_lab	authors	tree_pangolin_lineage	travel_context	similarity_context	focal_sequence
EPI_ISL_1004873|2020-12-29	EPI_ISL_1004873	Switzerland/ZH-ETHZ-431406/2020	2020-12-29	2020-12-29	Europe	CHE	Zürich	CHE	20E (EU1)	AA.1	Viollier AG	Department of Biosystems Science and Engineering, ETH Zürich	Chaoran Chen et al	AA.1	FALSE	FALSE	TRUE
EPI_ISL_1130936|2020-12-20	EPI_ISL_1130936	Switzerland/ZH-ETHZ-420340/2020	2020-12-20	2020-12-20	Europe	CHE	Zürich	CHE	20E (EU1)	AA.1	Viollier AG	Department of Biosystems Science and Engineering, ETH Zürich	Chaoran Chen et al	AA.1	FALSE	FALSE	TRUE
EPI_ISL_1260506|2020-12-21	EPI_ISL_1260506	Switzerland/ZH-ETHZ-420233/2020	2020-12-21	2020-12-21	Europe	CHE	Zürich	CHE	20E (EU1)	AA.1	Viollier AG	Department of Biosystems Science and Engineering, ETH Zürich	Chaoran Chen et al	AA.1	FALSE	FALSE	TRUE
EPI_ISL_1463626|2020-12	EPI_ISL_1463626	Germany/HH-HPI-p3408/2020	2020-12	2020-12-01	Europe	DEU	Hamburg	DEU	20E (EU1)	AA.1	Labor Dr. Fenner und Kollegen	Heinrich Pette Institute, Leibniz Institute for Experimental Virology	Alexis Robitaille et al	AA.1	FALSE	TRUE	FALSE
EPI_ISL_1588672|2020-12-21	EPI_ISL_1588672	Germany/BW-FR0998/2020	2020-12-21	2020-12-21	Europe	DEU	Baden-Wuerttemberg	DEU	20E (EU1)	AA.1	Institute of Virology, Medical Center, University of Freiburg, Freiburg, Germany	Institute of Virology, Clinial Virus Genomics, Medical Center, University of Freiburg, Freiburg, Germany	Jonas Fuchs et al	AA.1	FALSE	TRUE	FALSE
EPI_ISL_1682944|2020-12-23	EPI_ISL_1682944	Switzerland/ZH-ETHZ-560681/2020	2020-12-23	2020-12-23	Europe	CHE	Zürich	CHE	20E (EU1)	AA.1	Viollier AG	Department of Biosystems Science and Engineering, ETH Zürich	Chaoran Chen et al	AA.1	FALSE	FALSE	TRUE
EPI_ISL_402125|2019-12-26	EPI_ISL_402125	Wuhan/Hu-1/2019	2019-12-26	2019-12-26	Asia	CHN	Hubei	CHN	19A	B	National Institute for Communicable Disease Control and Prevention (ICDC) Chinese Center for Disease Control and Prevention (China CDC)	National Institute for Communicable Disease Control and Prevention (ICDC) Chinese Center for Disease Control and Prevention (China CDC)	Zhang et al	B	FALSE	FALSE	FALSE
EPI_ISL_406798|2019-12-26	EPI_ISL_406798	Wuhan/WH01/2019	2019-12-26	2019-12-26	Asia	CHN	Hubei	CHN	19A	B	General Hospital of Central Theater Command of People's Liberation Army of China	BGI & Institute of Microbiology, Chinese Academy of Sciences & Shandong First Medical University & Shandong Academy of Medical Sciences & General Hospital of Central Theater Command of People's Liberation Army of China	Weijun Chen et al	B	FALSE	FALSE	FALSE
EPI_ISL_540903|2020-09-06	EPI_ISL_540903	Wales/PHWC-16A540/2020	2020-09-06	2020-09-06	Europe	GBR	Wales	GBR	20E (EU1)	AA.1	Wales Specialist Virology Centre Sequencing lab: Pathogen Genomics Unit	COVID-19 Genomics UK (COG-UK) Consortium	Catherine Moore et al	AA.1	FALSE	TRUE	FALSE
EPI_ISL_660318|2020-08-11	EPI_ISL_660318	Spain/CT-IBV-99009922/2020	2020-08-11	2020-08-11	Europe	ESP	Catalunya	ESP	20E (EU1)	AA.1	Servicio de Microbiología, Laboratori Clínic Metropolitana Nord. Hospital Universitari Germans Trias i Pujol. Institut d’Investigació en Ciències de la Salut Germans Trias i Pujol (IGTP)	SeqCOVID-SPAIN consortium/IBV(CSIC)	Elisa Martró et al	AA.1	FALSE	TRUE	FALSE
EPI_ISL_714808|2020-11-16	EPI_ISL_714808	Denmark/DCGC-16511/2020	2020-11-16	2020-11-16	Europe	DNK	Hovedstaden	DNK	20E (EU1)	AA.1	Department of Virus and Microbiological Special Diagnostics, Statens Serum Institut, Copenhagen, Denmark	Albertsen Lab, Department of Chemistry and Bioscience, Aalborg University, Denmark	Danish Covid-19 Genome Consortium et al	AA.1	FALSE	TRUE	FALSE
EPI_ISL_770744|2020-12-03	EPI_ISL_770744	Germany/NW-HHU-495/2020	2020-12-03	2020-12-03	Europe	DEU	North Rhine Westphalia	DEU	20E (EU1)	AA.1	ZOTZ KLIMAS MVZ Düsseldorf-Centrum GbR ÜBAG für Labormedizin, Genetik, Zytologie, Pathologie	Center of Medical Microbiology, Virology, and Hospital Hygiene, University of Duesseldorf	Maximilian Damagnez et al	AA.1	FALSE	TRUE	FALSE
EPI_ISL_802742|2020-09-20	EPI_ISL_802742	Spain/CT-ISCIII-2016665/2020	2020-09-20	2020-09-20	Europe	ESP	Catalunya	ESP	20E (EU1)	AA.1	Hospital Clínic de Barcelona	Instituto de Salud Carlos III	Iglesias-Caballero et al	AA.1	FALSE	TRUE	FALSE
EPI_ISL_802746|2020-09-20	EPI_ISL_802746	Spain/CT-ISCIII-2016661/2020	2020-09-20	2020-09-20	Europe	ESP	Catalunya	ESP	20E (EU1)	AA.1	Hospital Clínic de Barcelona	Instituto de Salud Carlos III	Iglesias-Caballero et al	AA.1	FALSE	TRUE	FALSE
