tree_label	gisaid_epi_isl	strain	date_str	date	region	iso_country	division	iso_country_exposure	nextstrain_clade	pangolin_lineage	originating_lab	submitting_lab	authors	tree_pangolin_lineage	travel_context	similarity_context	focal_sequence
EPI_ISL_402125|2019-12-26	EPI_ISL_402125	Wuhan/Hu-1/2019	2019-12-26	2019-12-26	Asia	CHN	Hubei	CHN	19A	B	National Institute for Communicable Disease Control and Prevention (ICDC) Chinese Center for Disease Control and Prevention (China CDC)	National Institute for Communicable Disease Control and Prevention (ICDC) Chinese Center for Disease Control and Prevention (China CDC)	Zhang et al	B	FALSE	FALSE	FALSE
EPI_ISL_406798|2019-12-26	EPI_ISL_406798	Wuhan/WH01/2019	2019-12-26	2019-12-26	Asia	CHN	Hubei	CHN	19A	B	General Hospital of Central Theater Command of People's Liberation Army of China	BGI & Institute of Microbiology, Chinese Academy of Sciences & Shandong First Medical University & Shandong Academy of Medical Sciences & General Hospital of Central Theater Command of People's Liberation Army of China	Weijun Chen et al	B	FALSE	FALSE	FALSE
EPI_ISL_728813|2020-12-01	EPI_ISL_728813	Switzerland/GR-ETHZ-390165/2020	2020-12-01	2020-12-01	Europe	CHE	Graubünden	CHE	20A.EU2	AB.1	Viollier AG	Department of Biosystems Science and Engineering, ETH Zürich	Chaoran Chen et al	AB.1	FALSE	FALSE	TRUE
EPI_ISL_758514|2020-12-14	EPI_ISL_758514	Denmark/DCGC-22021/2020	2020-12-14	2020-12-14	Europe	DNK	Nordjylland	DNK	20A.EU2	AB.1	Department of Virus and Microbiological Special Diagnostics, Statens Serum Institut, Copenhagen, Denmark	Albertsen Lab, Department of Chemistry and Bioscience, Aalborg University, Denmark	Danish Covid-19 Genome Consortium et al	AB.1	FALSE	TRUE	FALSE
EPI_ISL_794543|2020-12-07	EPI_ISL_794543	Denmark/DCGC-22850/2020	2020-12-07	2020-12-07	Europe	DNK	Nordjylland	DNK	20A.EU2	AB.1	Department of Virus and Microbiological Special Diagnostics, Statens Serum Institut, Copenhagen, Denmark	Albertsen Lab, Department of Chemistry and Bioscience, Aalborg University, Denmark	Danish Covid-19 Genome Consortium et al	AB.1	FALSE	TRUE	FALSE
