tree_label	gisaid_epi_isl	strain	date_str	date	region	iso_country	division	iso_country_exposure	nextstrain_clade	pangolin_lineage	originating_lab	submitting_lab	authors	tree_pangolin_lineage	travel_context	similarity_context	focal_sequence
EPI_ISL_1260299|2020-11-30	EPI_ISL_1260299	Switzerland/SH-ETHZ-521391/2020	2020-11-30	2020-11-30	Europe	CHE	Schaffhausen	CHE	20B	AF.1	Viollier AG	Department of Biosystems Science and Engineering, ETH Zürich	Chaoran Chen et al	AF.1	FALSE	FALSE	TRUE
EPI_ISL_1260533|2020-11-21	EPI_ISL_1260533	Switzerland/ZH-ETHZ-521237/2020	2020-11-21	2020-11-21	Europe	CHE	Zürich	CHE	20B	AF.1	Viollier AG	Department of Biosystems Science and Engineering, ETH Zürich	Chaoran Chen et al	AF.1	FALSE	FALSE	TRUE
EPI_ISL_1408716|2020-11-30	EPI_ISL_1408716	Switzerland/SH-ETHZ-520810/2020	2020-11-30	2020-11-30	Europe	CHE	Schaffhausen	CHE	20B	AF.1	Viollier AG	Department of Biosystems Science and Engineering, ETH Zürich	Chaoran Chen et al	AF.1	FALSE	FALSE	TRUE
EPI_ISL_402125|2019-12-26	EPI_ISL_402125	Wuhan/Hu-1/2019	2019-12-26	2019-12-26	Asia	CHN	Hubei	CHN	19A	B	National Institute for Communicable Disease Control and Prevention (ICDC) Chinese Center for Disease Control and Prevention (China CDC)	National Institute for Communicable Disease Control and Prevention (ICDC) Chinese Center for Disease Control and Prevention (China CDC)	Zhang et al	B	FALSE	FALSE	FALSE
EPI_ISL_406798|2019-12-26	EPI_ISL_406798	Wuhan/WH01/2019	2019-12-26	2019-12-26	Asia	CHN	Hubei	CHN	19A	B	General Hospital of Central Theater Command of People's Liberation Army of China	BGI & Institute of Microbiology, Chinese Academy of Sciences & Shandong First Medical University & Shandong Academy of Medical Sciences & General Hospital of Central Theater Command of People's Liberation Army of China	Weijun Chen et al	B	FALSE	FALSE	FALSE
EPI_ISL_447502|2020-03-27	EPI_ISL_447502	Spain/VC-FISABIO-571/2020	2020-03-27	2020-03-27	Europe	ESP	Comunitat Valenciana	ESP	20B	AF.1	Servicio de Microbiologia. Hospital Clinico Universitario de Valencia	Sequencing and Bioinformatics Service and Molecular Epidemiology Research Group. FISABIO-Public Health	Lidia Ruiz Roldan et al	AF.1	FALSE	TRUE	FALSE
EPI_ISL_685731|2020-05-16	EPI_ISL_685731	Japan/PG-2126/2020	2020-05-16	2020-05-16	Asia	JPN	Japan	JPN	20B	AF.1	Pathogen Genomics Center, National Institute of Infectious Diseases	Pathogen Genomics Center, National Institute of Infectious Diseases	Tsuyoshi Sekizuka et al	AF.1	FALSE	TRUE	FALSE
EPI_ISL_685943|2020-05-21	EPI_ISL_685943	Japan/PG-2338/2020	2020-05-21	2020-05-21	Asia	JPN	Japan	JPN	20B	AF.1	Pathogen Genomics Center, National Institute of Infectious Diseases	Pathogen Genomics Center, National Institute of Infectious Diseases	Tsuyoshi Sekizuka et al	AF.1	FALSE	TRUE	FALSE
EPI_ISL_691167|2020-04-19	EPI_ISL_691167	Japan/PG-3044/2020	2020-04-19	2020-04-19	Asia	JPN	Japan	JPN	20B	AF.1	Pathogen Genomics Center, National Institute of Infectious Diseases	Pathogen Genomics Center, National Institute of Infectious Diseases	Tsuyoshi Sekizuka et al	AF.1	FALSE	TRUE	FALSE
EPI_ISL_710596|2020-10-31	EPI_ISL_710596	Sweden/20-24259/2020	2020-10-31	2020-10-31	Europe	SWE	Skane	SWE	20B	AF.1	Klinisk mikrobiologi	The Public Health Agency of Sweden	Department of Microbiology et al	AF.1	FALSE	TRUE	FALSE
EPI_ISL_721760|2020-11-23	EPI_ISL_721760	Switzerland/BE-ETHZ-380229/2020	2020-11-23	2020-11-23	Europe	CHE	Bern	CHE	20B	AF.1	Viollier AG	Department of Biosystems Science and Engineering, ETH Zürich	Christian Beisel et al	AF.1	FALSE	FALSE	TRUE
EPI_ISL_745354|2020-12-02	EPI_ISL_745354	France/ARA-114869/2020	2020-12-02	2020-12-02	Europe	FRA	Auvergne-Rhône-Alpes	FRA	20B	AF.1	CNR Virus des Infections Respiratoires - France SUD	CNR Virus des Infections Respiratoires - France SUD	Antonin Bal et al	AF.1	FALSE	TRUE	FALSE
EPI_ISL_768118|2020-12-18	EPI_ISL_768118	Switzerland/LU-ETHZ-420034/2020	2020-12-18	2020-12-18	Europe	CHE	Lucerne	CHE	20B	AF.1	Viollier AG	Department of Biosystems Science and Engineering, ETH Zürich	Chaoran Chen et al	AF.1	FALSE	FALSE	TRUE
EPI_ISL_894731|2020-12-19	EPI_ISL_894731	Japan/PG-15927/2020	2020-12-19	2020-12-19	Asia	JPN	Japan	JPN	20B	AF.1	Fukuoka Institute of Health and Environmental Sciences	Pathogen Genomics Center, National Institute of Infectious Diseases	Tsuyoshi Sekizuka et al	AF.1	FALSE	TRUE	FALSE
EPI_ISL_894735|2020-12-20	EPI_ISL_894735	Japan/PG-15931/2020	2020-12-20	2020-12-20	Asia	JPN	Japan	JPN	20B	AF.1	Fukuoka Institute of Health and Environmental Sciences	Pathogen Genomics Center, National Institute of Infectious Diseases	Tsuyoshi Sekizuka et al	AF.1	FALSE	TRUE	FALSE
EPI_ISL_898588|2020-07-11	EPI_ISL_898588	Japan/PG-11725/2020	2020-07-11	2020-07-11	Asia	JPN	Japan	JPN	20B	AF.1	Pathogen Genomics Center, National Institute of Infectious Diseases	Pathogen Genomics Center, National Institute of Infectious Diseases	Tsuyoshi Sekizuka et al	AF.1	FALSE	TRUE	FALSE
EPI_ISL_898590|2020-07-12	EPI_ISL_898590	Japan/PG-11727/2020	2020-07-12	2020-07-12	Asia	JPN	Japan	JPN	20B	AF.1	Pathogen Genomics Center, National Institute of Infectious Diseases	Pathogen Genomics Center, National Institute of Infectious Diseases	Tsuyoshi Sekizuka et al	AF.1	FALSE	TRUE	FALSE
