tree_label	gisaid_epi_isl	strain	date_str	date	region	iso_country	division	iso_country_exposure	nextstrain_clade	pangolin_lineage	originating_lab	submitting_lab	authors	tree_pangolin_lineage	travel_context	similarity_context	focal_sequence
EPI_ISL_1049112|2020-10-12	EPI_ISL_1049112	Belgium/rega-2393/2020	2020-10-12	2020-10-12	Europe	BEL	Brussels	BEL	20B	AN.1	KU Leuven, Rega Institute, Clinical and Epidemiological Virology	KU Leuven, Rega Institute, Clinical and Epidemiological Virology	Tony Wawina-Bokalanga et al	AN.1	FALSE	TRUE	FALSE
EPI_ISL_1119348|2020-11-02	EPI_ISL_1119348	Switzerland/BE-ETHZ-500964/2020	2020-11-02	2020-11-02	Europe	CHE	Bern	CHE	20B	AN.1	Viollier AG	Department of Biosystems Science and Engineering, ETH Zürich	Chaoran Chen et al	AN.1	FALSE	FALSE	TRUE
EPI_ISL_1129583|2020-11-10	EPI_ISL_1129583	Switzerland/BE-ETHZ-360190/2020	2020-11-10	2020-11-10	Europe	CHE	Bern	CHE	20B	AN.1	Viollier AG	Department of Biosystems Science and Engineering, ETH Zürich	Chaoran Chen et al	AN.1	FALSE	FALSE	TRUE
EPI_ISL_1259836|2020-11-16	EPI_ISL_1259836	Switzerland/BE-ETHZ-510558/2020	2020-11-16	2020-11-16	Europe	CHE	Bern	CHE	20B	AN.1	Viollier AG	Department of Biosystems Science and Engineering, ETH Zürich	Christian Beisel et al	AN.1	FALSE	FALSE	TRUE
EPI_ISL_1311313|2020-12-13	EPI_ISL_1311313	Netherlands/OV-EMC-148/2020	2020-12-13	2020-12-13	Europe	NLD	Overijssel	NLD	20B	AN.1	Dutch COVID-19 response team	Erasmus Medical Center	Bas Oude Munnink et al	AN.1	FALSE	TRUE	FALSE
EPI_ISL_1311314|2020-12-19	EPI_ISL_1311314	Netherlands/OV-EMC-151/2020	2020-12-19	2020-12-19	Europe	NLD	Overijssel	NLD	20B	AN.1	Dutch COVID-19 response team	Erasmus Medical Center	Bas Oude Munnink et al	AN.1	FALSE	TRUE	FALSE
EPI_ISL_1311319|2020-10-24	EPI_ISL_1311319	Netherlands/OV-EMC-174/2020	2020-10-24	2020-10-24	Europe	NLD	Overijssel	NLD	20B	AN.1	Dutch COVID-19 response team	Erasmus Medical Center	Bas Oude Munnink et al	AN.1	FALSE	TRUE	FALSE
EPI_ISL_1361014|2020-11-09	EPI_ISL_1361014	Switzerland/SG-ETHZ-530539/2020	2020-11-09	2020-11-09	Europe	CHE	Sankt Gallen	CHE	20B	AN.1	Viollier AG	Department of Biosystems Science and Engineering, ETH Zürich	Chaoran Chen et al	AN.1	FALSE	FALSE	TRUE
EPI_ISL_1496282|2020-11-04	EPI_ISL_1496282	Switzerland/NE-ETHZ-350076/2020	2020-11-04	2020-11-04	Europe	CHE	Neuchâtel	CHE	20B	AN.1	Viollier AG	Department of Biosystems Science and Engineering, ETH Zürich	Christian Beisel et al	AN.1	FALSE	FALSE	TRUE
EPI_ISL_1496289|2020-10-21	EPI_ISL_1496289	Switzerland/ZH-ETHZ-331382/2020	2020-10-21	2020-10-21	Europe	CHE	Zürich	CHE	20B	AN.1	Viollier AG	Department of Biosystems Science and Engineering, ETH Zürich	Christian Beisel et al	AN.1	FALSE	FALSE	TRUE
EPI_ISL_1498211|2020-10-28	EPI_ISL_1498211	Netherlands/OV-RIVM-21824/2020	2020-10-28	2020-10-28	Europe	NLD	Overijssel	NLD	20B	AN.1	Dutch COVID-19 response team	National Institute for Public Health and the Environment (RIVM)	Adam Meijer et al	AN.1	FALSE	TRUE	FALSE
EPI_ISL_1498237|2020-10-28	EPI_ISL_1498237	Netherlands/OV-RIVM-21851/2020	2020-10-28	2020-10-28	Europe	NLD	Overijssel	NLD	20B	AN.1	Dutch COVID-19 response team	National Institute for Public Health and the Environment (RIVM)	Adam Meijer et al	AN.1	FALSE	TRUE	FALSE
EPI_ISL_1760865|2020-11-03	EPI_ISL_1760865	Switzerland/BE-ETHZ-530437/2020	2020-11-03	2020-11-03	Europe	CHE	Bern	CHE	20B	AN.1	Viollier AG	Department of Biosystems Science and Engineering, ETH Zürich	Chaoran Chen et al	AN.1	FALSE	FALSE	TRUE
EPI_ISL_402125|2019-12-26	EPI_ISL_402125	Wuhan/Hu-1/2019	2019-12-26	2019-12-26	Asia	CHN	Hubei	CHN	19A	B	National Institute for Communicable Disease Control and Prevention (ICDC) Chinese Center for Disease Control and Prevention (China CDC)	National Institute for Communicable Disease Control and Prevention (ICDC) Chinese Center for Disease Control and Prevention (China CDC)	Zhang et al	B	FALSE	FALSE	FALSE
EPI_ISL_406798|2019-12-26	EPI_ISL_406798	Wuhan/WH01/2019	2019-12-26	2019-12-26	Asia	CHN	Hubei	CHN	19A	B	General Hospital of Central Theater Command of People's Liberation Army of China	BGI & Institute of Microbiology, Chinese Academy of Sciences & Shandong First Medical University & Shandong Academy of Medical Sciences & General Hospital of Central Theater Command of People's Liberation Army of China	Weijun Chen et al	B	FALSE	FALSE	FALSE
EPI_ISL_539884|2020-07-22	EPI_ISL_539884	Sweden/20-52440/2020	2020-07-22	2020-07-22	Europe	SWE	Vastra Gotaland	SWE	20B	AN.1	Omtanken Grimmered	The Public Health Agency of Sweden	Anna-Malin Linde et al	AN.1	FALSE	TRUE	FALSE
EPI_ISL_548256|2020-07-07	EPI_ISL_548256	Sweden/20-52355/2020	2020-07-07	2020-07-07	Europe	SWE	Varmland	SWE	20B	AN.1	Centralsjukhuset	The Public Health Agency of Sweden	Anna-Malin Linde et al	AN.1	FALSE	TRUE	FALSE
EPI_ISL_594149|2020-09-16	EPI_ISL_594149	Sweden/20-08986/2020	2020-09-16	2020-09-16	Europe	SWE	Ostergotland	SWE	20B	AN.1	Klinsisk mikrobiologi Linkoping	The Public Health Agency of Sweden	Anna-Malin Linde et al	AN.1	FALSE	TRUE	FALSE
EPI_ISL_594153|2020-09-16	EPI_ISL_594153	Sweden/20-08994/2020	2020-09-16	2020-09-16	Europe	SWE	Ostergotland	SWE	20B	AN.1	Klinsisk mikrobiologi Linkoping	The Public Health Agency of Sweden	Anna-Malin Linde et al	AN.1	FALSE	TRUE	FALSE
EPI_ISL_603653|2020-10-14	EPI_ISL_603653	Switzerland/BE-ETHZ-321413/2020	2020-10-14	2020-10-14	Europe	CHE	Bern	CHE	20B	AN.1	Viollier AG	Department of Biosystems Science and Engineering, ETH Zürich	Christian Beisel et al	AN.1	FALSE	FALSE	TRUE
EPI_ISL_654952|2020-08-25	EPI_ISL_654952	Sweden/20-08963/2020	2020-08-25	2020-08-25	Europe	SWE	Ostergotland	SWE	20B	AN.1	Klinsisk mikrobiologi Linkoping	The Public Health Agency of Sweden	Anna-Malin Linde et al	AN.1	FALSE	TRUE	FALSE
EPI_ISL_722356|2020-12-13	EPI_ISL_722356	Netherlands/ZH-EMC-1090/2020	2020-12-13	2020-12-13	Europe	NLD	South Holland	NLD	20B	AN.1	Dutch COVID-19 response team	Erasmus Medical Center	Bas Oude Munnink et al	AN.1	FALSE	TRUE	FALSE
EPI_ISL_722434|2020-12-06	EPI_ISL_722434	Netherlands/ZH-EMC-1056/2020	2020-12-06	2020-12-06	Europe	NLD	South Holland	NLD	20B	AN.1	Dutch COVID-19 response team	Erasmus Medical Center	Bas Oude Munnink et al	AN.1	FALSE	TRUE	FALSE
EPI_ISL_723164|2020-11-11	EPI_ISL_723164	Netherlands/OV-RIVM-20099/2020	2020-11-11	2020-11-11	Europe	NLD	Overijssel	NLD	20B	AN.1	Dutch COVID-19 response team	National Institute for Public Health and the Environment (RIVM)	Adam Meijer et al	AN.1	FALSE	TRUE	FALSE
EPI_ISL_723180|2020-11-09	EPI_ISL_723180	Netherlands/OV-RIVM-20314/2020	2020-11-09	2020-11-09	Europe	NLD	Overijssel	NLD	20B	AN.1	Dutch COVID-19 response team	National Institute for Public Health and the Environment (RIVM)	Adam Meijer et al	AN.1	FALSE	TRUE	FALSE
EPI_ISL_728960|2020-11-10	EPI_ISL_728960	Switzerland/BE-ETHZ-360199/2020	2020-11-10	2020-11-10	Europe	CHE	Bern	CHE	20B	AN.1	Viollier AG	Department of Biosystems Science and Engineering, ETH Zürich	Chaoran Chen et al	AN.1	FALSE	FALSE	TRUE
EPI_ISL_744801|2020-10-23	EPI_ISL_744801	Luxembourg/LNS8732928/2020	2020-10-23	2020-10-23	Europe	LUX	Luxembourg	LUX	20B	AN.1	Laboratoire national de santé, Microbiology, Virology	Laboratoire national de santé, Microbiology, Microbial Genomics Platform	Anke Wienecke-Baldacchino et al	AN.1	FALSE	TRUE	FALSE
EPI_ISL_763153|2020-11-07	EPI_ISL_763153	Netherlands/OV-EMC-113/2020	2020-11-07	2020-11-07	Europe	NLD	Overijssel	NLD	20B	AN.1	Dutch COVID-19 response team	Erasmus Medical Center	Bas Oude Munnink et al	AN.1	FALSE	TRUE	FALSE
EPI_ISL_766592|2020-09-16	EPI_ISL_766592	Sweden/20-52894/2020	2020-09-16	2020-09-16	Europe	SWE	Stockholm	SWE	20B	AN.1	Klinisk mikrobiologi	The Public Health Agency of Sweden	Department of Microbiology et al	AN.1	FALSE	TRUE	FALSE
