tree_label	gisaid_epi_isl	strain	date_str	date	region	iso_country	division	iso_country_exposure	nextstrain_clade	pangolin_lineage	originating_lab	submitting_lab	authors	tree_pangolin_lineage	travel_context	similarity_context	focal_sequence
EPI_ISL_1406793|2020-12-30	EPI_ISL_1406793	Switzerland/AG-ETHZ-431454/2020	2020-12-30	2020-12-30	Europe	CHE	Aargau	CHE	20B	B.1.1.352	Viollier AG	Department of Biosystems Science and Engineering, ETH Zürich	Chaoran Chen et al	B.1.1.352	FALSE	FALSE	TRUE
EPI_ISL_1658519|2020-12-28	EPI_ISL_1658519	Switzerland/AG-ETHZ-570622/2020	2020-12-28	2020-12-28	Europe	CHE	Aargau	CHE	20B	B.1.1.352	Viollier AG	Department of Biosystems Science and Engineering, ETH Zürich	Chaoran Chen et al	B.1.1.352	FALSE	FALSE	TRUE
EPI_ISL_402125|2019-12-26	EPI_ISL_402125	Wuhan/Hu-1/2019	2019-12-26	2019-12-26	Asia	CHN	Hubei	CHN	19A	B	National Institute for Communicable Disease Control and Prevention (ICDC) Chinese Center for Disease Control and Prevention (China CDC)	National Institute for Communicable Disease Control and Prevention (ICDC) Chinese Center for Disease Control and Prevention (China CDC)	Zhang et al	B	FALSE	FALSE	FALSE
EPI_ISL_406798|2019-12-26	EPI_ISL_406798	Wuhan/WH01/2019	2019-12-26	2019-12-26	Asia	CHN	Hubei	CHN	19A	B	General Hospital of Central Theater Command of People's Liberation Army of China	BGI & Institute of Microbiology, Chinese Academy of Sciences & Shandong First Medical University & Shandong Academy of Medical Sciences & General Hospital of Central Theater Command of People's Liberation Army of China	Weijun Chen et al	B	FALSE	FALSE	FALSE
EPI_ISL_786222|2020-10-12	EPI_ISL_786222	USA/TX-HMH-MCoV-14737/2020	2020-10-12	2020-10-12	North America	USA	Texas	USA	20B	B.1.1.352	Houston Methodist Hospital	Houston Methodist Hospital	S. Wesley Long et al	B.1.1.352	FALSE	TRUE	FALSE
EPI_ISL_786705|2020-10-20	EPI_ISL_786705	USA/TX-HMH-MCoV-15221/2020	2020-10-20	2020-10-20	North America	USA	Texas	USA	20B	B.1.1.352	Houston Methodist Hospital	Houston Methodist Hospital	S. Wesley Long et al	B.1.1.352	FALSE	TRUE	FALSE
EPI_ISL_787835|2020-10-08	EPI_ISL_787835	USA/TX-HMH-MCoV-14550/2020	2020-10-08	2020-10-08	North America	USA	Texas	USA	20B	B.1.1.352	Houston Methodist Hospital	Houston Methodist Hospital	S. Wesley Long et al	B.1.1.352	FALSE	TRUE	FALSE
EPI_ISL_961976|2020-10-12	EPI_ISL_961976	USA/IL-IDPH-I-000576/2020	2020-10-12	2020-10-12	North America	USA	Illinois	USA	20B	B.1.1.352	Illinois Department of Public Health	Gagnon Lab, Southern Illinois University	Keith Gagnon et al	B.1.1.352	FALSE	TRUE	FALSE
