tree_label	gisaid_epi_isl	strain	date_str	date	region	iso_country	division	iso_country_exposure	nextstrain_clade	pangolin_lineage	originating_lab	submitting_lab	authors	tree_pangolin_lineage	travel_context	similarity_context	focal_sequence
EPI_ISL_1407564|2020-11-23	EPI_ISL_1407564	Switzerland/LU-ETHZ-520426/2020	2020-11-23	2020-11-23	Europe	CHE	Lucerne	CHE	20A.EU2	B.1.160.28	Viollier AG	Department of Biosystems Science and Engineering, ETH Zürich	Chaoran Chen et al	B.1.160.28	FALSE	FALSE	TRUE
EPI_ISL_402125|2019-12-26	EPI_ISL_402125	Wuhan/Hu-1/2019	2019-12-26	2019-12-26	Asia	CHN	Hubei	CHN	19A	B	National Institute for Communicable Disease Control and Prevention (ICDC) Chinese Center for Disease Control and Prevention (China CDC)	National Institute for Communicable Disease Control and Prevention (ICDC) Chinese Center for Disease Control and Prevention (China CDC)	Zhang et al	B	FALSE	FALSE	FALSE
EPI_ISL_406798|2019-12-26	EPI_ISL_406798	Wuhan/WH01/2019	2019-12-26	2019-12-26	Asia	CHN	Hubei	CHN	19A	B	General Hospital of Central Theater Command of People's Liberation Army of China	BGI & Institute of Microbiology, Chinese Academy of Sciences & Shandong First Medical University & Shandong Academy of Medical Sciences & General Hospital of Central Theater Command of People's Liberation Army of China	Weijun Chen et al	B	FALSE	FALSE	FALSE
EPI_ISL_626318|2020-10-23	EPI_ISL_626318	Belgium/ULG-10543/2020	2020-10-23	2020-10-23	Europe	BEL	Liège	BEL	20A.EU2	B.1.160.28	Department of Clinical Microbiology	GIGA Medical Genomics	Keith Durkin et al	B.1.160.28	FALSE	TRUE	FALSE
EPI_ISL_888754|2020-12-03	EPI_ISL_888754	Belgium/rega-1504/2020	2020-12-03	2020-12-03	Europe	BEL	Namur	BEL	20A.EU2	B.1.160.28	KU Leuven, Rega Institute, Clinical and Epidemiological Virology	KU Leuven, Rega Institute, Clinical and Epidemiological Virology	Tony Wawina-Bokalanga et al	B.1.160.28	FALSE	TRUE	FALSE
