tree_label	gisaid_epi_isl	strain	date_str	date	region	iso_country	division	iso_country_exposure	nextstrain_clade	pangolin_lineage	originating_lab	submitting_lab	authors	tree_pangolin_lineage	travel_context	similarity_context	focal_sequence
EPI_ISL_1259921|2020-11-21	EPI_ISL_1259921	Switzerland/AG-ETHZ-521313/2020	2020-11-21	2020-11-21	Europe	CHE	Aargau	CHE	20B	B.1.1.371	Viollier AG	Department of Biosystems Science and Engineering, ETH Zürich	Chaoran Chen et al	B.1.1.371	FALSE	FALSE	TRUE
EPI_ISL_1760828|2020-11-12	EPI_ISL_1760828	Switzerland/AG-ETHZ-530813/2020	2020-11-12	2020-11-12	Europe	CHE	Aargau	CHE	20B	B.1.1.371	Viollier AG	Department of Biosystems Science and Engineering, ETH Zürich	Chaoran Chen et al	B.1.1.371	FALSE	FALSE	TRUE
EPI_ISL_1760841|2020-11-12	EPI_ISL_1760841	Switzerland/AG-ETHZ-530812/2020	2020-11-12	2020-11-12	Europe	CHE	Aargau	CHE	20B	B.1.1.371	Viollier AG	Department of Biosystems Science and Engineering, ETH Zürich	Chaoran Chen et al	B.1.1.371	FALSE	FALSE	TRUE
EPI_ISL_402125|2019-12-26	EPI_ISL_402125	Wuhan/Hu-1/2019	2019-12-26	2019-12-26	Asia	CHN	Hubei	CHN	19A	B	National Institute for Communicable Disease Control and Prevention (ICDC) Chinese Center for Disease Control and Prevention (China CDC)	National Institute for Communicable Disease Control and Prevention (ICDC) Chinese Center for Disease Control and Prevention (China CDC)	Zhang et al	B	FALSE	FALSE	FALSE
EPI_ISL_406798|2019-12-26	EPI_ISL_406798	Wuhan/WH01/2019	2019-12-26	2019-12-26	Asia	CHN	Hubei	CHN	19A	B	General Hospital of Central Theater Command of People's Liberation Army of China	BGI & Institute of Microbiology, Chinese Academy of Sciences & Shandong First Medical University & Shandong Academy of Medical Sciences & General Hospital of Central Theater Command of People's Liberation Army of China	Weijun Chen et al	B	FALSE	FALSE	FALSE
EPI_ISL_471416|2020-06-01	EPI_ISL_471416	Romania/Buzau-291946/2020	2020-06-01	2020-06-01	Europe	ROU	Buzau	ROU	20B	B.1.1.371	Laboratory for Respiratory Viruses, National Influenza Centre, Cantacuzino National Military-Medical Institute for Research and Development	Cantacuzino Institute	Luiza Ustea et al	B.1.1.371	FALSE	TRUE	FALSE
EPI_ISL_471417|2020-06-03	EPI_ISL_471417	Romania/Buzau-292711/2020	2020-06-03	2020-06-03	Europe	ROU	Buzau	ROU	20B	B.1.1.371	Laboratory for Respiratory Viruses, National Influenza Centre, Cantacuzino National Military-Medical Institute for Research and Development	Cantacuzino Institute	Luiza Ustea et al	B.1.1.371	FALSE	TRUE	FALSE
EPI_ISL_471419|2020-06-03	EPI_ISL_471419	Romania/Buzau-293197/2020	2020-06-03	2020-06-03	Europe	ROU	Buzau	ROU	20B	B.1.1.371	Laboratory for Respiratory Viruses, National Influenza Centre, Cantacuzino National Military-Medical Institute for Research and Development	Cantacuzino Institute	Luiza Ustea et al	B.1.1.371	FALSE	TRUE	FALSE
EPI_ISL_513069|2020-06-17	EPI_ISL_513069	SaudiArabia/KAUST-JEDDAH996/2020	2020-06-17	2020-06-17	Asia	SAU	Jeddah	SAU	20B	B.1.1.371	Pathogen Genomics Lab King Abdullah University of Science and Technology(KAUST)	Pathogen Genomics Lab King Abdullah University of Science and Technology(KAUST)	Raeece Naeem et al	B.1.1.371	FALSE	TRUE	FALSE
EPI_ISL_513070|2020-06-17	EPI_ISL_513070	SaudiArabia/KAUST-JEDDAH997/2020	2020-06-17	2020-06-17	Asia	SAU	Jeddah	SAU	20B	B.1.1.371	Pathogen Genomics Lab King Abdullah University of Science and Technology(KAUST)	Pathogen Genomics Lab King Abdullah University of Science and Technology(KAUST)	Raeece Naeem et al	B.1.1.371	FALSE	TRUE	FALSE
EPI_ISL_513071|2020-06-23	EPI_ISL_513071	SaudiArabia/KAUST-JEDDAH998/2020	2020-06-23	2020-06-23	Asia	SAU	Jeddah	SAU	20B	B.1.1.371	Pathogen Genomics Lab King Abdullah University of Science and Technology(KAUST)	Pathogen Genomics Lab King Abdullah University of Science and Technology(KAUST)	Raeece Naeem et al	B.1.1.371	FALSE	TRUE	FALSE
