tree_label	gisaid_epi_isl	strain	date_str	date	region	iso_country	division	iso_country_exposure	nextstrain_clade	pangolin_lineage	originating_lab	submitting_lab	authors	tree_pangolin_lineage	travel_context	similarity_context	focal_sequence
EPI_ISL_2015104|2020-09-09	EPI_ISL_2015104	Turkey/CTF_09092020_044/2020	2020-09-09	2020-09-09	Europe	TUR	Marmara	TUR	20A	B.1.218	IU-Cerrahpasa, Cerrahpasa School of Medicine, COVID-19 Lab	IU-Cerrahpasa, Cerrahpasa School of Medicine, COVID-19 Lab	Mert Kuskucu et al	B.1.218	FALSE	TRUE	FALSE
EPI_ISL_2015117|2020-09-11	EPI_ISL_2015117	Turkey/CTF_11092020_122/2020	2020-09-11	2020-09-11	Europe	TUR	Marmara	TUR	20A	B.1.218	IU-Cerrahpasa, Cerrahpasa School of Medicine, COVID-19 Lab	IU-Cerrahpasa, Cerrahpasa School of Medicine, COVID-19 Lab	Mert Kuskucu et al	B.1.218	FALSE	TRUE	FALSE
EPI_ISL_402125|2019-12-26	EPI_ISL_402125	Wuhan/Hu-1/2019	2019-12-26	2019-12-26	Asia	CHN	Hubei	CHN	19A	B	National Institute for Communicable Disease Control and Prevention (ICDC) Chinese Center for Disease Control and Prevention (China CDC)	National Institute for Communicable Disease Control and Prevention (ICDC) Chinese Center for Disease Control and Prevention (China CDC)	Zhang et al	B	FALSE	FALSE	FALSE
EPI_ISL_406798|2019-12-26	EPI_ISL_406798	Wuhan/WH01/2019	2019-12-26	2019-12-26	Asia	CHN	Hubei	CHN	19A	B	General Hospital of Central Theater Command of People's Liberation Army of China	BGI & Institute of Microbiology, Chinese Academy of Sciences & Shandong First Medical University & Shandong Academy of Medical Sciences & General Hospital of Central Theater Command of People's Liberation Army of China	Weijun Chen et al	B	FALSE	FALSE	FALSE
EPI_ISL_523864|2020-08-07	EPI_ISL_523864	Switzerland/AG-ETHZ-240009/2020	2020-08-07	2020-08-07	Europe	CHE	Aargau	CHE	20A	B.1.218	Viollier AG	Department of Biosystems Science and Engineering, ETH Zürich	Christian Beisel et al	B.1.218	FALSE	FALSE	TRUE
EPI_ISL_614969|2020-10-20	EPI_ISL_614969	Switzerland/ZH-ETHZ-331074/2020	2020-10-20	2020-10-20	Europe	CHE	Zürich	CHE	20A	B.1.218	Viollier AG	Department of Biosystems Science and Engineering, ETH Zürich	Christian Beisel et al	B.1.218	FALSE	FALSE	TRUE
EPI_ISL_753731|2020-09-25	EPI_ISL_753731	Germany/BE-ChVir-D1937-8281/2020	2020-09-25	2020-09-25	Europe	DEU	Berlin	DEU	20A	B.1.218	Charité Universitätsmedizin Berlin, Institut für Virologie/Labor Berlin	Charité Universitätsmedizin Berlin, Institut für Virologie	Victor M Corman et al	B.1.218	FALSE	TRUE	FALSE
EPI_ISL_753818|2020-10-09	EPI_ISL_753818	Germany/BE-ChVir-D1979-4481/2020	2020-10-09	2020-10-09	Europe	DEU	Berlin	DEU	20A	B.1.218	Charité Universitätsmedizin Berlin, Institut für Virologie/Labor Berlin	Charité Universitätsmedizin Berlin, Institut für Virologie	Victor M Corman et al	B.1.218	FALSE	TRUE	FALSE
EPI_ISL_753905|2020-10-10	EPI_ISL_753905	Germany/BE-ChVir-D2022-4412/2020	2020-10-10	2020-10-10	Europe	DEU	Berlin	DEU	20A	B.1.218	Charité Universitätsmedizin Berlin, Institut für Virologie/Labor Berlin	Charité Universitätsmedizin Berlin, Institut für Virologie	Victor M Corman et al	B.1.218	FALSE	TRUE	FALSE
EPI_ISL_830818|2020-09-26	EPI_ISL_830818	Switzerland/BS-42458112/2020	2020-09-26	2020-09-26	Europe	CHE	Basel-Stadt	CHE	20A	B.1.218	University Hospital Basel, Clinical Virology	University Hospital Basel, Clinical Bacteriology	Tim Roloff et al	B.1.218	FALSE	FALSE	TRUE
EPI_ISL_960051|2020-08-27	EPI_ISL_960051	Germany/HH-HPI-p2929/2020	2020-08-27	2020-08-27	Europe	DEU	Hamburg	DEU	20A	B.1.218	University Medical Center Hamburg Eppendorf	Heinrich Pette Institute, Leibniz Institute for Experimental Virology	Alexis Robitaille et al	B.1.218	FALSE	TRUE	FALSE
