tree_label	gisaid_epi_isl	strain	date_str	date	region	iso_country	division	iso_country_exposure	nextstrain_clade	pangolin_lineage	originating_lab	submitting_lab	authors	tree_pangolin_lineage	travel_context	similarity_context	focal_sequence
EPI_ISL_1140352|2020-11-11	EPI_ISL_1140352	Germany/NW-RKI-I-010227/2020	2020-11-11	2020-11-11	Europe	DEU	North Rhine Westphalia	DEU	20E (EU1)	B.1.177.62	Labor ZOTZ|KLIMAS; MVZ Düsseldorf-Centrum	Robert Koch Institute	?	B.1.177.62	FALSE	TRUE	FALSE
EPI_ISL_1144913|2020-11-24	EPI_ISL_1144913	Germany/NI-RKI-I-014775/2020	2020-11-24	2020-11-24	Europe	DEU	Niedersachsen	DEU	20E (EU1)	B.1.177.62	Medizinische Hochschule Hannover Institut für Virologie	Robert Koch Institute	?	B.1.177.62	FALSE	TRUE	FALSE
EPI_ISL_1144914|2020-11-23	EPI_ISL_1144914	Germany/NI-RKI-I-014776/2020	2020-11-23	2020-11-23	Europe	DEU	Niedersachsen	DEU	20E (EU1)	B.1.177.62	Medizinische Hochschule Hannover Institut für Virologie	Robert Koch Institute	?	B.1.177.62	FALSE	TRUE	FALSE
EPI_ISL_1144915|2020-11-24	EPI_ISL_1144915	Germany/NI-RKI-I-014777/2020	2020-11-24	2020-11-24	Europe	DEU	Niedersachsen	DEU	20E (EU1)	B.1.177.62	Medizinische Hochschule Hannover Institut für Virologie	Robert Koch Institute	?	B.1.177.62	FALSE	TRUE	FALSE
EPI_ISL_1144916|2020-11-25	EPI_ISL_1144916	Germany/NI-RKI-I-014778/2020	2020-11-25	2020-11-25	Europe	DEU	Niedersachsen	DEU	20E (EU1)	B.1.177.62	Medizinische Hochschule Hannover Institut für Virologie	Robert Koch Institute	?	B.1.177.62	FALSE	TRUE	FALSE
EPI_ISL_1144917|2020-11-25	EPI_ISL_1144917	Germany/NI-RKI-I-014779/2020	2020-11-25	2020-11-25	Europe	DEU	Niedersachsen	DEU	20E (EU1)	B.1.177.62	Medizinische Hochschule Hannover Institut für Virologie	Robert Koch Institute	?	B.1.177.62	FALSE	TRUE	FALSE
EPI_ISL_1144918|2020-11-26	EPI_ISL_1144918	Germany/NI-RKI-I-014780/2020	2020-11-26	2020-11-26	Europe	DEU	Niedersachsen	DEU	20E (EU1)	B.1.177.62	Medizinische Hochschule Hannover Institut für Virologie	Robert Koch Institute	?	B.1.177.62	FALSE	TRUE	FALSE
EPI_ISL_1144920|2020-11-28	EPI_ISL_1144920	Germany/NI-RKI-I-014782/2020	2020-11-28	2020-11-28	Europe	DEU	Niedersachsen	DEU	20E (EU1)	B.1.177.62	Medizinische Hochschule Hannover Institut für Virologie	Robert Koch Institute	?	B.1.177.62	FALSE	TRUE	FALSE
EPI_ISL_1144922|2020-11-30	EPI_ISL_1144922	Germany/NI-RKI-I-014784/2020	2020-11-30	2020-11-30	Europe	DEU	Niedersachsen	DEU	20E (EU1)	B.1.177.62	Medizinische Hochschule Hannover Institut für Virologie	Robert Koch Institute	?	B.1.177.62	FALSE	TRUE	FALSE
EPI_ISL_1144924|2020-12-10	EPI_ISL_1144924	Germany/NI-RKI-I-014786/2020	2020-12-10	2020-12-10	Europe	DEU	Niedersachsen	DEU	20E (EU1)	B.1.177.62	Medizinische Hochschule Hannover Institut für Virologie	Robert Koch Institute	?	B.1.177.62	FALSE	TRUE	FALSE
EPI_ISL_1260201|2020-12-21	EPI_ISL_1260201	Switzerland/BS-ETHZ-420377/2020	2020-12-21	2020-12-21	Europe	CHE	Basel-Stadt	CHE	20E (EU1)	B.1.177.62	Viollier AG	Department of Biosystems Science and Engineering, ETH Zürich	Chaoran Chen et al	B.1.177.62	FALSE	FALSE	TRUE
EPI_ISL_1260340|2020-12-21	EPI_ISL_1260340	Switzerland/SO-ETHZ-420364/2020	2020-12-21	2020-12-21	Europe	CHE	Solothurn	CHE	20E (EU1)	B.1.177.62	Viollier AG	Department of Biosystems Science and Engineering, ETH Zürich	Chaoran Chen et al	B.1.177.62	FALSE	FALSE	TRUE
EPI_ISL_1260439|2020-11-21	EPI_ISL_1260439	Switzerland/SZ-ETHZ-521262/2020	2020-11-21	2020-11-21	Europe	CHE	Schwyz	CHE	20E (EU1)	B.1.177.62	Viollier AG	Department of Biosystems Science and Engineering, ETH Zürich	Chaoran Chen et al	B.1.177.62	FALSE	FALSE	TRUE
EPI_ISL_1260547|2020-11-21	EPI_ISL_1260547	Switzerland/ZH-ETHZ-521272/2020	2020-11-21	2020-11-21	Europe	CHE	Zürich	CHE	20E (EU1)	B.1.177.62	Viollier AG	Department of Biosystems Science and Engineering, ETH Zürich	Chaoran Chen et al	B.1.177.62	FALSE	FALSE	TRUE
EPI_ISL_1268859|2020-11-30	EPI_ISL_1268859	Germany/NI-IOV-MHH_19/2020	2020-11-30	2020-11-30	Europe	DEU	Niedersachsen	DEU	20E (EU1)	B.1.177.62	Hannover Medical School, Institute of Virology	Hannover Medical School, Institute of Virology	Lars Steinbrück et al	B.1.177.62	FALSE	TRUE	FALSE
EPI_ISL_1268861|2020-11-30	EPI_ISL_1268861	Germany/NI-IOV-MHH_20/2020	2020-11-30	2020-11-30	Europe	DEU	Niedersachsen	DEU	20E (EU1)	B.1.177.62	Hannover Medical School, Institute of Virology	Hannover Medical School, Institute of Virology	Lars Steinbrück et al	B.1.177.62	FALSE	TRUE	FALSE
EPI_ISL_1588661|2020-12-14	EPI_ISL_1588661	Germany/BW-FR0987/2020	2020-12-14	2020-12-14	Europe	DEU	Baden-Wuerttemberg	DEU	20E (EU1)	B.1.177.62	Institute of Virology, Medical Center, University of Freiburg, Freiburg, Germany	Institute of Virology, Clinial Virus Genomics, Medical Center, University of Freiburg, Freiburg, Germany	Jonas Fuchs et al	B.1.177.62	FALSE	TRUE	FALSE
EPI_ISL_1588670|2020-12-21	EPI_ISL_1588670	Germany/BW-FR0996/2020	2020-12-21	2020-12-21	Europe	DEU	Baden-Wuerttemberg	DEU	20E (EU1)	B.1.177.62	Institute of Virology, Medical Center, University of Freiburg, Freiburg, Germany	Institute of Virology, Clinial Virus Genomics, Medical Center, University of Freiburg, Freiburg, Germany	Jonas Fuchs et al	B.1.177.62	FALSE	TRUE	FALSE
EPI_ISL_1648010|2020-10-27	EPI_ISL_1648010	Germany/SL-SU-20244283/2020	2020-10-27	2020-10-27	Europe	DEU	Saarland	DEU	20E (EU1)	B.1.177.62	Virology, Universitätsklinikum des Saarlandes	Epigenetics, Saarland University	Kathrin Kattler et al	B.1.177.62	FALSE	TRUE	FALSE
EPI_ISL_1658431|2020-12-16	EPI_ISL_1658431	Switzerland/ZH-ETHZ-570009/2020	2020-12-16	2020-12-16	Europe	CHE	Zürich	CHE	20E (EU1)	B.1.177.62	Viollier AG	Department of Biosystems Science and Engineering, ETH Zürich	Christian Beisel et al	B.1.177.62	FALSE	FALSE	TRUE
EPI_ISL_1659267|2020-12-19	EPI_ISL_1659267	Switzerland/BE-ETHZ-571326/2020	2020-12-19	2020-12-19	Europe	CHE	Bern	CHE	20E (EU1)	B.1.177.62	Viollier AG	Department of Biosystems Science and Engineering, ETH Zürich	Chaoran Chen et al	B.1.177.62	FALSE	FALSE	TRUE
EPI_ISL_1659456|2020-12-19	EPI_ISL_1659456	Switzerland/ZH-ETHZ-571213/2020	2020-12-19	2020-12-19	Europe	CHE	Zürich	CHE	20E (EU1)	B.1.177.62	Viollier AG	Department of Biosystems Science and Engineering, ETH Zürich	Chaoran Chen et al	B.1.177.62	FALSE	FALSE	TRUE
EPI_ISL_1682219|2020-12-23	EPI_ISL_1682219	Switzerland/AG-ETHZ-560663/2020	2020-12-23	2020-12-23	Europe	CHE	Aargau	CHE	20E (EU1)	B.1.177.62	Viollier AG	Department of Biosystems Science and Engineering, ETH Zürich	Chaoran Chen et al	B.1.177.62	FALSE	FALSE	TRUE
EPI_ISL_1682906|2020-12-26	EPI_ISL_1682906	Switzerland/ZH-ETHZ-560437/2020	2020-12-26	2020-12-26	Europe	CHE	Zürich	CHE	20E (EU1)	B.1.177.62	Viollier AG	Department of Biosystems Science and Engineering, ETH Zürich	Chaoran Chen et al	B.1.177.62	FALSE	FALSE	TRUE
EPI_ISL_402125|2019-12-26	EPI_ISL_402125	Wuhan/Hu-1/2019	2019-12-26	2019-12-26	Asia	CHN	Hubei	CHN	19A	B	National Institute for Communicable Disease Control and Prevention (ICDC) Chinese Center for Disease Control and Prevention (China CDC)	National Institute for Communicable Disease Control and Prevention (ICDC) Chinese Center for Disease Control and Prevention (China CDC)	Zhang et al	B	FALSE	FALSE	FALSE
EPI_ISL_406798|2019-12-26	EPI_ISL_406798	Wuhan/WH01/2019	2019-12-26	2019-12-26	Asia	CHN	Hubei	CHN	19A	B	General Hospital of Central Theater Command of People's Liberation Army of China	BGI & Institute of Microbiology, Chinese Academy of Sciences & Shandong First Medical University & Shandong Academy of Medical Sciences & General Hospital of Central Theater Command of People's Liberation Army of China	Weijun Chen et al	B	FALSE	FALSE	FALSE
EPI_ISL_667734|2020-11-13	EPI_ISL_667734	Japan/IC-0305/2020	2020-11-13	2020-11-13	Asia	JPN	Japan	DEU	20E (EU1)	B.1.177.62	Pathogen Genomics Center, National Institute of Infectious Diseases	Pathogen Genomics Center, National Institute of Infectious Diseases	Tsuyoshi Sekizuka et al	B.1.177.62	FALSE	TRUE	FALSE
EPI_ISL_718088|2020-11-11	EPI_ISL_718088	Germany/NW-HHU-414/2020	2020-11-11	2020-11-11	Europe	DEU	North Rhine Westphalia	DEU	20E (EU1)	B.1.177.62	ZOTZ KLIMAS MVZ Düsseldorf-Centrum GbR ÜBAG für Labormedizin, Genetik, Zytologie, Pathologie	Center of Medical Microbiology, Virology, and Hospital Hygiene, University of Duesseldorf	Maximilian Damagnez et al	B.1.177.62	FALSE	TRUE	FALSE
EPI_ISL_864558|2020-12-16	EPI_ISL_864558	Germany/NW-IMB14770/2020	2020-12-16	2020-12-16	Europe	DEU	North Rhine Westphalia	DEU	20E (EU1)	B.1.177.62	Knappschaftskrankenhaus Bochum	Bundeswehr Institute of Microbiology	Markus Antwerpen et al	B.1.177.62	FALSE	TRUE	FALSE
EPI_ISL_864560|2020-12-17	EPI_ISL_864560	Germany/NW-IMB14657/2020	2020-12-17	2020-12-17	Europe	DEU	North Rhine Westphalia	DEU	20E (EU1)	B.1.177.62	Knappschaftskrankenhaus Bochum	Bundeswehr Institute of Microbiology	Markus Antwerpen et al	B.1.177.62	FALSE	TRUE	FALSE
EPI_ISL_893743|2020-12-25	EPI_ISL_893743	Germany/BW-FR0381/2020	2020-12-25	2020-12-25	Europe	DEU	Baden-Wuerttemberg	DEU	20E (EU1)	B.1.177.62	Institute of Virology, Medical Center, University of Freiburg, Freiburg, Germany	Institute of Virology, Clinial Virus Genomics, Medical Center, University of Freiburg, Freiburg, Germany	Jonas Fuchs et al	B.1.177.62	FALSE	TRUE	FALSE
EPI_ISL_899764|2020-12-25	EPI_ISL_899764	Switzerland/SZ-ETHZ-430828/2020	2020-12-25	2020-12-25	Europe	CHE	Schwyz	CHE	20E (EU1)	B.1.177.62	Viollier AG	Department of Biosystems Science and Engineering, ETH Zürich	Christian Beisel et al	B.1.177.62	FALSE	FALSE	TRUE
