tree_label	gisaid_epi_isl	strain	date_str	date	region	iso_country	division	iso_country_exposure	nextstrain_clade	pangolin_lineage	originating_lab	submitting_lab	authors	tree_pangolin_lineage	travel_context	similarity_context	focal_sequence
EPI_ISL_1123401|2020-06	EPI_ISL_1123401	Japan/TKY20098/2020	2020-06	2020-06-01	Asia	JPN	Tokyo	JPN	20B	B.1.1.214	Tokyo Metropolitan Institute of Public Health	Tokyo Metropolitan Institute of Public Health	Masaki Hayashi et al	B.1.1.214	FALSE	TRUE	FALSE
EPI_ISL_1408703|2020-12-01	EPI_ISL_1408703	Switzerland/SG-ETHZ-520865/2020	2020-12-01	2020-12-01	Europe	CHE	Sankt Gallen	CHE	20B	B.1.1.214	Viollier AG	Department of Biosystems Science and Engineering, ETH Zürich	Chaoran Chen et al	B.1.1.214	FALSE	FALSE	TRUE
EPI_ISL_1599130|2020-12-09	EPI_ISL_1599130	Switzerland/ZH-ETHZ-550655/2020	2020-12-09	2020-12-09	Europe	CHE	Zürich	CHE	20B	B.1.1.214	Viollier AG	Department of Biosystems Science and Engineering, ETH Zürich	Chaoran Chen et al	B.1.1.214	FALSE	FALSE	TRUE
EPI_ISL_402125|2019-12-26	EPI_ISL_402125	Wuhan/Hu-1/2019	2019-12-26	2019-12-26	Asia	CHN	Hubei	CHN	19A	B	National Institute for Communicable Disease Control and Prevention (ICDC) Chinese Center for Disease Control and Prevention (China CDC)	National Institute for Communicable Disease Control and Prevention (ICDC) Chinese Center for Disease Control and Prevention (China CDC)	Zhang et al	B	FALSE	FALSE	FALSE
EPI_ISL_406798|2019-12-26	EPI_ISL_406798	Wuhan/WH01/2019	2019-12-26	2019-12-26	Asia	CHN	Hubei	CHN	19A	B	General Hospital of Central Theater Command of People's Liberation Army of China	BGI & Institute of Microbiology, Chinese Academy of Sciences & Shandong First Medical University & Shandong Academy of Medical Sciences & General Hospital of Central Theater Command of People's Liberation Army of China	Weijun Chen et al	B	FALSE	FALSE	FALSE
EPI_ISL_686484|2020-08-18	EPI_ISL_686484	Japan/PG-8938/2020	2020-08-18	2020-08-18	Asia	JPN	Japan	JPN	20B	B.1.1.214	Pathogen Genomics Center, National Institute of Infectious Diseases	Pathogen Genomics Center, National Institute of Infectious Diseases	Tsuyoshi Sekizuka et al	B.1.1.214	FALSE	TRUE	FALSE
EPI_ISL_686874|2020-06-01	EPI_ISL_686874	Japan/PG-7772/2020	2020-06-01	2020-06-01	Asia	JPN	Japan	JPN	20B	B.1.1.214	Pathogen Genomics Center, National Institute of Infectious Diseases	Pathogen Genomics Center, National Institute of Infectious Diseases	Tsuyoshi Sekizuka et al	B.1.1.214	FALSE	TRUE	FALSE
EPI_ISL_692603|2020-06-22	EPI_ISL_692603	Japan/PG-4376/2020	2020-06-22	2020-06-22	Asia	JPN	Japan	JPN	20B	B.1.1.214	Pathogen Genomics Center, National Institute of Infectious Diseases	Pathogen Genomics Center, National Institute of Infectious Diseases	Tsuyoshi Sekizuka et al	B.1.1.214	FALSE	TRUE	FALSE
