tree_label	gisaid_epi_isl	strain	date_str	date	region	iso_country	division	iso_country_exposure	nextstrain_clade	pangolin_lineage	originating_lab	submitting_lab	authors	tree_pangolin_lineage	travel_context	similarity_context	focal_sequence
EPI_ISL_402125|2019-12-26	EPI_ISL_402125	Wuhan/Hu-1/2019	2019-12-26	2019-12-26	Asia	CHN	Hubei	CHN	19A	B	National Institute for Communicable Disease Control and Prevention (ICDC) Chinese Center for Disease Control and Prevention (China CDC)	National Institute for Communicable Disease Control and Prevention (ICDC) Chinese Center for Disease Control and Prevention (China CDC)	Zhang et al	B	FALSE	FALSE	FALSE
EPI_ISL_406798|2019-12-26	EPI_ISL_406798	Wuhan/WH01/2019	2019-12-26	2019-12-26	Asia	CHN	Hubei	CHN	19A	B	General Hospital of Central Theater Command of People's Liberation Army of China	BGI & Institute of Microbiology, Chinese Academy of Sciences & Shandong First Medical University & Shandong Academy of Medical Sciences & General Hospital of Central Theater Command of People's Liberation Army of China	Weijun Chen et al	B	FALSE	FALSE	FALSE
EPI_ISL_419748|2020-03-10	EPI_ISL_419748	Australia/VIC29/2020	2020-03-10	2020-03-10	Oceania	AUS	Victoria	AUS	20B	B.1.1.71	Victorian Infectious Diseases Reference Laboratory (VIDRL)	Victorian Infectious Diseases Reference Laboratory and Microbiological Diagnostic Unit Public Health Laboratory, Doherty Institute	Caly L. et al	B.1.1.71	FALSE	TRUE	FALSE
EPI_ISL_451752|2020-03-25	EPI_ISL_451752	Switzerland/VD-ETHZ-100802/2020	2020-03-25	2020-03-25	Europe	CHE	Vaud	CHE	20B	B.1.1.71	Viollier AG	Department of Biosystems Science and Engineering, ETH Zürich	Christian Beisel et al	B.1.1.71	FALSE	FALSE	TRUE
EPI_ISL_528063|2020-03-13	EPI_ISL_528063	Switzerland/BS-UHB-42190251/2020	2020-03-13	2020-03-13	Europe	CHE	Basel-Stadt	CHE	20B	B.1.1.71	University Hospital Basel, Clinical Virology	University Hospital Basel, Clinical Bacteriology	Madlen Stange et al	B.1.1.71	FALSE	FALSE	TRUE
EPI_ISL_534830|2020-03-24	EPI_ISL_534830	England/OXON-B2F79/2020	2020-03-24	2020-03-24	Europe	GBR	England	GBR	20B	B.1.1.71	Oxford Viromics, NDM, University of Oxford; Oxford University Hospitals; Basingstoke and North Hampshire Hospital	COVID-19 Genomics UK (COG-UK) Consortium	Tanya Golubchik et al	B.1.1.71	FALSE	TRUE	FALSE
EPI_ISL_561370|2020-03-26	EPI_ISL_561370	Spain/CN-IBV-97006490/2020	2020-03-26	2020-03-26	Europe	ESP	Canary Islands	ESP	20B	B.1.1.71	Hospital Universitario de Gran Canaria Dr. Negrín	SeqCOVID-SPAIN consortium/IBV(CSIC)	M. Carmen Pérez González et al	B.1.1.71	FALSE	TRUE	FALSE
EPI_ISL_698647|2020-05-18	EPI_ISL_698647	UnitedArabEmirates/0478/2020	2020-05-18	2020-05-18	Asia	ARE	Abu Dhabi	ARE	20B	B.1.1.71	Group 42 (G42) Healthcare, Abu Dhabi, United Arab Emirates; Department of Health, The United Arab Emirates	G42 Healthcare	Rong Liu et al	B.1.1.71	FALSE	TRUE	FALSE
