tree_label	gisaid_epi_isl	strain	date_str	date	region	iso_country	division	iso_country_exposure	nextstrain_clade	pangolin_lineage	originating_lab	submitting_lab	authors	tree_pangolin_lineage	travel_context	similarity_context	focal_sequence
EPI_ISL_402125|2019-12-26	EPI_ISL_402125	Wuhan/Hu-1/2019	2019-12-26	2019-12-26	Asia	CHN	Hubei	CHN	19A	B	National Institute for Communicable Disease Control and Prevention (ICDC) Chinese Center for Disease Control and Prevention (China CDC)	National Institute for Communicable Disease Control and Prevention (ICDC) Chinese Center for Disease Control and Prevention (China CDC)	Zhang et al	B	FALSE	FALSE	FALSE
EPI_ISL_406798|2019-12-26	EPI_ISL_406798	Wuhan/WH01/2019	2019-12-26	2019-12-26	Asia	CHN	Hubei	CHN	19A	B	General Hospital of Central Theater Command of People's Liberation Army of China	BGI & Institute of Microbiology, Chinese Academy of Sciences & Shandong First Medical University & Shandong Academy of Medical Sciences & General Hospital of Central Theater Command of People's Liberation Army of China	Weijun Chen et al	B	FALSE	FALSE	FALSE
EPI_ISL_581703|2020-04-15	EPI_ISL_581703	Switzerland/BS-42232763/2020	2020-04-15	2020-04-15	Europe	CHE	Basel-Stadt	CHE	20B	B.1.1.28	University Hospital Basel, Clinical Virology	University Hospital Basel, Clinical Bacteriology	Madlen Stange et al	B.1.1.28	FALSE	FALSE	TRUE
EPI_ISL_861912|2020-03-21	EPI_ISL_861912	Brazil/SP-HIAE-ID48/2020	2020-03-21	2020-03-21	South America	BRA	São Paulo	BRA	20B	B.1.1.28	LATE - Laboratório de Técnicas Especiais - Hospital Israelita Albert Einstein	LATE - Laboratório de Técnicas Especiais - Hospital Israelita Albert Einstein	Deyvid Amgarten et al	B.1.1.28	FALSE	TRUE	FALSE
EPI_ISL_861913|2020-03-20	EPI_ISL_861913	Brazil/SP-HIAE-ID49/2020	2020-03-20	2020-03-20	South America	BRA	São Paulo	BRA	20B	B.1.1.28	LATE - Laboratório de Técnicas Especiais - Hospital Israelita Albert Einstein	LATE - Laboratório de Técnicas Especiais - Hospital Israelita Albert Einstein	Deyvid Amgarten et al	B.1.1.28	FALSE	TRUE	FALSE
