tree_label	gisaid_epi_isl	strain	date_str	date	region	iso_country	division	iso_country_exposure	nextstrain_clade	pangolin_lineage	originating_lab	submitting_lab	authors	tree_pangolin_lineage	travel_context	similarity_context	focal_sequence
EPI_ISL_1004877|2020-12-28	EPI_ISL_1004877	Switzerland/BE-ETHZ-431339/2020	2020-12-28	2020-12-28	Europe	CHE	Bern	CHE	20A	B.1.36.35	Viollier AG	Department of Biosystems Science and Engineering, ETH Zürich	Chaoran Chen et al	B.1.36.35	FALSE	FALSE	TRUE
EPI_ISL_1004928|2020-12-28	EPI_ISL_1004928	Switzerland/BE-ETHZ-431336/2020	2020-12-28	2020-12-28	Europe	CHE	Bern	CHE	20A	B.1.36.35	Viollier AG	Department of Biosystems Science and Engineering, ETH Zürich	Chaoran Chen et al	B.1.36.35	FALSE	FALSE	TRUE
EPI_ISL_1004929|2020-12-28	EPI_ISL_1004929	Switzerland/BE-ETHZ-431338/2020	2020-12-28	2020-12-28	Europe	CHE	Bern	CHE	20A	B.1.36.35	Viollier AG	Department of Biosystems Science and Engineering, ETH Zürich	Chaoran Chen et al	B.1.36.35	FALSE	FALSE	TRUE
EPI_ISL_1129464|2020-12-28	EPI_ISL_1129464	Switzerland/BE-ETHZ-431058/2020	2020-12-28	2020-12-28	Europe	CHE	Bern	CHE	20A	B.1.36.35	Viollier AG	Department of Biosystems Science and Engineering, ETH Zürich	Christian Beisel et al	B.1.36.35	FALSE	FALSE	TRUE
EPI_ISL_1192166|2020-12-21	EPI_ISL_1192166	Norway/7681/2020	2020-12-21	2020-12-21	Europe	NOR	Innlandet	NOR	20A	B.1.36.35	Innlandet Hospital Trust, Division Lillehammer, Department for Medical Microbiology	Norwegian Institute of Public Health, Department of Virology	Kathrine Stene-Johansen et al	B.1.36.35	FALSE	TRUE	FALSE
EPI_ISL_1192189|2020-12-08	EPI_ISL_1192189	Norway/7682/2020	2020-12-08	2020-12-08	Europe	NOR	Innlandet	NOR	20A	B.1.36.35	Innlandet Hospital Trust, Division Lillehammer, Department for Medical Microbiology	Norwegian Institute of Public Health, Department of Virology	Kathrine Stene-Johansen et al	B.1.36.35	FALSE	TRUE	FALSE
EPI_ISL_1251326|2020-12-22	EPI_ISL_1251326	Norway/7253/2020	2020-12-22	2020-12-22	Europe	NOR	Viken	NOR	20A	B.1.36.35	Medical Microbiology Unit, Department for Laboratory Medicine, Drammen Hospital, Vestre Viken Health Trust,	Norwegian Institute of Public Health, Department of Virology	Kathrine Stene-Johansen et al	B.1.36.35	FALSE	TRUE	FALSE
EPI_ISL_1251371|2020-12-10	EPI_ISL_1251371	Norway/7358/2020	2020-12-10	2020-12-10	Europe	NOR	Innlandet	NOR	20A	B.1.36.35	Innlandet Hospital Trust, Division Lillehammer, Department for Medical Microbiology	Norwegian Institute of Public Health, Department of Virology	Kathrine Stene-Johansen et al	B.1.36.35	FALSE	TRUE	FALSE
EPI_ISL_1251372|2020-12-12	EPI_ISL_1251372	Norway/7360/2020	2020-12-12	2020-12-12	Europe	NOR	Innlandet	NOR	20A	B.1.36.35	Innlandet Hospital Trust, Division Lillehammer, Department for Medical Microbiology	Norwegian Institute of Public Health, Department of Virology	Kathrine Stene-Johansen et al	B.1.36.35	FALSE	TRUE	FALSE
EPI_ISL_1251373|2020-12-10	EPI_ISL_1251373	Norway/7362/2020	2020-12-10	2020-12-10	Europe	NOR	Innlandet	NOR	20A	B.1.36.35	Innlandet Hospital Trust, Division Lillehammer, Department for Medical Microbiology	Norwegian Institute of Public Health, Department of Virology	Kathrine Stene-Johansen et al	B.1.36.35	FALSE	TRUE	FALSE
EPI_ISL_1259515|2020-12-30	EPI_ISL_1259515	Switzerland/ZH-ETHZ-430621/2020	2020-12-30	2020-12-30	Europe	CHE	Zürich	CHE	20A	B.1.36.35	Viollier AG	Department of Biosystems Science and Engineering, ETH Zürich	Chaoran Chen et al	B.1.36.35	FALSE	FALSE	TRUE
EPI_ISL_1259568|2020-12-30	EPI_ISL_1259568	Switzerland/ZH-ETHZ-430599/2020	2020-12-30	2020-12-30	Europe	CHE	Zürich	CHE	20A	B.1.36.35	Viollier AG	Department of Biosystems Science and Engineering, ETH Zürich	Chaoran Chen et al	B.1.36.35	FALSE	FALSE	TRUE
EPI_ISL_1260579|2020-11-22	EPI_ISL_1260579	Switzerland/ZH-ETHZ-521339/2020	2020-11-22	2020-11-22	Europe	CHE	Zürich	CHE	20A	B.1.36.35	Viollier AG	Department of Biosystems Science and Engineering, ETH Zürich	Chaoran Chen et al	B.1.36.35	FALSE	FALSE	TRUE
EPI_ISL_1260596|2020-12-02	EPI_ISL_1260596	Switzerland/ZH-ETHZ-521483/2020	2020-12-02	2020-12-02	Europe	CHE	Zürich	CHE	20A	B.1.36.35	Viollier AG	Department of Biosystems Science and Engineering, ETH Zürich	Chaoran Chen et al	B.1.36.35	FALSE	FALSE	TRUE
EPI_ISL_1260597|2020-12-03	EPI_ISL_1260597	Switzerland/ZH-ETHZ-521552/2020	2020-12-03	2020-12-03	Europe	CHE	Zürich	CHE	20A	B.1.36.35	Viollier AG	Department of Biosystems Science and Engineering, ETH Zürich	Chaoran Chen et al	B.1.36.35	FALSE	FALSE	TRUE
EPI_ISL_1380176|2020-10-11	EPI_ISL_1380176	India/TG-CCMB-AR580/2020	2020-10-11	2020-10-11	Asia	IND	Telangana	IND	20A	B.1.36.35	CSIR-Centre for Cellular and Molecular Biology	CSIR-Centre for Cellular and Molecular Biology-INSACOG	Payel Mukherjee et al	B.1.36.35	FALSE	TRUE	FALSE
EPI_ISL_1490271|2020-11-25	EPI_ISL_1490271	Norway/6236/2020	2020-11-25	2020-11-25	Europe	NOR	Vestland	NOR	20A	B.1.36.35	Haukeland University Hospital, Dept. of Microbiology	Norwegian Institute of Public Health, Department of Virology	Kathrine Stene-Johansen et al	B.1.36.35	FALSE	TRUE	FALSE
EPI_ISL_1490279|2020-12-26	EPI_ISL_1490279	Norway/7237/2020	2020-12-26	2020-12-26	Europe	NOR	Viken	NOR	20A	B.1.36.35	Norwegian Institute of Public Health, Department of Virology	Norwegian Institute of Public Health, Department of Virology	Kathrine Stene-Johansen et al	B.1.36.35	FALSE	TRUE	FALSE
EPI_ISL_1496030|2020-12-15	EPI_ISL_1496030	Switzerland/LU-ETHZ-551451/2020	2020-12-15	2020-12-15	Europe	CHE	Lucerne	CHE	20A	B.1.36.35	Viollier AG	Department of Biosystems Science and Engineering, ETH Zürich	Chaoran Chen et al	B.1.36.35	FALSE	FALSE	TRUE
EPI_ISL_1496322|2020-12-14	EPI_ISL_1496322	Switzerland/AG-ETHZ-551438/2020	2020-12-14	2020-12-14	Europe	CHE	Aargau	CHE	20A	B.1.36.35	Viollier AG	Department of Biosystems Science and Engineering, ETH Zürich	Chaoran Chen et al	B.1.36.35	FALSE	FALSE	TRUE
EPI_ISL_1498224|2020-10-23	EPI_ISL_1498224	Netherlands/OV-RIVM-21837/2020	2020-10-23	2020-10-23	Europe	NLD	Overijssel	NLD	20A	B.1.36.35	Dutch COVID-19 response team	National Institute for Public Health and the Environment (RIVM)	Adam Meijer et al	B.1.36.35	FALSE	TRUE	FALSE
EPI_ISL_1598695|2020-12-14	EPI_ISL_1598695	Switzerland/SG-ETHZ-550725/2020	2020-12-14	2020-12-14	Europe	CHE	Sankt Gallen	CHE	20A	B.1.36.35	Viollier AG	Department of Biosystems Science and Engineering, ETH Zürich	Chaoran Chen et al	B.1.36.35	FALSE	FALSE	TRUE
EPI_ISL_1598777|2020-12-08	EPI_ISL_1598777	Switzerland/AG-ETHZ-550556/2020	2020-12-08	2020-12-08	Europe	CHE	Aargau	CHE	20A	B.1.36.35	Viollier AG	Department of Biosystems Science and Engineering, ETH Zürich	Chaoran Chen et al	B.1.36.35	FALSE	FALSE	TRUE
EPI_ISL_1598910|2020-12-13	EPI_ISL_1598910	Switzerland/BE-ETHZ-551308/2020	2020-12-13	2020-12-13	Europe	CHE	Bern	CHE	20A	B.1.36.35	Viollier AG	Department of Biosystems Science and Engineering, ETH Zürich	Chaoran Chen et al	B.1.36.35	FALSE	FALSE	TRUE
EPI_ISL_1658377|2020-12-16	EPI_ISL_1658377	Switzerland/LU-ETHZ-570048/2020	2020-12-16	2020-12-16	Europe	CHE	Lucerne	CHE	20A	B.1.36.35	Viollier AG	Department of Biosystems Science and Engineering, ETH Zürich	Christian Beisel et al	B.1.36.35	FALSE	FALSE	TRUE
EPI_ISL_1658668|2020-12-17	EPI_ISL_1658668	Switzerland/LU-ETHZ-570394/2020	2020-12-17	2020-12-17	Europe	CHE	Lucerne	CHE	20A	B.1.36.35	Viollier AG	Department of Biosystems Science and Engineering, ETH Zürich	Chaoran Chen et al	B.1.36.35	FALSE	FALSE	TRUE
EPI_ISL_1659232|2020-12-18	EPI_ISL_1659232	Switzerland/AG-ETHZ-571194/2020	2020-12-18	2020-12-18	Europe	CHE	Aargau	CHE	20A	B.1.36.35	Viollier AG	Department of Biosystems Science and Engineering, ETH Zürich	Chaoran Chen et al	B.1.36.35	FALSE	FALSE	TRUE
EPI_ISL_1659416|2020-12-23	EPI_ISL_1659416	Switzerland/ZH-ETHZ-570529/2020	2020-12-23	2020-12-23	Europe	CHE	Zürich	CHE	20A	B.1.36.35	Viollier AG	Department of Biosystems Science and Engineering, ETH Zürich	Chaoran Chen et al	B.1.36.35	FALSE	FALSE	TRUE
EPI_ISL_1683004|2020-12-27	EPI_ISL_1683004	Switzerland/ZH-ETHZ-560496/2020	2020-12-27	2020-12-27	Europe	CHE	Zürich	CHE	20A	B.1.36.35	Viollier AG	Department of Biosystems Science and Engineering, ETH Zürich	Chaoran Chen et al	B.1.36.35	FALSE	FALSE	TRUE
EPI_ISL_1750520|2020-12-23	EPI_ISL_1750520	Switzerland/AG-ETHZ-580699/2020	2020-12-23	2020-12-23	Europe	CHE	Aargau	CHE	20A	B.1.36.35	Viollier AG	Department of Biosystems Science and Engineering, ETH Zürich	Chaoran Chen et al	B.1.36.35	FALSE	FALSE	TRUE
EPI_ISL_1750936|2020-12-24	EPI_ISL_1750936	Switzerland/ZH-ETHZ-580736/2020	2020-12-24	2020-12-24	Europe	CHE	Zürich	CHE	20A	B.1.36.35	Viollier AG	Department of Biosystems Science and Engineering, ETH Zürich	Chaoran Chen et al	B.1.36.35	FALSE	FALSE	TRUE
EPI_ISL_2013328|2020-07-10	EPI_ISL_2013328	USA/TX-CDC-IBX373024872248/2020	2020-07-10	2020-07-10	North America	USA	Texas	USA	20A	B.1.36.35	Infinity Biologix	Centers for Disease Control and Prevention Division of Viral Diseases, Pathogen Discovery	Dakota Howard et al	B.1.36.35	FALSE	TRUE	FALSE
EPI_ISL_402125|2019-12-26	EPI_ISL_402125	Wuhan/Hu-1/2019	2019-12-26	2019-12-26	Asia	CHN	Hubei	CHN	19A	B	National Institute for Communicable Disease Control and Prevention (ICDC) Chinese Center for Disease Control and Prevention (China CDC)	National Institute for Communicable Disease Control and Prevention (ICDC) Chinese Center for Disease Control and Prevention (China CDC)	Zhang et al	B	FALSE	FALSE	FALSE
EPI_ISL_406798|2019-12-26	EPI_ISL_406798	Wuhan/WH01/2019	2019-12-26	2019-12-26	Asia	CHN	Hubei	CHN	19A	B	General Hospital of Central Theater Command of People's Liberation Army of China	BGI & Institute of Microbiology, Chinese Academy of Sciences & Shandong First Medical University & Shandong Academy of Medical Sciences & General Hospital of Central Theater Command of People's Liberation Army of China	Weijun Chen et al	B	FALSE	FALSE	FALSE
EPI_ISL_589064|2020-09-25	EPI_ISL_589064	England/QEUH-9F9A7C/2020	2020-09-25	2020-09-25	Europe	GBR	England	GBR	20A	B.1.36.35	Lighthouse Lab in Glasgow	Wellcome Sanger Institute for the COVID-19 Genomics UK (COG-UK) consortium	Harper VanSteenhouse et al	B.1.36.35	FALSE	TRUE	FALSE
EPI_ISL_597228|2020-10-08	EPI_ISL_597228	England/CAMC-A58922/2020	2020-10-08	2020-10-08	Europe	GBR	England	GBR	20A	B.1.36.35	Lighthouse Lab in Cambridge	Wellcome Sanger Institute for the COVID-19 Genomics UK (COG-UK) consortium	Rob Howes et al	B.1.36.35	FALSE	TRUE	FALSE
EPI_ISL_599302|2020-10-01	EPI_ISL_599302	England/QEUH-A0AC35/2020	2020-10-01	2020-10-01	Europe	GBR	England	GBR	20A	B.1.36.35	Lighthouse Lab in Glasgow	Wellcome Sanger Institute for the COVID-19 Genomics UK (COG-UK) consortium	Harper VanSteenhouse et al	B.1.36.35	FALSE	TRUE	FALSE
EPI_ISL_608707|2020-10-10	EPI_ISL_608707	England/MILK-A6B0DC/2020	2020-10-10	2020-10-10	Europe	GBR	England	GBR	20A	B.1.36.35	Lighthouse Lab in Milton Keynes	Wellcome Sanger Institute for the COVID-19 Genomics UK (COG-UK) consortium	The Lighthouse Lab in Milton Keynes et al	B.1.36.35	FALSE	TRUE	FALSE
EPI_ISL_609387|2020-10-07	EPI_ISL_609387	England/CAMC-A41BCC/2020	2020-10-07	2020-10-07	Europe	GBR	England	GBR	20A	B.1.36.35	Lighthouse Lab in Cambridge	Wellcome Sanger Institute for the COVID-19 Genomics UK (COG-UK) consortium	Rob Howes et al	B.1.36.35	FALSE	TRUE	FALSE
EPI_ISL_609606|2020-10-05	EPI_ISL_609606	England/CAMC-A3E737/2020	2020-10-05	2020-10-05	Europe	GBR	England	GBR	20A	B.1.36.35	Lighthouse Lab in Cambridge	Wellcome Sanger Institute for the COVID-19 Genomics UK (COG-UK) consortium	Rob Howes et al	B.1.36.35	FALSE	TRUE	FALSE
EPI_ISL_617199|2020-10-26	EPI_ISL_617199	Denmark/DCGC-8125/2020	2020-10-26	2020-10-26	Europe	DNK	Hovedstaden	DNK	20A	B.1.36.35	Department of Virus and Microbiological Special Diagnostics, Statens Serum Institut, Denmark	Albertsen lab, Department of Chemistry and Bioscience, Aalborg University, Denmark	Danish Covid-19 Genome Consortia et al	B.1.36.35	FALSE	TRUE	FALSE
EPI_ISL_619871|2020-10-12	EPI_ISL_619871	Denmark/DCGC-7024/2020	2020-10-12	2020-10-12	Europe	DNK	Hovedstaden	DNK	20A	B.1.36.35	Department of Virus and Microbiological Special Diagnostics, Statens Serum Institut, Denmark	Albertsen lab, Department of Chemistry and Bioscience, Aalborg University, Denmark	Danish Covid-19 Genome Consortia et al	B.1.36.35	FALSE	TRUE	FALSE
EPI_ISL_625875|2020-10-26	EPI_ISL_625875	Denmark/DCGC-8604/2020	2020-10-26	2020-10-26	Europe	DNK	Sjaelland	DNK	20A	B.1.36.35	Department of Virus and Microbiological Special Diagnostics, Statens Serum Institut, Denmark	Albertsen lab, Department of Chemistry and Bioscience, Aalborg University, Denmark	Danish Covid-19 Genome Consortia et al	B.1.36.35	FALSE	TRUE	FALSE
EPI_ISL_637388|2020-10-15	EPI_ISL_637388	England/CAMB-1B83B2/2020	2020-10-15	2020-10-15	Europe	GBR	England	GBR	20A	B.1.36.35	Department of Pathology, University of Cambridge	COVID-19 Genomics UK (COG-UK) Consortium	Aminu S. Jahun et al	B.1.36.35	FALSE	TRUE	FALSE
EPI_ISL_637389|2020-10-13	EPI_ISL_637389	England/CAMB-1B85BC/2020	2020-10-13	2020-10-13	Europe	GBR	England	GBR	20A	B.1.36.35	Department of Pathology, University of Cambridge	COVID-19 Genomics UK (COG-UK) Consortium	Aminu S. Jahun et al	B.1.36.35	FALSE	TRUE	FALSE
EPI_ISL_637472|2020-10-13	EPI_ISL_637472	England/CAMB-1B7D4C/2020	2020-10-13	2020-10-13	Europe	GBR	England	GBR	20A	B.1.36.35	Department of Pathology, University of Cambridge	COVID-19 Genomics UK (COG-UK) Consortium	Aminu S. Jahun et al	B.1.36.35	FALSE	TRUE	FALSE
EPI_ISL_637473|2020-10-13	EPI_ISL_637473	England/CAMB-1B7D6A/2020	2020-10-13	2020-10-13	Europe	GBR	England	GBR	20A	B.1.36.35	Department of Pathology, University of Cambridge	COVID-19 Genomics UK (COG-UK) Consortium	Aminu S. Jahun et al	B.1.36.35	FALSE	TRUE	FALSE
EPI_ISL_637512|2020-10-19	EPI_ISL_637512	England/CAMB-1B815E/2020	2020-10-19	2020-10-19	Europe	GBR	England	GBR	20A	B.1.36.35	Department of Pathology, University of Cambridge	COVID-19 Genomics UK (COG-UK) Consortium	Aminu S. Jahun et al	B.1.36.35	FALSE	TRUE	FALSE
EPI_ISL_637728|2020-10-14	EPI_ISL_637728	England/CAMB-1B7CF4/2020	2020-10-14	2020-10-14	Europe	GBR	England	GBR	20A	B.1.36.35	Department of Pathology, University of Cambridge	COVID-19 Genomics UK (COG-UK) Consortium	Aminu S. Jahun et al	B.1.36.35	FALSE	TRUE	FALSE
EPI_ISL_637729|2020-10-13	EPI_ISL_637729	England/CAMB-1B7D00/2020	2020-10-13	2020-10-13	Europe	GBR	England	GBR	20A	B.1.36.35	Department of Pathology, University of Cambridge	COVID-19 Genomics UK (COG-UK) Consortium	Aminu S. Jahun et al	B.1.36.35	FALSE	TRUE	FALSE
EPI_ISL_637731|2020-10-14	EPI_ISL_637731	England/CAMB-1B7DB5/2020	2020-10-14	2020-10-14	Europe	GBR	England	GBR	20A	B.1.36.35	Department of Pathology, University of Cambridge	COVID-19 Genomics UK (COG-UK) Consortium	Aminu S. Jahun et al	B.1.36.35	FALSE	TRUE	FALSE
EPI_ISL_637732|2020-10-13	EPI_ISL_637732	England/CAMB-1B7DC4/2020	2020-10-13	2020-10-13	Europe	GBR	England	GBR	20A	B.1.36.35	Department of Pathology, University of Cambridge	COVID-19 Genomics UK (COG-UK) Consortium	Aminu S. Jahun et al	B.1.36.35	FALSE	TRUE	FALSE
EPI_ISL_637733|2020-10-14	EPI_ISL_637733	England/CAMB-1B7E76/2020	2020-10-14	2020-10-14	Europe	GBR	England	GBR	20A	B.1.36.35	Department of Pathology, University of Cambridge	COVID-19 Genomics UK (COG-UK) Consortium	Aminu S. Jahun et al	B.1.36.35	FALSE	TRUE	FALSE
EPI_ISL_637734|2020-10-13	EPI_ISL_637734	England/CAMB-1B7EC1/2020	2020-10-13	2020-10-13	Europe	GBR	England	GBR	20A	B.1.36.35	Department of Pathology, University of Cambridge	COVID-19 Genomics UK (COG-UK) Consortium	Aminu S. Jahun et al	B.1.36.35	FALSE	TRUE	FALSE
EPI_ISL_637736|2020-10-13	EPI_ISL_637736	England/CAMB-1B7F64/2020	2020-10-13	2020-10-13	Europe	GBR	England	GBR	20A	B.1.36.35	Department of Pathology, University of Cambridge	COVID-19 Genomics UK (COG-UK) Consortium	Aminu S. Jahun et al	B.1.36.35	FALSE	TRUE	FALSE
EPI_ISL_637737|2020-10-19	EPI_ISL_637737	England/CAMB-1B81D6/2020	2020-10-19	2020-10-19	Europe	GBR	England	GBR	20A	B.1.36.35	Department of Pathology, University of Cambridge	COVID-19 Genomics UK (COG-UK) Consortium	Aminu S. Jahun et al	B.1.36.35	FALSE	TRUE	FALSE
EPI_ISL_637738|2020-10-22	EPI_ISL_637738	England/CAMB-1B826A/2020	2020-10-22	2020-10-22	Europe	GBR	England	GBR	20A	B.1.36.35	Department of Pathology, University of Cambridge	COVID-19 Genomics UK (COG-UK) Consortium	Aminu S. Jahun et al	B.1.36.35	FALSE	TRUE	FALSE
EPI_ISL_637741|2020-10-19	EPI_ISL_637741	England/CAMB-1B82D3/2020	2020-10-19	2020-10-19	Europe	GBR	England	GBR	20A	B.1.36.35	Department of Pathology, University of Cambridge	COVID-19 Genomics UK (COG-UK) Consortium	Aminu S. Jahun et al	B.1.36.35	FALSE	TRUE	FALSE
EPI_ISL_637742|2020-10-19	EPI_ISL_637742	England/CAMB-1B833A/2020	2020-10-19	2020-10-19	Europe	GBR	England	GBR	20A	B.1.36.35	Department of Pathology, University of Cambridge	COVID-19 Genomics UK (COG-UK) Consortium	Aminu S. Jahun et al	B.1.36.35	FALSE	TRUE	FALSE
EPI_ISL_637746|2020-10-19	EPI_ISL_637746	England/CAMB-1B8482/2020	2020-10-19	2020-10-19	Europe	GBR	England	GBR	20A	B.1.36.35	Department of Pathology, University of Cambridge	COVID-19 Genomics UK (COG-UK) Consortium	Aminu S. Jahun et al	B.1.36.35	FALSE	TRUE	FALSE
EPI_ISL_637748|2020-10-14	EPI_ISL_637748	England/CAMB-1B85AD/2020	2020-10-14	2020-10-14	Europe	GBR	England	GBR	20A	B.1.36.35	Department of Pathology, University of Cambridge	COVID-19 Genomics UK (COG-UK) Consortium	Aminu S. Jahun et al	B.1.36.35	FALSE	TRUE	FALSE
EPI_ISL_638373|2020-10-13	EPI_ISL_638373	England/CAMB-1B7D88/2020	2020-10-13	2020-10-13	Europe	GBR	England	GBR	20A	B.1.36.35	Department of Pathology, University of Cambridge	COVID-19 Genomics UK (COG-UK) Consortium	Aminu S. Jahun et al	B.1.36.35	FALSE	TRUE	FALSE
EPI_ISL_638377|2020-10-13	EPI_ISL_638377	England/CAMB-1B7E85/2020	2020-10-13	2020-10-13	Europe	GBR	England	GBR	20A	B.1.36.35	Department of Pathology, University of Cambridge	COVID-19 Genomics UK (COG-UK) Consortium	Aminu S. Jahun et al	B.1.36.35	FALSE	TRUE	FALSE
EPI_ISL_638383|2020-10-19	EPI_ISL_638383	England/CAMB-1B8130/2020	2020-10-19	2020-10-19	Europe	GBR	England	GBR	20A	B.1.36.35	Department of Pathology, University of Cambridge	COVID-19 Genomics UK (COG-UK) Consortium	Aminu S. Jahun et al	B.1.36.35	FALSE	TRUE	FALSE
EPI_ISL_638385|2020-10-22	EPI_ISL_638385	England/CAMB-1B822E/2020	2020-10-22	2020-10-22	Europe	GBR	England	GBR	20A	B.1.36.35	Department of Pathology, University of Cambridge	COVID-19 Genomics UK (COG-UK) Consortium	Aminu S. Jahun et al	B.1.36.35	FALSE	TRUE	FALSE
EPI_ISL_638388|2020-10-19	EPI_ISL_638388	England/CAMB-1B83EF/2020	2020-10-19	2020-10-19	Europe	GBR	England	GBR	20A	B.1.36.35	Department of Pathology, University of Cambridge	COVID-19 Genomics UK (COG-UK) Consortium	Aminu S. Jahun et al	B.1.36.35	FALSE	TRUE	FALSE
EPI_ISL_638389|2020-10-15	EPI_ISL_638389	England/CAMB-1B83FE/2020	2020-10-15	2020-10-15	Europe	GBR	England	GBR	20A	B.1.36.35	Department of Pathology, University of Cambridge	COVID-19 Genomics UK (COG-UK) Consortium	Aminu S. Jahun et al	B.1.36.35	FALSE	TRUE	FALSE
EPI_ISL_638391|2020-10-15	EPI_ISL_638391	England/CAMB-1B8419/2020	2020-10-15	2020-10-15	Europe	GBR	England	GBR	20A	B.1.36.35	Department of Pathology, University of Cambridge	COVID-19 Genomics UK (COG-UK) Consortium	Aminu S. Jahun et al	B.1.36.35	FALSE	TRUE	FALSE
EPI_ISL_638392|2020-10-19	EPI_ISL_638392	England/CAMB-1B8428/2020	2020-10-19	2020-10-19	Europe	GBR	England	GBR	20A	B.1.36.35	Department of Pathology, University of Cambridge	COVID-19 Genomics UK (COG-UK) Consortium	Aminu S. Jahun et al	B.1.36.35	FALSE	TRUE	FALSE
EPI_ISL_638393|2020-10-15	EPI_ISL_638393	England/CAMB-1B8437/2020	2020-10-15	2020-10-15	Europe	GBR	England	GBR	20A	B.1.36.35	Department of Pathology, University of Cambridge	COVID-19 Genomics UK (COG-UK) Consortium	Aminu S. Jahun et al	B.1.36.35	FALSE	TRUE	FALSE
EPI_ISL_638394|2020-10-19	EPI_ISL_638394	England/CAMB-1B8446/2020	2020-10-19	2020-10-19	Europe	GBR	England	GBR	20A	B.1.36.35	Department of Pathology, University of Cambridge	COVID-19 Genomics UK (COG-UK) Consortium	Aminu S. Jahun et al	B.1.36.35	FALSE	TRUE	FALSE
EPI_ISL_638396|2020-10-13	EPI_ISL_638396	England/CAMB-1B8534/2020	2020-10-13	2020-10-13	Europe	GBR	England	GBR	20A	B.1.36.35	Department of Pathology, University of Cambridge	COVID-19 Genomics UK (COG-UK) Consortium	Aminu S. Jahun et al	B.1.36.35	FALSE	TRUE	FALSE
EPI_ISL_638400|2020-10-14	EPI_ISL_638400	England/CAMB-1B85CB/2020	2020-10-14	2020-10-14	Europe	GBR	England	GBR	20A	B.1.36.35	Department of Pathology, University of Cambridge	COVID-19 Genomics UK (COG-UK) Consortium	Aminu S. Jahun et al	B.1.36.35	FALSE	TRUE	FALSE
EPI_ISL_646998|2020-11-04	EPI_ISL_646998	England/ALDP-B24654/2020	2020-11-04	2020-11-04	Europe	GBR	England	GBR	20A	B.1.36.35	Lighthouse Lab in Alderley Park	Wellcome Sanger Institute for the COVID-19 Genomics UK (COG-UK) Consortium	Jacquelyn Wynn et al	B.1.36.35	FALSE	TRUE	FALSE
EPI_ISL_647686|2020-11-01	EPI_ISL_647686	England/CAMC-B1FBD5/2020	2020-11-01	2020-11-01	Europe	GBR	England	GBR	20A	B.1.36.35	Lighthouse Lab in Cambridge	Wellcome Sanger Institute for the COVID-19 Genomics UK (COG-UK) Consortium	Rob Howes et al	B.1.36.35	FALSE	TRUE	FALSE
EPI_ISL_669219|2020-11-09	EPI_ISL_669219	Denmark/DCGC-9841/2020	2020-11-09	2020-11-09	Europe	DNK	Hovedstaden	DNK	20A	B.1.36.35	Department of Virus and Microbiological Special Diagnostics, Statens Serum Institut, Copenhagen, Denmark	Albertsen Lab, Department of Chemistry and Bioscience, Aalborg University, Denmark	Danish Covid-19 Genome Consortium et al	B.1.36.35	FALSE	TRUE	FALSE
EPI_ISL_671177|2020-10-26	EPI_ISL_671177	Denmark/DCGC-11852/2020	2020-10-26	2020-10-26	Europe	DNK	Sjaelland	DNK	20A	B.1.36.35	Department of Virus and Microbiological Special Diagnostics, Statens Serum Institut, Copenhagen, Denmark	Albertsen Lab, Department of Chemistry and Bioscience, Aalborg University, Denmark	Danish Covid-19 Genome Consortium et al	B.1.36.35	FALSE	TRUE	FALSE
EPI_ISL_708151|2020-11-14	EPI_ISL_708151	Norway/5732/2020	2020-11-14	2020-11-14	Europe	NOR	Innlandet	NOR	20A	B.1.36.35	Innlandet Hospital Trust, Division Lillehammer, Department for Medical Microbiology	Norwegian Institute of Public Health, Department of Virology	Kathrine Stene-Johansen et al	B.1.36.35	FALSE	TRUE	FALSE
EPI_ISL_721972|2020-12-03	EPI_ISL_721972	Switzerland/ZH-ETHZ-390406/2020	2020-12-03	2020-12-03	Europe	CHE	Zürich	CHE	20A	B.1.36.35	Viollier AG	Department of Biosystems Science and Engineering, ETH Zürich	Christian Beisel et al	B.1.36.35	FALSE	FALSE	TRUE
EPI_ISL_737509|2020-12-15	EPI_ISL_737509	Switzerland/ZH-ETHZ-410301/2020	2020-12-15	2020-12-15	Europe	CHE	Zürich	CHE	20A	B.1.36.35	Viollier AG	Department of Biosystems Science and Engineering, ETH Zürich	Chaoran Chen et al	B.1.36.35	FALSE	FALSE	TRUE
EPI_ISL_759935|2020-10-26	EPI_ISL_759935	Finland/26LS3DF11/2020	2020-10-26	2020-10-26	Europe	FIN	Uusimaa	FIN	20A	B.1.36.35	Department of Virology and Immunology, University of Helsinki and Helsinki University Hospital, Huslab Finland	Department of Virology, Faculty of Medicine, University of Helsinki, Helsinki, Finland	Teemu Smura et al	B.1.36.35	FALSE	TRUE	FALSE
EPI_ISL_796346|2020-12-26	EPI_ISL_796346	Switzerland/AG-ETHZ-430228/2020	2020-12-26	2020-12-26	Europe	CHE	Aargau	CHE	20A	B.1.36.35	Viollier AG	Department of Biosystems Science and Engineering, ETH Zürich	Chaoran Chen et al	B.1.36.35	FALSE	FALSE	TRUE
EPI_ISL_796613|2020-12-30	EPI_ISL_796613	Switzerland/ZH-ETHZ-430580/2020	2020-12-30	2020-12-30	Europe	CHE	Zürich	CHE	20A	B.1.36.35	Viollier AG	Department of Biosystems Science and Engineering, ETH Zürich	Chaoran Chen et al	B.1.36.35	FALSE	FALSE	TRUE
EPI_ISL_796651|2020-12-15	EPI_ISL_796651	Norway/7260/2020	2020-12-15	2020-12-15	Europe	NOR	Viken	NOR	20A	B.1.36.35	Medical Microbiology Unit, Department for Laboratory Medicine, Drammen Hospital, Vestre Viken Health Trust,	Norwegian Institute of Public Health, Department of Virology	Kathrine Stene-Johansen et al	B.1.36.35	FALSE	TRUE	FALSE
EPI_ISL_796653|2020-12-16	EPI_ISL_796653	Norway/7038/2020	2020-12-16	2020-12-16	Europe	NOR	More Og Romsdal	NOR	20A	B.1.36.35	Department of Medical Microbiology - section Molde, Molde Hospital	Norwegian Institute of Public Health, Department of Virology	Kathrine Stene-Johansen et al	B.1.36.35	FALSE	TRUE	FALSE
EPI_ISL_847584|2020-11-24	EPI_ISL_847584	USA/CA-CDPH-UC465/2020	2020-11-24	2020-11-24	North America	USA	California	USA	20G	B.1.36.35	California Department of Public Health	Chiu Laboratory, University of California, San Francisco	Charles Chiu et al	B.1.36.35	FALSE	TRUE	FALSE
EPI_ISL_899830|2020-12-31	EPI_ISL_899830	Switzerland/TG-ETHZ-431173/2020	2020-12-31	2020-12-31	Europe	CHE	Thurgau	CHE	20A	B.1.36.35	Viollier AG	Department of Biosystems Science and Engineering, ETH Zürich	Christian Beisel et al	B.1.36.35	FALSE	FALSE	TRUE
EPI_ISL_899837|2020-12-31	EPI_ISL_899837	Switzerland/TG-ETHZ-431188/2020	2020-12-31	2020-12-31	Europe	CHE	Thurgau	CHE	20A	B.1.36.35	Viollier AG	Department of Biosystems Science and Engineering, ETH Zürich	Christian Beisel et al	B.1.36.35	FALSE	FALSE	TRUE
EPI_ISL_899921|2020-12-29	EPI_ISL_899921	Switzerland/ZG-ETHZ-431064/2020	2020-12-29	2020-12-29	Europe	CHE	Zug	CHE	20A	B.1.36.35	Viollier AG	Department of Biosystems Science and Engineering, ETH Zürich	Christian Beisel et al	B.1.36.35	FALSE	FALSE	TRUE
EPI_ISL_899927|2020-12-25	EPI_ISL_899927	Switzerland/ZH-ETHZ-430841/2020	2020-12-25	2020-12-25	Europe	CHE	Zürich	CHE	20A	B.1.36.35	Viollier AG	Department of Biosystems Science and Engineering, ETH Zürich	Christian Beisel et al	B.1.36.35	FALSE	FALSE	TRUE
EPI_ISL_899947|2020-12-28	EPI_ISL_899947	Switzerland/ZH-ETHZ-431023/2020	2020-12-28	2020-12-28	Europe	CHE	Zürich	CHE	20A	B.1.36.35	Viollier AG	Department of Biosystems Science and Engineering, ETH Zürich	Christian Beisel et al	B.1.36.35	FALSE	FALSE	TRUE
EPI_ISL_899949|2020-12-28	EPI_ISL_899949	Switzerland/ZH-ETHZ-431026/2020	2020-12-28	2020-12-28	Europe	CHE	Zürich	CHE	20A	B.1.36.35	Viollier AG	Department of Biosystems Science and Engineering, ETH Zürich	Christian Beisel et al	B.1.36.35	FALSE	FALSE	TRUE
