tree_label	gisaid_epi_isl	strain	date_str	date	region	iso_country	division	iso_country_exposure	nextstrain_clade	pangolin_lineage	originating_lab	submitting_lab	authors	tree_pangolin_lineage	travel_context	similarity_context	focal_sequence
EPI_ISL_1130681|2020-09-09	EPI_ISL_1130681	Switzerland/VD-ETHZ-280173/2020	2020-09-09	2020-09-09	Europe	CHE	Vaud	CHE	20A	B.1.221.1	Viollier AG	Department of Biosystems Science and Engineering, ETH Zürich	Christian Beisel et al	B.1.221.1	FALSE	FALSE	TRUE
EPI_ISL_402125|2019-12-26	EPI_ISL_402125	Wuhan/Hu-1/2019	2019-12-26	2019-12-26	Asia	CHN	Hubei	CHN	19A	B	National Institute for Communicable Disease Control and Prevention (ICDC) Chinese Center for Disease Control and Prevention (China CDC)	National Institute for Communicable Disease Control and Prevention (ICDC) Chinese Center for Disease Control and Prevention (China CDC)	Zhang et al	B	FALSE	FALSE	FALSE
EPI_ISL_406798|2019-12-26	EPI_ISL_406798	Wuhan/WH01/2019	2019-12-26	2019-12-26	Asia	CHN	Hubei	CHN	19A	B	General Hospital of Central Theater Command of People's Liberation Army of China	BGI & Institute of Microbiology, Chinese Academy of Sciences & Shandong First Medical University & Shandong Academy of Medical Sciences & General Hospital of Central Theater Command of People's Liberation Army of China	Weijun Chen et al	B	FALSE	FALSE	FALSE
EPI_ISL_566470|2020-09-10	EPI_ISL_566470	England/MILK-9C1EAE/2020	2020-09-10	2020-09-10	Europe	GBR	England	GBR	20A	B.1.221.1	Lighthouse Lab in Milton Keynes	Wellcome Sanger Institute for the COVID-19 Genomics UK (COG-UK) consortium	The Lighthouse Lab in Milton Keynes et al	B.1.221.1	FALSE	TRUE	FALSE
EPI_ISL_595759|2020-09-26	EPI_ISL_595759	England/QEUH-9F9D0A/2020	2020-09-26	2020-09-26	Europe	GBR	England	GBR	20A	B.1.221.1	Oxford Viromics, NDM, University of Oxford; Oxford University Hospitals; Basingstoke and North Hampshire Hospital	COVID-19 Genomics UK (COG-UK) Consortium	Tanya Golubchik et al	B.1.221.1	FALSE	TRUE	FALSE
