tree_label	gisaid_epi_isl	strain	date_str	date	region	iso_country	division	iso_country_exposure	nextstrain_clade	pangolin_lineage	originating_lab	submitting_lab	authors	tree_pangolin_lineage	travel_context	similarity_context	focal_sequence
EPI_ISL_1004793|2020-12-30	EPI_ISL_1004793	Switzerland/ZH-ETHZ-431448/2020	2020-12-30	2020-12-30	Europe	CHE	Zürich	CHE	20A	B.1.236	Viollier AG	Department of Biosystems Science and Engineering, ETH Zürich	Chaoran Chen et al	B.1.236	FALSE	FALSE	TRUE
EPI_ISL_1004812|2020-12-29	EPI_ISL_1004812	Switzerland/SO-ETHZ-431458/2020	2020-12-29	2020-12-29	Europe	CHE	Solothurn	CHE	20A	B.1.236	Viollier AG	Department of Biosystems Science and Engineering, ETH Zürich	Chaoran Chen et al	B.1.236	FALSE	FALSE	TRUE
EPI_ISL_1005000|2020-11-19	EPI_ISL_1005000	Switzerland/SO-ETHZ-370237/2020	2020-11-19	2020-11-19	Europe	CHE	Solothurn	CHE	20A	B.1.236	Viollier AG	Department of Biosystems Science and Engineering, ETH Zürich	Chaoran Chen et al	B.1.236	FALSE	FALSE	TRUE
EPI_ISL_1005119|2020-11-14	EPI_ISL_1005119	Switzerland/VS-ETHZ-370058/2020	2020-11-14	2020-11-14	Europe	CHE	Valais	CHE	20A	B.1.236	Viollier AG	Department of Biosystems Science and Engineering, ETH Zürich	Chaoran Chen et al	B.1.236	FALSE	FALSE	TRUE
EPI_ISL_1027638|2020-12-31	EPI_ISL_1027638	Kosovo/ChVir23113/2020	2020-12-31	2020-12-31	Europe	KOS	Kosovo	KOS	20A	B.1.236	Department of Microbiology, National Institute for Public Health of Kosova	Charité Universitätsmedizin Berlin, Institut für Virologie	Victor M Corman et al	B.1.236	FALSE	TRUE	FALSE
EPI_ISL_1027639|2020-12-31	EPI_ISL_1027639	Kosovo/ChVir23114/2020	2020-12-31	2020-12-31	Europe	KOS	Kosovo	KOS	20A	B.1.236	Department of Microbiology, National Institute for Public Health of Kosova	Charité Universitätsmedizin Berlin, Institut für Virologie	Victor M Corman et al	B.1.236	FALSE	TRUE	FALSE
EPI_ISL_1027640|2020-12-31	EPI_ISL_1027640	Kosovo/ChVir23115/2020	2020-12-31	2020-12-31	Europe	KOS	Kosovo	KOS	20A	B.1.236	Department of Microbiology, National Institute for Public Health of Kosova	Charité Universitätsmedizin Berlin, Institut für Virologie	Victor M Corman et al	B.1.236	FALSE	TRUE	FALSE
EPI_ISL_1027642|2020-12-27	EPI_ISL_1027642	Kosovo/ChVir23117/2020	2020-12-27	2020-12-27	Europe	KOS	Kosovo	KOS	20A	B.1.236	Department of Microbiology, National Institute for Public Health of Kosova	Charité Universitätsmedizin Berlin, Institut für Virologie	Victor M Corman et al	B.1.236	FALSE	TRUE	FALSE
EPI_ISL_1119479|2020-11-02	EPI_ISL_1119479	Switzerland/BE-ETHZ-500002/2020	2020-11-02	2020-11-02	Europe	CHE	Bern	CHE	20A	B.1.236	Viollier AG	Department of Biosystems Science and Engineering, ETH Zürich	Chaoran Chen et al	B.1.236	FALSE	FALSE	TRUE
EPI_ISL_1119521|2020-11-02	EPI_ISL_1119521	Switzerland/ZH-ETHZ-500019/2020	2020-11-02	2020-11-02	Europe	CHE	Zürich	CHE	20A	B.1.236	Viollier AG	Department of Biosystems Science and Engineering, ETH Zürich	Chaoran Chen et al	B.1.236	FALSE	FALSE	TRUE
EPI_ISL_1119729|2020-11-07	EPI_ISL_1119729	Switzerland/ZH-ETHZ-501121/2020	2020-11-07	2020-11-07	Europe	CHE	Zürich	CHE	20A	B.1.236	Viollier AG	Department of Biosystems Science and Engineering, ETH Zürich	Chaoran Chen et al	B.1.236	FALSE	FALSE	TRUE
EPI_ISL_1129468|2020-09-07	EPI_ISL_1129468	Switzerland/BE-ETHZ-280108/2020	2020-09-07	2020-09-07	Europe	CHE	Bern	CHE	20A	B.1.236	Viollier AG	Department of Biosystems Science and Engineering, ETH Zürich	Christian Beisel et al	B.1.236	FALSE	FALSE	TRUE
EPI_ISL_1130099|2020-12-11	EPI_ISL_1130099	Switzerland/GR-ETHZ-410176/2020	2020-12-11	2020-12-11	Europe	CHE	Graubünden	CHE	20A	B.1.236	Viollier AG	Department of Biosystems Science and Engineering, ETH Zürich	Chaoran Chen et al	B.1.236	FALSE	FALSE	TRUE
EPI_ISL_1130612|2020-11-30	EPI_ISL_1130612	Switzerland/VD-ETHZ-410917/2020	2020-11-30	2020-11-30	Europe	CHE	Vaud	CHE	20A	B.1.236	Viollier AG	Department of Biosystems Science and Engineering, ETH Zürich	Chaoran Chen et al	B.1.236	FALSE	FALSE	TRUE
EPI_ISL_1130652|2020-08-11	EPI_ISL_1130652	Switzerland/VD-ETHZ-240081/2020	2020-08-11	2020-08-11	Europe	CHE	Vaud	CHE	20A	B.1.236	Viollier AG	Department of Biosystems Science and Engineering, ETH Zürich	Christian Beisel et al	B.1.236	FALSE	FALSE	TRUE
EPI_ISL_1141154|2020-07-16	EPI_ISL_1141154	Germany/SH-RKI-I-011026/2020	2020-07-16	2020-07-16	Europe	DEU	Schleswig-Holstein	DEU	20A	B.1.236	Universitätsklinikum Schleswig-Holstein (standortübergreifend inkl. Kiel) - Institut für Klinische Chemie und Laboratoriumsdiagnostik	Robert Koch Institute	?	B.1.236	FALSE	TRUE	FALSE
EPI_ISL_1161054|2020-07-11	EPI_ISL_1161054	Germany/NW-HHU-1442/2020	2020-07-11	2020-07-11	Europe	DEU	North Rhine Westphalia	DEU	20A	B.1.236	Center of Medical Microbiology, Virology, and Hospital Hygiene, University of Duesseldorf	Center of Medical Microbiology, Virology, and Hospital Hygiene, University of Duesseldorf	Maximilian Damagnez et al	B.1.236	FALSE	TRUE	FALSE
EPI_ISL_1161056|2020-07-11	EPI_ISL_1161056	Germany/NW-HHU-1443/2020	2020-07-11	2020-07-11	Europe	DEU	North Rhine Westphalia	DEU	20A	B.1.236	Center of Medical Microbiology, Virology, and Hospital Hygiene, University of Duesseldorf	Center of Medical Microbiology, Virology, and Hospital Hygiene, University of Duesseldorf	Maximilian Damagnez et al	B.1.236	FALSE	TRUE	FALSE
EPI_ISL_1161058|2020-07-11	EPI_ISL_1161058	Germany/NW-HHU-1445/2020	2020-07-11	2020-07-11	Europe	DEU	North Rhine Westphalia	DEU	20A	B.1.236	Center of Medical Microbiology, Virology, and Hospital Hygiene, University of Duesseldorf	Center of Medical Microbiology, Virology, and Hospital Hygiene, University of Duesseldorf	Maximilian Damagnez et al	B.1.236	FALSE	TRUE	FALSE
EPI_ISL_1164630|2020-07-17	EPI_ISL_1164630	Cyprus/Cy040694/2020	2020-07-17	2020-07-17	Europe	CYP	Cyprus	CYP	20A	B.1.236	Department of Molecular Virology, Cyprus Institute of Neurology and Genetics	Department of Molecular Virology, Cyprus Institute of Neurology and Genetics	Jan Richter et al	B.1.236	FALSE	TRUE	FALSE
EPI_ISL_1164631|2020-07-18	EPI_ISL_1164631	Cyprus/Cy040989/2020	2020-07-18	2020-07-18	Europe	CYP	Cyprus	CYP	20A	B.1.236	Department of Molecular Virology, Cyprus Institute of Neurology and Genetics	Department of Molecular Virology, Cyprus Institute of Neurology and Genetics	Jan Richter et al	B.1.236	FALSE	TRUE	FALSE
EPI_ISL_1164632|2020-07-22	EPI_ISL_1164632	Cyprus/Cy042049/2020	2020-07-22	2020-07-22	Europe	CYP	Cyprus	CYP	20A	B.1.236	Department of Molecular Virology, Cyprus Institute of Neurology and Genetics	Department of Molecular Virology, Cyprus Institute of Neurology and Genetics	Jan Richter et al	B.1.236	FALSE	TRUE	FALSE
EPI_ISL_1164633|2020-07-27	EPI_ISL_1164633	Cyprus/Cy043452/2020	2020-07-27	2020-07-27	Europe	CYP	Cyprus	CYP	20A	B.1.236	Department of Molecular Virology, Cyprus Institute of Neurology and Genetics	Department of Molecular Virology, Cyprus Institute of Neurology and Genetics	Jan Richter et al	B.1.236	FALSE	TRUE	FALSE
EPI_ISL_1164634|2020-07-30	EPI_ISL_1164634	Cyprus/Cy044290/2020	2020-07-30	2020-07-30	Europe	CYP	Cyprus	CYP	20A	B.1.236	Department of Molecular Virology, Cyprus Institute of Neurology and Genetics	Department of Molecular Virology, Cyprus Institute of Neurology and Genetics	Jan Richter et al	B.1.236	FALSE	TRUE	FALSE
EPI_ISL_1164638|2020-08-08	EPI_ISL_1164638	Cyprus/Cy047269/2020	2020-08-08	2020-08-08	Europe	CYP	Cyprus	CYP	20A	B.1.236	Department of Molecular Virology, Cyprus Institute of Neurology and Genetics	Department of Molecular Virology, Cyprus Institute of Neurology and Genetics	Jan Richter et al	B.1.236	FALSE	TRUE	FALSE
EPI_ISL_1164644|2020-08-18	EPI_ISL_1164644	Cyprus/Cy049848/2020	2020-08-18	2020-08-18	Europe	CYP	Cyprus	CYP	20A	B.1.236	Department of Molecular Virology, Cyprus Institute of Neurology and Genetics	Department of Molecular Virology, Cyprus Institute of Neurology and Genetics	Jan Richter et al	B.1.236	FALSE	TRUE	FALSE
EPI_ISL_1181265|2020-08-16	EPI_ISL_1181265	Germany/NW-UBI-142/2020	2020-08-16	2020-08-16	Europe	DEU	North Rhine Westphalia	DEU	20A	B.1.236	MVZ Dr. Eberhard & Partner Dortmund	Bielefeld University	David Brandt et al	B.1.236	FALSE	TRUE	FALSE
EPI_ISL_1181270|2020-08-15	EPI_ISL_1181270	Germany/NW-UBI-148/2020	2020-08-15	2020-08-15	Europe	DEU	North Rhine Westphalia	DEU	20A	B.1.236	MVZ Dr. Eberhard & Partner Dortmund	Bielefeld University	David Brandt et al	B.1.236	FALSE	TRUE	FALSE
EPI_ISL_1181271|2020-08-15	EPI_ISL_1181271	Germany/NW-UBI-149/2020	2020-08-15	2020-08-15	Europe	DEU	North Rhine Westphalia	DEU	20A	B.1.236	MVZ Dr. Eberhard & Partner Dortmund	Bielefeld University	David Brandt et al	B.1.236	FALSE	TRUE	FALSE
EPI_ISL_1181278|2020-08-15	EPI_ISL_1181278	Germany/NW-UBI-156/2020	2020-08-15	2020-08-15	Europe	DEU	North Rhine Westphalia	DEU	20A	B.1.236	MVZ Dr. Eberhard & Partner Dortmund	Bielefeld University	David Brandt et al	B.1.236	FALSE	TRUE	FALSE
EPI_ISL_1181279|2020-08-16	EPI_ISL_1181279	Germany/NW-UBI-157/2020	2020-08-16	2020-08-16	Europe	DEU	North Rhine Westphalia	DEU	20A	B.1.236	MVZ Dr. Eberhard & Partner Dortmund	Bielefeld University	David Brandt et al	B.1.236	FALSE	TRUE	FALSE
EPI_ISL_1181283|2020-08-16	EPI_ISL_1181283	Germany/NW-UBI-161/2020	2020-08-16	2020-08-16	Europe	DEU	North Rhine Westphalia	DEU	20A	B.1.236	MVZ Dr. Eberhard & Partner Dortmund	Bielefeld University	David Brandt et al	B.1.236	FALSE	TRUE	FALSE
EPI_ISL_1181292|2020-08-18	EPI_ISL_1181292	Germany/NW-UBI-170/2020	2020-08-18	2020-08-18	Europe	DEU	North Rhine Westphalia	DEU	20A	B.1.236	MVZ Dr. Eberhard & Partner Dortmund	Bielefeld University	David Brandt et al	B.1.236	FALSE	TRUE	FALSE
EPI_ISL_1181299|2020-08-23	EPI_ISL_1181299	Germany/NW-UBI-177/2020	2020-08-23	2020-08-23	Europe	DEU	North Rhine Westphalia	DEU	20A	B.1.236	MVZ Dr. Eberhard & Partner Dortmund	Bielefeld University	David Brandt et al	B.1.236	FALSE	TRUE	FALSE
EPI_ISL_1181304|2020-08-23	EPI_ISL_1181304	Germany/NW-UBI-182/2020	2020-08-23	2020-08-23	Europe	DEU	North Rhine Westphalia	DEU	20A	B.1.236	MVZ Dr. Eberhard & Partner Dortmund	Bielefeld University	David Brandt et al	B.1.236	FALSE	TRUE	FALSE
EPI_ISL_1259516|2020-12-01	EPI_ISL_1259516	Switzerland/LU-ETHZ-521409/2020	2020-12-01	2020-12-01	Europe	CHE	Lucerne	CHE	20A	B.1.236	Viollier AG	Department of Biosystems Science and Engineering, ETH Zürich	Chaoran Chen et al	B.1.236	FALSE	FALSE	TRUE
EPI_ISL_1259573|2020-11-16	EPI_ISL_1259573	Switzerland/ZH-ETHZ-510576/2020	2020-11-16	2020-11-16	Europe	CHE	Zürich	CHE	20A	B.1.236	Viollier AG	Department of Biosystems Science and Engineering, ETH Zürich	Christian Beisel et al	B.1.236	FALSE	FALSE	TRUE
EPI_ISL_1259574|2020-12-03	EPI_ISL_1259574	Switzerland/ZH-ETHZ-521550/2020	2020-12-03	2020-12-03	Europe	CHE	Zürich	CHE	20A	B.1.236	Viollier AG	Department of Biosystems Science and Engineering, ETH Zürich	Chaoran Chen et al	B.1.236	FALSE	FALSE	TRUE
EPI_ISL_1260120|2020-11-25	EPI_ISL_1260120	Switzerland/BL-ETHZ-520165/2020	2020-11-25	2020-11-25	Europe	CHE	Basel-Land	CHE	20A	B.1.236	Viollier AG	Department of Biosystems Science and Engineering, ETH Zürich	Christian Beisel et al	B.1.236	FALSE	FALSE	TRUE
EPI_ISL_1260544|2020-11-22	EPI_ISL_1260544	Switzerland/ZH-ETHZ-521341/2020	2020-11-22	2020-11-22	Europe	CHE	Zürich	CHE	20A	B.1.236	Viollier AG	Department of Biosystems Science and Engineering, ETH Zürich	Chaoran Chen et al	B.1.236	FALSE	FALSE	TRUE
EPI_ISL_1260576|2020-11-22	EPI_ISL_1260576	Switzerland/ZH-ETHZ-521322/2020	2020-11-22	2020-11-22	Europe	CHE	Zürich	CHE	20A	B.1.236	Viollier AG	Department of Biosystems Science and Engineering, ETH Zürich	Chaoran Chen et al	B.1.236	FALSE	FALSE	TRUE
EPI_ISL_1273536|2020-12-26	EPI_ISL_1273536	Switzerland/BS-UHB-42612858/2020	2020-12-26	2020-12-26	Europe	CHE	Basel-Stadt	CHE	20A	B.1.236	University Hospital Basel, Clinical Virology	University Hospital Basel, Clinical Bacteriology	Tim Roloff et al	B.1.236	FALSE	FALSE	TRUE
EPI_ISL_1273708|2020-12-19	EPI_ISL_1273708	Switzerland/BS-UHB-42602101/2020	2020-12-19	2020-12-19	Europe	DEU	Baden-Wuerttemberg	DEU	20A	B.1.236	University Hospital Basel, Clinical Virology	University Hospital Basel, Clinical Bacteriology	Tim Roloff et al	B.1.236	FALSE	TRUE	FALSE
EPI_ISL_1360609|2020-11-12	EPI_ISL_1360609	Switzerland/BE-ETHZ-530209/2020	2020-11-12	2020-11-12	Europe	CHE	Bern	CHE	20A	B.1.236	Viollier AG	Department of Biosystems Science and Engineering, ETH Zürich	Christian Beisel et al	B.1.236	FALSE	FALSE	TRUE
EPI_ISL_1360641|2020-11-09	EPI_ISL_1360641	Switzerland/BE-ETHZ-530063/2020	2020-11-09	2020-11-09	Europe	CHE	Bern	CHE	20A	B.1.236	Viollier AG	Department of Biosystems Science and Engineering, ETH Zürich	Christian Beisel et al	B.1.236	FALSE	FALSE	TRUE
EPI_ISL_1360696|2020-11-09	EPI_ISL_1360696	Switzerland/BE-ETHZ-530068/2020	2020-11-09	2020-11-09	Europe	CHE	Bern	CHE	20A	B.1.236	Viollier AG	Department of Biosystems Science and Engineering, ETH Zürich	Christian Beisel et al	B.1.236	FALSE	FALSE	TRUE
EPI_ISL_1361428|2020-11-12	EPI_ISL_1361428	Switzerland/ZH-ETHZ-530166/2020	2020-11-12	2020-11-12	Europe	CHE	Zürich	CHE	20A	B.1.236	Viollier AG	Department of Biosystems Science and Engineering, ETH Zürich	Christian Beisel et al	B.1.236	FALSE	FALSE	TRUE
EPI_ISL_1361429|2020-11-12	EPI_ISL_1361429	Switzerland/ZH-ETHZ-530167/2020	2020-11-12	2020-11-12	Europe	CHE	Zürich	CHE	20A	B.1.236	Viollier AG	Department of Biosystems Science and Engineering, ETH Zürich	Christian Beisel et al	B.1.236	FALSE	FALSE	TRUE
EPI_ISL_1408467|2020-11-29	EPI_ISL_1408467	Switzerland/BE-ETHZ-520772/2020	2020-11-29	2020-11-29	Europe	CHE	Bern	CHE	20A	B.1.236	Viollier AG	Department of Biosystems Science and Engineering, ETH Zürich	Chaoran Chen et al	B.1.236	FALSE	FALSE	TRUE
EPI_ISL_1408469|2020-11-29	EPI_ISL_1408469	Switzerland/BE-ETHZ-520774/2020	2020-11-29	2020-11-29	Europe	CHE	Bern	CHE	20A	B.1.236	Viollier AG	Department of Biosystems Science and Engineering, ETH Zürich	Chaoran Chen et al	B.1.236	FALSE	FALSE	TRUE
EPI_ISL_1408488|2020-11-23	EPI_ISL_1408488	Switzerland/SO-ETHZ-520530/2020	2020-11-23	2020-11-23	Europe	CHE	Solothurn	CHE	20A	B.1.236	Viollier AG	Department of Biosystems Science and Engineering, ETH Zürich	Chaoran Chen et al	B.1.236	FALSE	FALSE	TRUE
EPI_ISL_1408671|2020-11-30	EPI_ISL_1408671	Switzerland/BS-ETHZ-520813/2020	2020-11-30	2020-11-30	Europe	CHE	Basel-Stadt	CHE	20A	B.1.236	Viollier AG	Department of Biosystems Science and Engineering, ETH Zürich	Chaoran Chen et al	B.1.236	FALSE	FALSE	TRUE
EPI_ISL_1408742|2020-11-23	EPI_ISL_1408742	Switzerland/SO-ETHZ-520529/2020	2020-11-23	2020-11-23	Europe	CHE	Solothurn	CHE	20A	B.1.236	Viollier AG	Department of Biosystems Science and Engineering, ETH Zürich	Chaoran Chen et al	B.1.236	FALSE	FALSE	TRUE
EPI_ISL_1408768|2020-11-07	EPI_ISL_1408768	Switzerland/SO-ETHZ-531304/2020	2020-11-07	2020-11-07	Europe	CHE	Solothurn	CHE	20A	B.1.236	Viollier AG	Department of Biosystems Science and Engineering, ETH Zürich	Chaoran Chen et al	B.1.236	FALSE	FALSE	TRUE
EPI_ISL_1408775|2020-11-28	EPI_ISL_1408775	Switzerland/SO-ETHZ-520711/2020	2020-11-28	2020-11-28	Europe	CHE	Solothurn	CHE	20A	B.1.236	Viollier AG	Department of Biosystems Science and Engineering, ETH Zürich	Chaoran Chen et al	B.1.236	FALSE	FALSE	TRUE
EPI_ISL_1408783|2020-11-28	EPI_ISL_1408783	Switzerland/SO-ETHZ-520698/2020	2020-11-28	2020-11-28	Europe	CHE	Solothurn	CHE	20A	B.1.236	Viollier AG	Department of Biosystems Science and Engineering, ETH Zürich	Chaoran Chen et al	B.1.236	FALSE	FALSE	TRUE
EPI_ISL_1408837|2020-12-02	EPI_ISL_1408837	Switzerland/ZH-ETHZ-520897/2020	2020-12-02	2020-12-02	Europe	CHE	Zürich	CHE	20A	B.1.236	Viollier AG	Department of Biosystems Science and Engineering, ETH Zürich	Chaoran Chen et al	B.1.236	FALSE	FALSE	TRUE
EPI_ISL_1408844|2020-11-23	EPI_ISL_1408844	Switzerland/ZH-ETHZ-520436/2020	2020-11-23	2020-11-23	Europe	CHE	Zürich	CHE	20A	B.1.236	Viollier AG	Department of Biosystems Science and Engineering, ETH Zürich	Chaoran Chen et al	B.1.236	FALSE	FALSE	TRUE
EPI_ISL_1495816|2020-08-28	EPI_ISL_1495816	Austria/CeMM6047/2020	2020-08-28	2020-08-28	Europe	AUT	Vienna	AUT	20A	B.1.236	Department of Laboratory Medicine, Division of Clinical Virology, University of Medicine, Vienna	Bergthaler laboratory, CeMM Research Center for Molecular Medicine of the Austrian Academy of Sciences	Lukas Endler et al	B.1.236	FALSE	TRUE	FALSE
EPI_ISL_1496345|2020-10-16	EPI_ISL_1496345	Switzerland/BE-ETHZ-330011/2020	2020-10-16	2020-10-16	Europe	CHE	Bern	CHE	20A	B.1.236	Viollier AG	Department of Biosystems Science and Engineering, ETH Zürich	Christian Beisel et al	B.1.236	FALSE	FALSE	TRUE
EPI_ISL_1496347|2020-10-16	EPI_ISL_1496347	Switzerland/BE-ETHZ-330015/2020	2020-10-16	2020-10-16	Europe	CHE	Bern	CHE	20A	B.1.236	Viollier AG	Department of Biosystems Science and Engineering, ETH Zürich	Christian Beisel et al	B.1.236	FALSE	FALSE	TRUE
EPI_ISL_1496537|2020-11-02	EPI_ISL_1496537	Switzerland/GR-ETHZ-350139/2020	2020-11-02	2020-11-02	Europe	CHE	Graubünden	CHE	20A	B.1.236	Viollier AG	Department of Biosystems Science and Engineering, ETH Zürich	Christian Beisel et al	B.1.236	FALSE	FALSE	TRUE
EPI_ISL_1498921|2020-08-03	EPI_ISL_1498921	Slovenia/64824/2020	2020-08-03	2020-08-03	Europe	SVN	Slovenia	SVN	20A	B.1.236	Institute of Microbiology and Immunology, Faculty of Medicine, University of Ljubljana	Institute of Microbiology and Immunology, Faculty of Medicine, University of Ljubljana	Alen Suljič et al	B.1.236	FALSE	TRUE	FALSE
EPI_ISL_1498962|2020-08-18	EPI_ISL_1498962	Slovenia/71413/2020	2020-08-18	2020-08-18	Europe	SVN	Slovenia	SVN	20A	B.1.236	Institute of Microbiology and Immunology, Faculty of Medicine, University of Ljubljana	Institute of Microbiology and Immunology, Faculty of Medicine, University of Ljubljana	Alen Suljič et al	B.1.236	FALSE	TRUE	FALSE
EPI_ISL_1499015|2020-09-02	EPI_ISL_1499015	Slovenia/80756/2020	2020-09-02	2020-09-02	Europe	SVN	Slovenia	SVN	20A	B.1.236	Institute of Microbiology and Immunology, Faculty of Medicine, University of Ljubljana	Institute of Microbiology and Immunology, Faculty of Medicine, University of Ljubljana	Alen Suljič et al	B.1.236	FALSE	TRUE	FALSE
EPI_ISL_1499016|2020-09-03	EPI_ISL_1499016	Slovenia/81707/2020	2020-09-03	2020-09-03	Europe	SVN	Slovenia	SVN	20A	B.1.236	Institute of Microbiology and Immunology, Faculty of Medicine, University of Ljubljana	Institute of Microbiology and Immunology, Faculty of Medicine, University of Ljubljana	Alen Suljič et al	B.1.236	FALSE	TRUE	FALSE
EPI_ISL_1499017|2020-09-04	EPI_ISL_1499017	Slovenia/82198/2020	2020-09-04	2020-09-04	Europe	SVN	Slovenia	SVN	20A	B.1.236	Institute of Microbiology and Immunology, Faculty of Medicine, University of Ljubljana	Institute of Microbiology and Immunology, Faculty of Medicine, University of Ljubljana	Alen Suljič et al	B.1.236	FALSE	TRUE	FALSE
EPI_ISL_1499033|2020-09-11	EPI_ISL_1499033	Slovenia/91095/2020	2020-09-11	2020-09-11	Europe	SVN	Slovenia	SVN	20A	B.1.236	Institute of Microbiology and Immunology, Faculty of Medicine, University of Ljubljana	Institute of Microbiology and Immunology, Faculty of Medicine, University of Ljubljana	Alen Suljič et al	B.1.236	FALSE	TRUE	FALSE
EPI_ISL_1499045|2020-09-16	EPI_ISL_1499045	Slovenia/95302/2020	2020-09-16	2020-09-16	Europe	SVN	Slovenia	SVN	20A	B.1.236	Institute of Microbiology and Immunology, Faculty of Medicine, University of Ljubljana	Institute of Microbiology and Immunology, Faculty of Medicine, University of Ljubljana	Alen Suljič et al	B.1.236	FALSE	TRUE	FALSE
EPI_ISL_1499055|2020-09-18	EPI_ISL_1499055	Slovenia/99253/2020	2020-09-18	2020-09-18	Europe	SVN	Slovenia	SVN	20A	B.1.236	Institute of Microbiology and Immunology, Faculty of Medicine, University of Ljubljana	Institute of Microbiology and Immunology, Faculty of Medicine, University of Ljubljana	Alen Suljič et al	B.1.236	FALSE	TRUE	FALSE
EPI_ISL_1499074|2020-09-24	EPI_ISL_1499074	Slovenia/105991/2020	2020-09-24	2020-09-24	Europe	SVN	Slovenia	SVN	20A	B.1.236	Institute of Microbiology and Immunology, Faculty of Medicine, University of Ljubljana	Institute of Microbiology and Immunology, Faculty of Medicine, University of Ljubljana	Alen Suljič et al	B.1.236	FALSE	TRUE	FALSE
EPI_ISL_1499097|2020-09-29	EPI_ISL_1499097	Slovenia/111848/2020	2020-09-29	2020-09-29	Europe	SVN	Slovenia	SVN	20A	B.1.236	Institute of Microbiology and Immunology, Faculty of Medicine, University of Ljubljana	Institute of Microbiology and Immunology, Faculty of Medicine, University of Ljubljana	Alen Suljič et al	B.1.236	FALSE	TRUE	FALSE
EPI_ISL_1499102|2020-09-30	EPI_ISL_1499102	Slovenia/113385/2020	2020-09-30	2020-09-30	Europe	SVN	Slovenia	SVN	20A	B.1.236	Institute of Microbiology and Immunology, Faculty of Medicine, University of Ljubljana	Institute of Microbiology and Immunology, Faculty of Medicine, University of Ljubljana	Alen Suljič et al	B.1.236	FALSE	TRUE	FALSE
EPI_ISL_1509316|2020-11-26	EPI_ISL_1509316	Italy/LAZ-TIGEM-6935/2021	2020-11-26	2020-11-26	Europe	ITA	Lazio	ITA	20A	B.1.236	IZSM	TIGEM	Antonio Grimaldi Patrizia Annunziata Francesco Panariello Biancamaria Pierri Claudia Tiberio Valentina Bouche Chiara Colantuono Maria Concetta Cuomo Denise Di Concilio Lucio Di Filippo Anna Manfredi Marcello Salvi Antonio Limone Luigi Atripaldi Pellegrino Cerino Andrea Ballabio Davide Cacchiarelli et al	B.1.236	FALSE	TRUE	FALSE
EPI_ISL_1511028|2020-06-06	EPI_ISL_1511028	Slovenia/35912/2020	2020-06-06	2020-06-06	Europe	SVN	Slovenia	SVN	20A	B.1.236	Institute of Microbiology and Immunology, Faculty of Medicine, University of Ljubljana	Institute of Microbiology and Immunology, Faculty of Medicine, University of Ljubljana	Alen Suljič et al	B.1.236	FALSE	TRUE	FALSE
EPI_ISL_1511032|2020-07-17	EPI_ISL_1511032	Slovenia/57166/2020	2020-07-17	2020-07-17	Europe	SVN	Slovenia	SVN	20A	B.1.236	Institute of Microbiology and Immunology, Faculty of Medicine, University of Ljubljana	Institute of Microbiology and Immunology, Faculty of Medicine, University of Ljubljana	Alen Suljič et al	B.1.236	FALSE	TRUE	FALSE
EPI_ISL_1511110|2020-07-22	EPI_ISL_1511110	Slovenia/59357/2020	2020-07-22	2020-07-22	Europe	SVN	Slovenia	SVN	20A	B.1.236	Institute of Microbiology and Immunology, Faculty of Medicine, University of Ljubljana	Institute of Microbiology and Immunology, Faculty of Medicine, University of Ljubljana	Alen Suljič et al	B.1.236	FALSE	TRUE	FALSE
EPI_ISL_1511111|2020-07-31	EPI_ISL_1511111	Slovenia/63689/2020	2020-07-31	2020-07-31	Europe	SVN	Slovenia	SVN	20A	B.1.236	Institute of Microbiology and Immunology, Faculty of Medicine, University of Ljubljana	Institute of Microbiology and Immunology, Faculty of Medicine, University of Ljubljana	Alen Suljič et al	B.1.236	FALSE	TRUE	FALSE
EPI_ISL_1511114|2020-07-30	EPI_ISL_1511114	Slovenia/63001/2020	2020-07-30	2020-07-30	Europe	SVN	Slovenia	SVN	20A	B.1.236	Institute of Microbiology and Immunology, Faculty of Medicine, University of Ljubljana	Institute of Microbiology and Immunology, Faculty of Medicine, University of Ljubljana	Alen Suljič et al	B.1.236	FALSE	TRUE	FALSE
EPI_ISL_1598105|2020-12-08	EPI_ISL_1598105	Switzerland/ZH-ETHZ-550565/2020	2020-12-08	2020-12-08	Europe	CHE	Zürich	CHE	20A	B.1.236	Viollier AG	Department of Biosystems Science and Engineering, ETH Zürich	Chaoran Chen et al	B.1.236	FALSE	FALSE	TRUE
EPI_ISL_1598705|2020-12-09	EPI_ISL_1598705	Switzerland/ZH-ETHZ-550638/2020	2020-12-09	2020-12-09	Europe	CHE	Zürich	CHE	20A	B.1.236	Viollier AG	Department of Biosystems Science and Engineering, ETH Zürich	Chaoran Chen et al	B.1.236	FALSE	FALSE	TRUE
EPI_ISL_1598884|2020-12-07	EPI_ISL_1598884	Switzerland/BE-ETHZ-550458/2020	2020-12-07	2020-12-07	Europe	CHE	Bern	CHE	20A	B.1.236	Viollier AG	Department of Biosystems Science and Engineering, ETH Zürich	Chaoran Chen et al	B.1.236	FALSE	FALSE	TRUE
EPI_ISL_1598894|2020-12-09	EPI_ISL_1598894	Switzerland/BE-ETHZ-550636/2020	2020-12-09	2020-12-09	Europe	CHE	Bern	CHE	20A	B.1.236	Viollier AG	Department of Biosystems Science and Engineering, ETH Zürich	Chaoran Chen et al	B.1.236	FALSE	FALSE	TRUE
EPI_ISL_1599016|2020-12-09	EPI_ISL_1599016	Switzerland/SH-ETHZ-550475/2020	2020-12-09	2020-12-09	Europe	CHE	Schaffhausen	CHE	20A	B.1.236	Viollier AG	Department of Biosystems Science and Engineering, ETH Zürich	Chaoran Chen et al	B.1.236	FALSE	FALSE	TRUE
EPI_ISL_1636902|2020-11-02	EPI_ISL_1636902	England/LOND-128D024/2020	2020-11-02	2020-11-02	Europe	GBR	England	GBR	20A	B.1.236	Barts Health NHS Trust	COVID-19 Genomics UK (COG-UK) Consortium	CUTINO-MOGUEL et al	B.1.236	FALSE	TRUE	FALSE
EPI_ISL_1654025|2020-11-30	EPI_ISL_1654025	Switzerland/BL-ETHZ-520841/2020	2020-11-30	2020-11-30	Europe	CHE	Basel-Land	CHE	20A	B.1.236	Viollier AG	Department of Biosystems Science and Engineering, ETH Zürich	Chaoran Chen et al	B.1.236	FALSE	FALSE	TRUE
EPI_ISL_1658345|2020-12-16	EPI_ISL_1658345	Switzerland/BE-ETHZ-560067/2020	2020-12-16	2020-12-16	Europe	CHE	Bern	CHE	20A	B.1.236	Viollier AG	Department of Biosystems Science and Engineering, ETH Zürich	Christian Beisel et al	B.1.236	FALSE	FALSE	TRUE
EPI_ISL_1658357|2020-12-16	EPI_ISL_1658357	Switzerland/BL-ETHZ-570071/2020	2020-12-16	2020-12-16	Europe	CHE	Basel-Land	CHE	20A	B.1.236	Viollier AG	Department of Biosystems Science and Engineering, ETH Zürich	Christian Beisel et al	B.1.236	FALSE	FALSE	TRUE
EPI_ISL_1658691|2020-12-17	EPI_ISL_1658691	Switzerland/AG-ETHZ-570423/2020	2020-12-17	2020-12-17	Europe	CHE	Aargau	CHE	20A	B.1.236	Viollier AG	Department of Biosystems Science and Engineering, ETH Zürich	Chaoran Chen et al	B.1.236	FALSE	FALSE	TRUE
EPI_ISL_1659411|2020-12-19	EPI_ISL_1659411	Switzerland/TG-ETHZ-571191/2020	2020-12-19	2020-12-19	Europe	CHE	Thurgau	CHE	20A	B.1.236	Viollier AG	Department of Biosystems Science and Engineering, ETH Zürich	Chaoran Chen et al	B.1.236	FALSE	FALSE	TRUE
EPI_ISL_1659413|2020-12-19	EPI_ISL_1659413	Switzerland/TG-ETHZ-571203/2020	2020-12-19	2020-12-19	Europe	CHE	Thurgau	CHE	20A	B.1.236	Viollier AG	Department of Biosystems Science and Engineering, ETH Zürich	Chaoran Chen et al	B.1.236	FALSE	FALSE	TRUE
EPI_ISL_1659453|2020-12-19	EPI_ISL_1659453	Switzerland/ZH-ETHZ-571330/2020	2020-12-19	2020-12-19	Europe	CHE	Zürich	CHE	20A	B.1.236	Viollier AG	Department of Biosystems Science and Engineering, ETH Zürich	Chaoran Chen et al	B.1.236	FALSE	FALSE	TRUE
EPI_ISL_1682180|2020-12-17	EPI_ISL_1682180	Switzerland/AG-ETHZ-560534/2020	2020-12-17	2020-12-17	Europe	CHE	Aargau	CHE	20A	B.1.236	Viollier AG	Department of Biosystems Science and Engineering, ETH Zürich	Chaoran Chen et al	B.1.236	FALSE	FALSE	TRUE
EPI_ISL_1682849|2020-12-17	EPI_ISL_1682849	Switzerland/TG-ETHZ-560564/2020	2020-12-17	2020-12-17	Europe	CHE	Thurgau	CHE	20A	B.1.236	Viollier AG	Department of Biosystems Science and Engineering, ETH Zürich	Chaoran Chen et al	B.1.236	FALSE	FALSE	TRUE
EPI_ISL_1682854|2020-12-17	EPI_ISL_1682854	Switzerland/TG-ETHZ-560552/2020	2020-12-17	2020-12-17	Europe	CHE	Thurgau	CHE	20A	B.1.236	Viollier AG	Department of Biosystems Science and Engineering, ETH Zürich	Chaoran Chen et al	B.1.236	FALSE	FALSE	TRUE
EPI_ISL_1682855|2020-12-17	EPI_ISL_1682855	Switzerland/TG-ETHZ-560558/2020	2020-12-17	2020-12-17	Europe	CHE	Thurgau	CHE	20A	B.1.236	Viollier AG	Department of Biosystems Science and Engineering, ETH Zürich	Chaoran Chen et al	B.1.236	FALSE	FALSE	TRUE
EPI_ISL_1682989|2020-12-24	EPI_ISL_1682989	Switzerland/ZH-ETHZ-560826/2020	2020-12-24	2020-12-24	Europe	CHE	Zürich	CHE	20A	B.1.236	Viollier AG	Department of Biosystems Science and Engineering, ETH Zürich	Chaoran Chen et al	B.1.236	FALSE	FALSE	TRUE
EPI_ISL_1683071|2020-12-23	EPI_ISL_1683071	Switzerland/ZH-ETHZ-560757/2020	2020-12-23	2020-12-23	Europe	CHE	Zürich	CHE	20A	B.1.236	Viollier AG	Department of Biosystems Science and Engineering, ETH Zürich	Chaoran Chen et al	B.1.236	FALSE	FALSE	TRUE
EPI_ISL_1692725|2020-10-06	EPI_ISL_1692725	Italy/CAM-TIGEM-IZSM-COLLI-9409/2020	2020-10-06	2020-10-06	Europe	ITA	Campania	ITA	20A	B.1.236	Università Federico II - Dipartimento di scienze mediche traslazionali - Napoli	Telethon Institute of Genetics and Medicine (TIGEM)	Antonio Grimaldi Patrizia Annunziata Francesco Panariello Teresa Giuliano Michele Cennamo Valentina Bouche Chiara Colantuono Lucio Di Filippo Mariano Fiorenza Anna Manfredi Marcello Salvi Giuseppe Portella Andrea Ballabio Davide Cacchiarelli et al	B.1.236	FALSE	TRUE	FALSE
EPI_ISL_1692741|2020-11-06	EPI_ISL_1692741	Italy/CAM-TIGEM-IZSM-COLLI-9425/2020	2020-11-06	2020-11-06	Europe	ITA	Campania	ITA	20A	B.1.236	Università Federico II - Dipartimento di scienze mediche traslazionali - Napoli	Telethon Institute of Genetics and Medicine (TIGEM)	Antonio Grimaldi Patrizia Annunziata Francesco Panariello Teresa Giuliano Michele Cennamo Valentina Bouche Chiara Colantuono Lucio Di Filippo Mariano Fiorenza Anna Manfredi Marcello Salvi Giuseppe Portella Andrea Ballabio Davide Cacchiarelli et al	B.1.236	FALSE	TRUE	FALSE
EPI_ISL_1692746|2020-10-19	EPI_ISL_1692746	Italy/CAM-TIGEM-IZSM-COLLI-9428/2020	2020-10-19	2020-10-19	Europe	ITA	Campania	ITA	20A	B.1.236	Università Federico II - Dipartimento di scienze mediche traslazionali - Napoli	Telethon Institute of Genetics and Medicine (TIGEM)	Antonio Grimaldi Patrizia Annunziata Francesco Panariello Teresa Giuliano Michele Cennamo Valentina Bouche Chiara Colantuono Lucio Di Filippo Mariano Fiorenza Anna Manfredi Marcello Salvi Giuseppe Portella Andrea Ballabio Davide Cacchiarelli et al	B.1.236	FALSE	TRUE	FALSE
EPI_ISL_1692781|2020-10-14	EPI_ISL_1692781	Italy/CAM-TIGEM-IZSM-COLLI-9454/2020	2020-10-14	2020-10-14	Europe	ITA	Campania	ITA	20A	B.1.236	Università Federico II - Dipartimento di scienze mediche traslazionali - Napoli	Telethon Institute of Genetics and Medicine (TIGEM)	Antonio Grimaldi Patrizia Annunziata Francesco Panariello Teresa Giuliano Michele Cennamo Valentina Bouche Chiara Colantuono Lucio Di Filippo Mariano Fiorenza Anna Manfredi Marcello Salvi Giuseppe Portella Andrea Ballabio Davide Cacchiarelli et al	B.1.236	FALSE	TRUE	FALSE
EPI_ISL_1749728|2020-12-28	EPI_ISL_1749728	Switzerland/SO-ETHZ-580834/2020	2020-12-28	2020-12-28	Europe	CHE	Solothurn	CHE	20A	B.1.236	Viollier AG	Department of Biosystems Science and Engineering, ETH Zürich	Chaoran Chen et al	B.1.236	FALSE	FALSE	TRUE
EPI_ISL_1749788|2020-12-22	EPI_ISL_1749788	Switzerland/AG-ETHZ-580665/2020	2020-12-22	2020-12-22	Europe	CHE	Aargau	CHE	20A	B.1.236	Viollier AG	Department of Biosystems Science and Engineering, ETH Zürich	Chaoran Chen et al	B.1.236	FALSE	FALSE	TRUE
EPI_ISL_1760822|2020-11-12	EPI_ISL_1760822	Switzerland/AG-ETHZ-530742/2020	2020-11-12	2020-11-12	Europe	CHE	Aargau	CHE	20A	B.1.236	Viollier AG	Department of Biosystems Science and Engineering, ETH Zürich	Chaoran Chen et al	B.1.236	FALSE	FALSE	TRUE
EPI_ISL_1892888|2020-11-16	EPI_ISL_1892888	Denmark/DCGC-83804/2020	2020-11-16	2020-11-16	Europe	DNK	Sjaelland	DNK	20A	B.1.236	Department of Virus and Microbiological Special Diagnostics, Statens Serum Institut, Copenhagen, Denmark	Aalborg University	Danish Covid-19 Genome Consortium et al	B.1.236	FALSE	TRUE	FALSE
EPI_ISL_1964298|2020-11-09	EPI_ISL_1964298	Slovenia/193331/2020	2020-11-09	2020-11-09	Europe	SVN	Slovenia	SVN	20A	B.1.236	Institute of Microbiology and Immunology, Faculty of Medicine, University of Ljubljana	Institute of Microbiology and Immunology, Faculty of Medicine, University of Ljubljana	Alen Suljič et al	B.1.236	FALSE	TRUE	FALSE
EPI_ISL_2002016|2020-12-17	EPI_ISL_2002016	Slovenia/08-153161-MB/2020	2020-12-17	2020-12-17	Europe	SVN	Podravska	SVN	20A	B.1.236	National Laboratory for Health, Environment and Food, OMM, Maribor	NLZOH (National Laboratory for Health, Environment and Food) / CISLD (Clinical Institute of Special Laboratory Diagnostics), University Children's Hospital, University Medical Center Ljubljana	Sandra Janezic et al	B.1.236	FALSE	TRUE	FALSE
EPI_ISL_2137094|2020-11-03	EPI_ISL_2137094	Austria/CeMM7790/2020	2020-11-03	2020-11-03	Europe	AUT	Styria	AUT	20A	B.1.236	Department of Laboratory Medicine, Division of Clinical Virology, University of Medicine, Vienna	Bergthaler laboratory, CeMM Research Center for Molecular Medicine of the Austrian Academy of Sciences	Lukas Endler et al	B.1.236	FALSE	TRUE	FALSE
EPI_ISL_402125|2019-12-26	EPI_ISL_402125	Wuhan/Hu-1/2019	2019-12-26	2019-12-26	Asia	CHN	Hubei	CHN	19A	B	National Institute for Communicable Disease Control and Prevention (ICDC) Chinese Center for Disease Control and Prevention (China CDC)	National Institute for Communicable Disease Control and Prevention (ICDC) Chinese Center for Disease Control and Prevention (China CDC)	Zhang et al	B	FALSE	FALSE	FALSE
EPI_ISL_406798|2019-12-26	EPI_ISL_406798	Wuhan/WH01/2019	2019-12-26	2019-12-26	Asia	CHN	Hubei	CHN	19A	B	General Hospital of Central Theater Command of People's Liberation Army of China	BGI & Institute of Microbiology, Chinese Academy of Sciences & Shandong First Medical University & Shandong Academy of Medical Sciences & General Hospital of Central Theater Command of People's Liberation Army of China	Weijun Chen et al	B	FALSE	FALSE	FALSE
EPI_ISL_489986|2020-06-30	EPI_ISL_489986	Switzerland/VD-ETHZ-180052/2020	2020-06-30	2020-06-30	Europe	CHE	Vaud	CHE	20A	B.1.236	Viollier AG	Department of Biosystems Science and Engineering, ETH Zürich	Christian Beisel et al	B.1.236	FALSE	FALSE	TRUE
EPI_ISL_498623|2020-07-03	EPI_ISL_498623	Switzerland/ZH-ETHZ-190005/2020	2020-07-03	2020-07-03	Europe	CHE	Zürich	CHE	20A	B.1.236	Viollier AG	Department of Biosystems Science and Engineering, ETH Zürich	Christian Beisel et al	B.1.236	FALSE	FALSE	TRUE
EPI_ISL_500799|2020-07-13	EPI_ISL_500799	Norway/2881/2020	2020-07-13	2020-07-13	Europe	NOR	Norway	NOR	20A	B.1.236	Hospital of Southern Norway - Kristiansand, Department of Medical Microbiology	Norwegian Institute of Public Health, Department of Virology	Kathrine Stene-Johansen et al	B.1.236	FALSE	TRUE	FALSE
EPI_ISL_500884|2020-07-06	EPI_ISL_500884	Switzerland/ZH-ETHZ-190019/2020	2020-07-06	2020-07-06	Europe	CHE	Zürich	CHE	20A	B.1.236	Viollier AG	Department of Biosystems Science and Engineering, ETH Zürich	Christian Beisel et al	B.1.236	FALSE	FALSE	TRUE
EPI_ISL_500898|2020-07-08	EPI_ISL_500898	Switzerland/ZH-ETHZ-190035/2020	2020-07-08	2020-07-08	Europe	CHE	Zürich	CHE	20A	B.1.236	Viollier AG	Department of Biosystems Science and Engineering, ETH Zürich	Christian Beisel et al	B.1.236	FALSE	FALSE	TRUE
EPI_ISL_500937|2020-07-06	EPI_ISL_500937	Switzerland/SO-ETHZ-190081/2020	2020-07-06	2020-07-06	Europe	CHE	Solothurn	CHE	20A	B.1.236	Viollier AG	Department of Biosystems Science and Engineering, ETH Zürich	Christian Beisel et al	B.1.236	FALSE	FALSE	TRUE
EPI_ISL_512050|2020-07-28	EPI_ISL_512050	Switzerland/BE-ETHZ-220084/2020	2020-07-28	2020-07-28	Europe	CHE	Bern	CHE	20A	B.1.236	Viollier AG	Department of Biosystems Science and Engineering, ETH Zürich	Christian Beisel et al	B.1.236	FALSE	FALSE	TRUE
EPI_ISL_523460|2020-06-24	EPI_ISL_523460	Netherlands/OV-EMC-76/2020	2020-06-24	2020-06-24	Europe	NLD	Overijssel	NLD	20A	B.1.236	Dutch COVID-19 response team	Erasmus Medical Center	Bas Oude Munnink et al	B.1.236	FALSE	TRUE	FALSE
EPI_ISL_523866|2020-08-08	EPI_ISL_523866	Switzerland/BE-ETHZ-240015/2020	2020-08-08	2020-08-08	Europe	CHE	Bern	CHE	20A	B.1.236	Viollier AG	Department of Biosystems Science and Engineering, ETH Zürich	Christian Beisel et al	B.1.236	FALSE	FALSE	TRUE
EPI_ISL_523911|2020-08-10	EPI_ISL_523911	Switzerland/SO-ETHZ-240073/2020	2020-08-10	2020-08-10	Europe	CHE	Solothurn	CHE	20A	B.1.236	Viollier AG	Department of Biosystems Science and Engineering, ETH Zürich	Christian Beisel et al	B.1.236	FALSE	FALSE	TRUE
EPI_ISL_523926|2020-08-13	EPI_ISL_523926	Switzerland/ZH-ETHZ-240091/2020	2020-08-13	2020-08-13	Europe	CHE	Zürich	CHE	20A	B.1.236	Viollier AG	Department of Biosystems Science and Engineering, ETH Zürich	Christian Beisel et al	B.1.236	FALSE	FALSE	TRUE
EPI_ISL_528395|2020-08-24	EPI_ISL_528395	England/20352017404/2020	2020-08-24	2020-08-24	Europe	GBR	England	GBR	20A	B.1.236	Respiratory Virus Unit, Microbiology Services Colindale, Public Health England	Respiratory Virus Unit, Microbiology Services Colindale, Public Health England	PHE Covid Sequencing Team et al	B.1.236	FALSE	TRUE	FALSE
EPI_ISL_530403|2020-08-18	EPI_ISL_530403	England/QEUH-96E08F/2020	2020-08-18	2020-08-18	Europe	GBR	England	GBR	20A	B.1.236	Lighthouse Lab in Glasgow	Wellcome Sanger Institute for the COVID-19 Genomics UK (COG-UK) consortium	Harper VanSteenhouse et al	B.1.236	FALSE	TRUE	FALSE
EPI_ISL_530467|2020-08-18	EPI_ISL_530467	England/QEUH-96E7F3/2020	2020-08-18	2020-08-18	Europe	GBR	England	GBR	20A	B.1.236	Lighthouse Lab in Glasgow	Wellcome Sanger Institute for the COVID-19 Genomics UK (COG-UK) consortium	Harper VanSteenhouse et al	B.1.236	FALSE	TRUE	FALSE
EPI_ISL_535624|2020-08-20	EPI_ISL_535624	Switzerland/AG-ETHZ-250115/2020	2020-08-20	2020-08-20	Europe	CHE	Aargau	CHE	20A	B.1.236	Viollier AG	Department of Biosystems Science and Engineering, ETH Zürich	Christian Beisel et al	B.1.236	FALSE	FALSE	TRUE
EPI_ISL_539386|2020-08-23	EPI_ISL_539386	Switzerland/AG-ETHZ-260060/2020	2020-08-23	2020-08-23	Europe	CHE	Aargau	CHE	20A	B.1.236	Viollier AG	Department of Biosystems Science and Engineering, ETH Zürich	Christian Beisel et al	B.1.236	FALSE	FALSE	TRUE
EPI_ISL_540657|2020-08-27	EPI_ISL_540657	England/MILK-9921DA/2020	2020-08-27	2020-08-27	Europe	GBR	England	GBR	20A	B.1.236	Queens Medical Centre, Clinical Microbiology Department / DeepSeq Nottingham	COVID-19 Genomics UK (COG-UK) Consortium	Gemma Clark et al	B.1.236	FALSE	TRUE	FALSE
EPI_ISL_541510|2020-09-02	EPI_ISL_541510	Switzerland/ZH-ETHZ-270039/2020	2020-09-02	2020-09-02	Europe	CHE	Zürich	CHE	20A	B.1.236	Viollier AG	Department of Biosystems Science and Engineering, ETH Zürich	Christian Beisel et al	B.1.236	FALSE	FALSE	TRUE
EPI_ISL_541522|2020-09-03	EPI_ISL_541522	Switzerland/ZH-ETHZ-270119/2020	2020-09-03	2020-09-03	Europe	CHE	Zürich	CHE	20A	B.1.236	Viollier AG	Department of Biosystems Science and Engineering, ETH Zürich	Christian Beisel et al	B.1.236	FALSE	FALSE	TRUE
EPI_ISL_541523|2020-09-03	EPI_ISL_541523	Switzerland/ZH-ETHZ-270128/2020	2020-09-03	2020-09-03	Europe	CHE	Zürich	CHE	20A	B.1.236	Viollier AG	Department of Biosystems Science and Engineering, ETH Zürich	Christian Beisel et al	B.1.236	FALSE	FALSE	TRUE
EPI_ISL_550477|2020-08-01	EPI_ISL_550477	England/MILK-978969/2020	2020-08-01	2020-08-01	Europe	GBR	England	GBR	20A	B.1.236	Lighthouse Lab in Milton Keynes	Wellcome Sanger Institute for the COVID-19 Genomics UK (COG-UK) consortium	The Lighthouse Lab in Milton Keynes et al	B.1.236	FALSE	TRUE	FALSE
EPI_ISL_550882|2020-09-01	EPI_ISL_550882	England/MILK-9AA096/2020	2020-09-01	2020-09-01	Europe	GBR	England	GBR	20A	B.1.236	Lighthouse Lab in Milton Keynes	Wellcome Sanger Institute for the COVID-19 Genomics UK (COG-UK) consortium	The Lighthouse Lab in Milton Keynes et al	B.1.236	FALSE	TRUE	FALSE
EPI_ISL_552554|2020-08-20	EPI_ISL_552554	England/MILK-9759A8/2020	2020-08-20	2020-08-20	Europe	GBR	England	GBR	20A	B.1.236	Lighthouse Lab in Milton Keynes	Wellcome Sanger Institute for the COVID-19 Genomics UK (COG-UK) consortium	The Lighthouse Lab in Milton Keynes et al	B.1.236	FALSE	TRUE	FALSE
EPI_ISL_557168|2020-07-19	EPI_ISL_557168	England/MILK-878C34/2020	2020-07-19	2020-07-19	Europe	GBR	England	GBR	20A	B.1.236	Lighthouse Lab in Milton Keynes	Wellcome Sanger Institute for the COVID-19 Genomics UK (COG-UK) consortium	The Lighthouse Lab in Milton Keynes et al	B.1.236	FALSE	TRUE	FALSE
EPI_ISL_557191|2020-07-16	EPI_ISL_557191	England/MILK-848D67/2020	2020-07-16	2020-07-16	Europe	GBR	England	GBR	20A	B.1.236	Lighthouse Lab in Milton Keynes	Wellcome Sanger Institute for the COVID-19 Genomics UK (COG-UK) consortium	The Lighthouse Lab in Milton Keynes et al	B.1.236	FALSE	TRUE	FALSE
EPI_ISL_560544|2020-09-08	EPI_ISL_560544	Switzerland/ZH-ETHZ-280119/2020	2020-09-08	2020-09-08	Europe	CHE	Zürich	CHE	20A	B.1.236	Viollier AG	Department of Biosystems Science and Engineering, ETH Zürich	Christian Beisel et al	B.1.236	FALSE	FALSE	TRUE
EPI_ISL_581025|2020-09-20	EPI_ISL_581025	England/MILK-9E0F79/2020	2020-09-20	2020-09-20	Europe	GBR	England	GBR	20A	B.1.236	Lighthouse Lab in Milton Keynes	Wellcome Sanger Institute for the COVID-19 Genomics UK (COG-UK) consortium	The Lighthouse Lab in Milton Keynes et al	B.1.236	FALSE	TRUE	FALSE
EPI_ISL_581624|2020-08-26	EPI_ISL_581624	Belgium/ULG-10449/2020	2020-08-26	2020-08-26	Europe	BEL	Liège	BEL	20A	B.1.236	Department of Clinical Microbiology	GIGA Medical Genomics	Keith Durkin et al	B.1.236	FALSE	TRUE	FALSE
EPI_ISL_584364|2020-09-20	EPI_ISL_584364	England/CAMC-9D7379/2020	2020-09-20	2020-09-20	Europe	GBR	England	GBR	20A	B.1.236	Virology Department, Sheffield Teaching Hospitals NHS Foundation Trust/Department of Infection, Immunity and Cardiovascular Disease, The Medical School, University of Sheffield	COVID-19 Genomics UK (COG-UK) Consortium	Thushan de Silva et al	B.1.236	FALSE	TRUE	FALSE
EPI_ISL_585531|2020-09-24	EPI_ISL_585531	Scotland/QEUH-9E39A5/2020	2020-09-24	2020-09-24	Europe	GBR	Scotland	GBR	20A	B.1.236	Northumbria University / South Tees Hospitals NHS Foundation Trust / North Cumbria Integrated Care NHS Foundation Trust / North Tees and Hartlepool NHS Foundation Trust / Newcastle Hospitals NHS Foundation Trust	COVID-19 Genomics UK (COG-UK) Consortium	Darren L Smith et al	B.1.236	FALSE	TRUE	FALSE
EPI_ISL_588413|2020-09-25	EPI_ISL_588413	England/QEUH-9F49ED/2020	2020-09-25	2020-09-25	Europe	GBR	England	GBR	20A	B.1.236	Lighthouse Lab in Glasgow	Wellcome Sanger Institute for the COVID-19 Genomics UK (COG-UK) consortium	Harper VanSteenhouse et al	B.1.236	FALSE	TRUE	FALSE
EPI_ISL_589691|2020-09-23	EPI_ISL_589691	England/MILK-9F1B17/2020	2020-09-23	2020-09-23	Europe	GBR	England	GBR	20A	B.1.236	Lighthouse Lab in Milton Keynes	Wellcome Sanger Institute for the COVID-19 Genomics UK (COG-UK) consortium	The Lighthouse Lab in Milton Keynes et al	B.1.236	FALSE	TRUE	FALSE
EPI_ISL_590054|2020-09-14	EPI_ISL_590054	England/QEUH-9CF5BA/2020	2020-09-14	2020-09-14	Europe	GBR	England	GBR	20A	B.1.236	Lighthouse Lab in Glasgow	Wellcome Sanger Institute for the COVID-19 Genomics UK (COG-UK) consortium	Harper VanSteenhouse et al	B.1.236	FALSE	TRUE	FALSE
EPI_ISL_595615|2020-10-08	EPI_ISL_595615	Wales/PHWC-47EF48/2020	2020-10-08	2020-10-08	Europe	GBR	Wales	GBR	20A	B.1.236	Wales Specialist Virology Centre Sequencing lab: Pathogen Genomics Unit	COVID-19 Genomics UK (COG-UK) Consortium	Catherine Moore et al	B.1.236	FALSE	TRUE	FALSE
EPI_ISL_598333|2020-10-06	EPI_ISL_598333	England/MILK-A46C4C/2020	2020-10-06	2020-10-06	Europe	GBR	England	GBR	20A	B.1.236	Lighthouse Lab in Milton Keynes	Wellcome Sanger Institute for the COVID-19 Genomics UK (COG-UK) consortium	The Lighthouse Lab in Milton Keynes et al	B.1.236	FALSE	TRUE	FALSE
EPI_ISL_598357|2020-10-06	EPI_ISL_598357	England/MILK-A46AF7/2020	2020-10-06	2020-10-06	Europe	GBR	England	GBR	20A	B.1.236	Lighthouse Lab in Milton Keynes	Wellcome Sanger Institute for the COVID-19 Genomics UK (COG-UK) consortium	The Lighthouse Lab in Milton Keynes et al	B.1.236	FALSE	TRUE	FALSE
EPI_ISL_598536|2020-10-04	EPI_ISL_598536	England/MILK-A46277/2020	2020-10-04	2020-10-04	Europe	GBR	England	GBR	20A	B.1.236	Lighthouse Lab in Milton Keynes	Wellcome Sanger Institute for the COVID-19 Genomics UK (COG-UK) consortium	The Lighthouse Lab in Milton Keynes et al	B.1.236	FALSE	TRUE	FALSE
EPI_ISL_598561|2020-10-04	EPI_ISL_598561	England/MILK-A462C2/2020	2020-10-04	2020-10-04	Europe	GBR	England	GBR	20A	B.1.236	Lighthouse Lab in Milton Keynes	Wellcome Sanger Institute for the COVID-19 Genomics UK (COG-UK) consortium	The Lighthouse Lab in Milton Keynes et al	B.1.236	FALSE	TRUE	FALSE
EPI_ISL_598581|2020-10-04	EPI_ISL_598581	England/MILK-A46286/2020	2020-10-04	2020-10-04	Europe	GBR	England	GBR	20A	B.1.236	Lighthouse Lab in Milton Keynes	Wellcome Sanger Institute for the COVID-19 Genomics UK (COG-UK) consortium	The Lighthouse Lab in Milton Keynes et al	B.1.236	FALSE	TRUE	FALSE
EPI_ISL_598787|2020-10-06	EPI_ISL_598787	England/MILK-A457D3/2020	2020-10-06	2020-10-06	Europe	GBR	England	GBR	20A	B.1.236	Lighthouse Lab in Milton Keynes	Wellcome Sanger Institute for the COVID-19 Genomics UK (COG-UK) consortium	The Lighthouse Lab in Milton Keynes et al	B.1.236	FALSE	TRUE	FALSE
EPI_ISL_599873|2020-09-30	EPI_ISL_599873	England/MILK-A05FC8/2020	2020-09-30	2020-09-30	Europe	GBR	England	GBR	20A	B.1.236	Lighthouse Lab in Milton Keynes	Wellcome Sanger Institute for the COVID-19 Genomics UK (COG-UK) consortium	The Lighthouse Lab in Milton Keynes et al	B.1.236	FALSE	TRUE	FALSE
EPI_ISL_600051|2020-10-01	EPI_ISL_600051	England/MILK-A05E16/2020	2020-10-01	2020-10-01	Europe	GBR	England	GBR	20A	B.1.236	Lighthouse Lab in Milton Keynes	Wellcome Sanger Institute for the COVID-19 Genomics UK (COG-UK) consortium	The Lighthouse Lab in Milton Keynes et al	B.1.236	FALSE	TRUE	FALSE
EPI_ISL_601005|2020-09-24	EPI_ISL_601005	Scotland/QEUH-9E5439/2020	2020-09-24	2020-09-24	Europe	GBR	Scotland	GBR	20A	B.1.236	Lighthouse Lab in Glasgow	Wellcome Sanger Institute for the COVID-19 Genomics UK (COG-UK) consortium	Harper VanSteenhouse et al	B.1.236	FALSE	TRUE	FALSE
EPI_ISL_601011|2020-09-24	EPI_ISL_601011	Scotland/QEUH-9E4EB4/2020	2020-09-24	2020-09-24	Europe	GBR	Scotland	GBR	20A	B.1.236	Lighthouse Lab in Glasgow	Wellcome Sanger Institute for the COVID-19 Genomics UK (COG-UK) consortium	Harper VanSteenhouse et al	B.1.236	FALSE	TRUE	FALSE
EPI_ISL_601067|2020-09-24	EPI_ISL_601067	Scotland/QEUH-9E55DC/2020	2020-09-24	2020-09-24	Europe	GBR	Scotland	GBR	20A	B.1.236	Lighthouse Lab in Glasgow	Wellcome Sanger Institute for the COVID-19 Genomics UK (COG-UK) consortium	Harper VanSteenhouse et al	B.1.236	FALSE	TRUE	FALSE
EPI_ISL_601298|2020-09-20	EPI_ISL_601298	England/MILK-9E06B0/2020	2020-09-20	2020-09-20	Europe	GBR	England	GBR	20A	B.1.236	Lighthouse Lab in Milton Keynes	Wellcome Sanger Institute for the COVID-19 Genomics UK (COG-UK) consortium	The Lighthouse Lab in Milton Keynes et al	B.1.236	FALSE	TRUE	FALSE
EPI_ISL_601641|2020-09-19	EPI_ISL_601641	England/CAMC-9D2341/2020	2020-09-19	2020-09-19	Europe	GBR	England	GBR	20A	B.1.236	Lighthouse Lab in Cambridge	Wellcome Sanger Institute for the COVID-19 Genomics UK (COG-UK) consortium	Rob Howes et al	B.1.236	FALSE	TRUE	FALSE
EPI_ISL_603372|2020-09-28	EPI_ISL_603372	Switzerland/GE-ETHZ-300408/2020	2020-09-28	2020-09-28	Europe	CHE	Geneva	CHE	20A	B.1.236	Viollier AG	Department of Biosystems Science and Engineering, ETH Zürich	Christian Beisel et al	B.1.236	FALSE	FALSE	TRUE
EPI_ISL_606373|2020-10-15	EPI_ISL_606373	England/MILK-A7C2B4/2020	2020-10-15	2020-10-15	Europe	GBR	England	GBR	20A	B.1.236	Lighthouse Lab in Milton Keynes	Wellcome Sanger Institute for the COVID-19 Genomics UK (COG-UK) consortium	The Lighthouse Lab in Milton Keynes et al	B.1.236	FALSE	TRUE	FALSE
EPI_ISL_606550|2020-10-13	EPI_ISL_606550	England/MILK-A7D7E1/2020	2020-10-13	2020-10-13	Europe	GBR	England	GBR	20A	B.1.236	Lighthouse Lab in Milton Keynes	Wellcome Sanger Institute for the COVID-19 Genomics UK (COG-UK) consortium	The Lighthouse Lab in Milton Keynes et al	B.1.236	FALSE	TRUE	FALSE
EPI_ISL_606638|2020-10-16	EPI_ISL_606638	England/MILK-A7ADF1/2020	2020-10-16	2020-10-16	Europe	GBR	England	GBR	20A	B.1.236	Lighthouse Lab in Milton Keynes	Wellcome Sanger Institute for the COVID-19 Genomics UK (COG-UK) consortium	The Lighthouse Lab in Milton Keynes et al	B.1.236	FALSE	TRUE	FALSE
EPI_ISL_608805|2020-10-09	EPI_ISL_608805	England/MILK-A6ABBE/2020	2020-10-09	2020-10-09	Europe	GBR	England	GBR	20A	B.1.236	Lighthouse Lab in Milton Keynes	Wellcome Sanger Institute for the COVID-19 Genomics UK (COG-UK) consortium	The Lighthouse Lab in Milton Keynes et al	B.1.236	FALSE	TRUE	FALSE
EPI_ISL_608903|2020-10-10	EPI_ISL_608903	England/ALDP-A67D42/2020	2020-10-10	2020-10-10	Europe	GBR	England	GBR	20A	B.1.236	Lighthouse Lab in Alderley Park	Wellcome Sanger Institute for the COVID-19 Genomics UK (COG-UK) consortium	Jacquelyn Wynn et al	B.1.236	FALSE	TRUE	FALSE
EPI_ISL_609503|2020-10-05	EPI_ISL_609503	England/CAMC-A41B26/2020	2020-10-05	2020-10-05	Europe	GBR	England	GBR	20A	B.1.236	Lighthouse Lab in Cambridge	Wellcome Sanger Institute for the COVID-19 Genomics UK (COG-UK) consortium	Rob Howes et al	B.1.236	FALSE	TRUE	FALSE
EPI_ISL_610665|2020-10-14	EPI_ISL_610665	England/CAMC-A83092/2020	2020-10-14	2020-10-14	Europe	GBR	England	GBR	20A	B.1.236	Lighthouse Lab in Cambridge	Wellcome Sanger Institute for the COVID-19 Genomics UK (COG-UK) consortium	Rob Howes et al	B.1.236	FALSE	TRUE	FALSE
EPI_ISL_610676|2020-10-14	EPI_ISL_610676	England/CAMC-A81BEE/2020	2020-10-14	2020-10-14	Europe	GBR	England	GBR	20A	B.1.236	Lighthouse Lab in Cambridge	Wellcome Sanger Institute for the COVID-19 Genomics UK (COG-UK) consortium	Rob Howes et al	B.1.236	FALSE	TRUE	FALSE
EPI_ISL_610749|2020-10-14	EPI_ISL_610749	England/CAMC-A82172/2020	2020-10-14	2020-10-14	Europe	GBR	England	GBR	20A	B.1.236	Lighthouse Lab in Cambridge	Wellcome Sanger Institute for the COVID-19 Genomics UK (COG-UK) consortium	Rob Howes et al	B.1.236	FALSE	TRUE	FALSE
EPI_ISL_610901|2020-10-14	EPI_ISL_610901	England/CAMC-A82190/2020	2020-10-14	2020-10-14	Europe	GBR	England	GBR	20A	B.1.236	Lighthouse Lab in Cambridge	Wellcome Sanger Institute for the COVID-19 Genomics UK (COG-UK) consortium	Rob Howes et al	B.1.236	FALSE	TRUE	FALSE
EPI_ISL_610911|2020-10-14	EPI_ISL_610911	England/CAMC-A81BC0/2020	2020-10-14	2020-10-14	Europe	GBR	England	GBR	20A	B.1.236	Lighthouse Lab in Cambridge	Wellcome Sanger Institute for the COVID-19 Genomics UK (COG-UK) consortium	Rob Howes et al	B.1.236	FALSE	TRUE	FALSE
EPI_ISL_616466|2020-08-17	EPI_ISL_616466	Denmark/DCGC-2721/2020	2020-08-17	2020-08-17	Europe	DNK	Hovedstaden	DNK	20A	B.1.236	Department of Virus and Microbiological Special Diagnostics, Statens Serum Institut, Denmark	Albertsen lab, Department of Chemistry and Bioscience, Aalborg University, Denmark	Danish Covid-19 Genome Consortia et al	B.1.236	FALSE	TRUE	FALSE
EPI_ISL_616467|2020-08-17	EPI_ISL_616467	Denmark/DCGC-2722/2020	2020-08-17	2020-08-17	Europe	DNK	Hovedstaden	DNK	20A	B.1.236	Department of Virus and Microbiological Special Diagnostics, Statens Serum Institut, Denmark	Albertsen lab, Department of Chemistry and Bioscience, Aalborg University, Denmark	Danish Covid-19 Genome Consortia et al	B.1.236	FALSE	TRUE	FALSE
EPI_ISL_616486|2020-08-17	EPI_ISL_616486	Denmark/DCGC-2741/2020	2020-08-17	2020-08-17	Europe	DNK	Hovedstaden	DNK	20A	B.1.236	Department of Virus and Microbiological Special Diagnostics, Statens Serum Institut, Denmark	Albertsen lab, Department of Chemistry and Bioscience, Aalborg University, Denmark	Danish Covid-19 Genome Consortia et al	B.1.236	FALSE	TRUE	FALSE
EPI_ISL_616524|2020-08-17	EPI_ISL_616524	Denmark/DCGC-2548/2020	2020-08-17	2020-08-17	Europe	DNK	Hovedstaden	DNK	20A	B.1.236	Department of Virus and Microbiological Special Diagnostics, Statens Serum Institut, Denmark	Albertsen lab, Department of Chemistry and Bioscience, Aalborg University, Denmark	Danish Covid-19 Genome Consortia et al	B.1.236	FALSE	TRUE	FALSE
EPI_ISL_616525|2020-08-17	EPI_ISL_616525	Denmark/DCGC-2549/2020	2020-08-17	2020-08-17	Europe	DNK	Hovedstaden	DNK	20A	B.1.236	Department of Virus and Microbiological Special Diagnostics, Statens Serum Institut, Denmark	Albertsen lab, Department of Chemistry and Bioscience, Aalborg University, Denmark	Danish Covid-19 Genome Consortia et al	B.1.236	FALSE	TRUE	FALSE
EPI_ISL_616562|2020-08-24	EPI_ISL_616562	Denmark/DCGC-2868/2020	2020-08-24	2020-08-24	Europe	DNK	Nordjylland	DNK	20A	B.1.236	Department of Virus and Microbiological Special Diagnostics, Statens Serum Institut, Denmark	Albertsen lab, Department of Chemistry and Bioscience, Aalborg University, Denmark	Danish Covid-19 Genome Consortia et al	B.1.236	FALSE	TRUE	FALSE
EPI_ISL_616599|2020-08-24	EPI_ISL_616599	Denmark/DCGC-2765/2020	2020-08-24	2020-08-24	Europe	DNK	Hovedstaden	DNK	20A	B.1.236	Department of Virus and Microbiological Special Diagnostics, Statens Serum Institut, Denmark	Albertsen lab, Department of Chemistry and Bioscience, Aalborg University, Denmark	Danish Covid-19 Genome Consortia et al	B.1.236	FALSE	TRUE	FALSE
EPI_ISL_617560|2020-08-10	EPI_ISL_617560	Denmark/DCGC-2380/2020	2020-08-10	2020-08-10	Europe	DNK	Hovedstaden	DNK	20A	B.1.236	Department of Virus and Microbiological Special Diagnostics, Statens Serum Institut, Denmark	Albertsen lab, Department of Chemistry and Bioscience, Aalborg University, Denmark	Danish Covid-19 Genome Consortia et al	B.1.236	FALSE	TRUE	FALSE
EPI_ISL_617714|2020-08-10	EPI_ISL_617714	Denmark/DCGC-2374/2020	2020-08-10	2020-08-10	Europe	DNK	Nordjylland	DNK	20A	B.1.236	Department of Virus and Microbiological Special Diagnostics, Statens Serum Institut, Denmark	Albertsen lab, Department of Chemistry and Bioscience, Aalborg University, Denmark	Danish Covid-19 Genome Consortia et al	B.1.236	FALSE	TRUE	FALSE
EPI_ISL_618201|2020-07-13	EPI_ISL_618201	Denmark/DCGC-1942/2020	2020-07-13	2020-07-13	Europe	DNK	Syddanmark	DNK	20A	B.1.236	Department of Virus and Microbiological Special Diagnostics, Statens Serum Institut, Denmark	Albertsen lab, Department of Chemistry and Bioscience, Aalborg University, Denmark	Danish Covid-19 Genome Consortia et al	B.1.236	FALSE	TRUE	FALSE
EPI_ISL_618225|2020-07-20	EPI_ISL_618225	Denmark/DCGC-2031/2020	2020-07-20	2020-07-20	Europe	DNK	Hovedstaden	DNK	20A	B.1.236	Department of Virus and Microbiological Special Diagnostics, Statens Serum Institut, Denmark	Albertsen lab, Department of Chemistry and Bioscience, Aalborg University, Denmark	Danish Covid-19 Genome Consortia et al	B.1.236	FALSE	TRUE	FALSE
EPI_ISL_618235|2020-07-27	EPI_ISL_618235	Denmark/DCGC-2009/2020	2020-07-27	2020-07-27	Europe	DNK	Syddanmark	DNK	20A	B.1.236	Department of Virus and Microbiological Special Diagnostics, Statens Serum Institut, Denmark	Albertsen lab, Department of Chemistry and Bioscience, Aalborg University, Denmark	Danish Covid-19 Genome Consortia et al	B.1.236	FALSE	TRUE	FALSE
EPI_ISL_618236|2020-07-27	EPI_ISL_618236	Denmark/DCGC-2013/2020	2020-07-27	2020-07-27	Europe	DNK	Syddanmark	DNK	20A	B.1.236	Department of Virus and Microbiological Special Diagnostics, Statens Serum Institut, Denmark	Albertsen lab, Department of Chemistry and Bioscience, Aalborg University, Denmark	Danish Covid-19 Genome Consortia et al	B.1.236	FALSE	TRUE	FALSE
EPI_ISL_618316|2020-07-20	EPI_ISL_618316	Denmark/DCGC-2065/2020	2020-07-20	2020-07-20	Europe	DNK	Midtjylland	DNK	20A	B.1.236	Department of Virus and Microbiological Special Diagnostics, Statens Serum Institut, Denmark	Albertsen lab, Department of Chemistry and Bioscience, Aalborg University, Denmark	Danish Covid-19 Genome Consortia et al	B.1.236	FALSE	TRUE	FALSE
EPI_ISL_618691|2020-10-19	EPI_ISL_618691	Denmark/DCGC-7736/2020	2020-10-19	2020-10-19	Europe	DNK	Hovedstaden	DNK	20A	B.1.236	Department of Virus and Microbiological Special Diagnostics, Statens Serum Institut, Denmark	Albertsen lab, Department of Chemistry and Bioscience, Aalborg University, Denmark	Danish Covid-19 Genome Consortia et al	B.1.236	FALSE	TRUE	FALSE
EPI_ISL_619967|2020-09-28	EPI_ISL_619967	Denmark/DCGC-5680/2020	2020-09-28	2020-09-28	Europe	DNK	Hovedstaden	DNK	20A	B.1.236	Department of Virus and Microbiological Special Diagnostics, Statens Serum Institut, Denmark	Albertsen lab, Department of Chemistry and Bioscience, Aalborg University, Denmark	Danish Covid-19 Genome Consortia et al	B.1.236	FALSE	TRUE	FALSE
EPI_ISL_621402|2020-09-21	EPI_ISL_621402	Denmark/DCGC-4792/2020	2020-09-21	2020-09-21	Europe	DNK	Sjaelland	DNK	20A	B.1.236	Department of Virus and Microbiological Special Diagnostics, Statens Serum Institut, Denmark	Albertsen lab, Department of Chemistry and Bioscience, Aalborg University, Denmark	Danish Covid-19 Genome Consortia et al	B.1.236	FALSE	TRUE	FALSE
EPI_ISL_621463|2020-09-21	EPI_ISL_621463	Denmark/DCGC-4925/2020	2020-09-21	2020-09-21	Europe	DNK	Hovedstaden	DNK	20A	B.1.236	Department of Virus and Microbiological Special Diagnostics, Statens Serum Institut, Denmark	Albertsen lab, Department of Chemistry and Bioscience, Aalborg University, Denmark	Danish Covid-19 Genome Consortia et al	B.1.236	FALSE	TRUE	FALSE
EPI_ISL_621585|2020-09-21	EPI_ISL_621585	Denmark/DCGC-4899/2020	2020-09-21	2020-09-21	Europe	DNK	Sjaelland	DNK	20A	B.1.236	Department of Virus and Microbiological Special Diagnostics, Statens Serum Institut, Denmark	Albertsen lab, Department of Chemistry and Bioscience, Aalborg University, Denmark	Danish Covid-19 Genome Consortia et al	B.1.236	FALSE	TRUE	FALSE
EPI_ISL_621823|2020-09-21	EPI_ISL_621823	Denmark/DCGC-6338/2020	2020-09-21	2020-09-21	Europe	DNK	Denmark	DNK	20A	B.1.236	Department of Virus and Microbiological Special Diagnostics, Statens Serum Institut, Denmark	Albertsen lab, Department of Chemistry and Bioscience, Aalborg University, Denmark	Danish Covid-19 Genome Consortia et al	B.1.236	FALSE	TRUE	FALSE
EPI_ISL_621926|2020-09-21	EPI_ISL_621926	Denmark/DCGC-4694/2020	2020-09-21	2020-09-21	Europe	DNK	Hovedstaden	DNK	20A	B.1.236	Department of Virus and Microbiological Special Diagnostics, Statens Serum Institut, Denmark	Albertsen lab, Department of Chemistry and Bioscience, Aalborg University, Denmark	Danish Covid-19 Genome Consortia et al	B.1.236	FALSE	TRUE	FALSE
EPI_ISL_621980|2020-09-21	EPI_ISL_621980	Denmark/DCGC-4160/2020	2020-09-21	2020-09-21	Europe	DNK	Hovedstaden	DNK	20A	B.1.236	Department of Virus and Microbiological Special Diagnostics, Statens Serum Institut, Denmark	Albertsen lab, Department of Chemistry and Bioscience, Aalborg University, Denmark	Danish Covid-19 Genome Consortia et al	B.1.236	FALSE	TRUE	FALSE
EPI_ISL_622324|2020-09-28	EPI_ISL_622324	Denmark/DCGC-6398/2020	2020-09-28	2020-09-28	Europe	DNK	Nordjylland	DNK	20A	B.1.236	Department of Virus and Microbiological Special Diagnostics, Statens Serum Institut, Denmark	Albertsen lab, Department of Chemistry and Bioscience, Aalborg University, Denmark	Danish Covid-19 Genome Consortia et al	B.1.236	FALSE	TRUE	FALSE
EPI_ISL_622671|2020-08-17	EPI_ISL_622671	Denmark/DCGC-3831/2020	2020-08-17	2020-08-17	Europe	DNK	Hovedstaden	DNK	20A	B.1.236	Department of Virus and Microbiological Special Diagnostics, Statens Serum Institut, Denmark	Albertsen lab, Department of Chemistry and Bioscience, Aalborg University, Denmark	Danish Covid-19 Genome Consortia et al	B.1.236	FALSE	TRUE	FALSE
EPI_ISL_623487|2020-10-21	EPI_ISL_623487	England/MILK-AB7824/2020	2020-10-21	2020-10-21	Europe	GBR	England	GBR	20A	B.1.236	Lighthouse Lab in Milton Keynes	Wellcome Sanger Institute for the COVID-19 Genomics UK (COG-UK) consortium	The Lighthouse Lab in Milton Keynes et al	B.1.236	FALSE	TRUE	FALSE
EPI_ISL_626237|2020-08-30	EPI_ISL_626237	Belgium/ULG-10600/2020	2020-08-30	2020-08-30	Europe	BEL	Liège	BEL	20A	B.1.236	Department of Clinical Microbiology	GIGA Medical Genomics	Keith Durkin et al	B.1.236	FALSE	TRUE	FALSE
EPI_ISL_626238|2020-08-30	EPI_ISL_626238	Belgium/ULG-10601/2020	2020-08-30	2020-08-30	Europe	BEL	Liège	BEL	20A	B.1.236	Department of Clinical Microbiology	GIGA Medical Genomics	Keith Durkin et al	B.1.236	FALSE	TRUE	FALSE
EPI_ISL_626250|2020-09-04	EPI_ISL_626250	Belgium/ULG-10608/2020	2020-09-04	2020-09-04	Europe	BEL	Liège	BEL	20A	B.1.236	Department of Clinical Microbiology	GIGA Medical Genomics	Keith Durkin et al	B.1.236	FALSE	TRUE	FALSE
EPI_ISL_627024|2020-10-19	EPI_ISL_627024	England/NORW-F205C/2020	2020-10-19	2020-10-19	Europe	GBR	England	GBR	20A	B.1.236	Quadram Institute Bioscience	COVID-19 Genomics UK (COG-UK) Consortium	Dave J. Baker et al	B.1.236	FALSE	TRUE	FALSE
EPI_ISL_627079|2020-10-05	EPI_ISL_627079	England/QEUH-A4D1FB/2020	2020-10-05	2020-10-05	Europe	GBR	England	GBR	20A	B.1.236	Oxford Viromics, NDM, University of Oxford; Oxford University Hospitals; Basingstoke and North Hampshire Hospital	COVID-19 Genomics UK (COG-UK) Consortium	Tanya Golubchik et al	B.1.236	FALSE	TRUE	FALSE
EPI_ISL_627166|2020-10-11	EPI_ISL_627166	England/CAMC-A66077/2020	2020-10-11	2020-10-11	Europe	GBR	England	GBR	20A	B.1.236	University of Exeter	COVID-19 Genomics UK (COG-UK) Consortium	Ben Temperton et al	B.1.236	FALSE	TRUE	FALSE
EPI_ISL_627570|2020-10-18	EPI_ISL_627570	England/NORW-F01F1/2020	2020-10-18	2020-10-18	Europe	GBR	England	GBR	20A	B.1.236	Quadram Institute Bioscience	COVID-19 Genomics UK (COG-UK) Consortium	Dave J. Baker et al	B.1.236	FALSE	TRUE	FALSE
EPI_ISL_629659|2020-10-22	EPI_ISL_629659	England/MILK-ACF4CB/2020	2020-10-22	2020-10-22	Europe	GBR	England	GBR	20A	B.1.236	Lighthouse Lab in Milton Keynes	Wellcome Sanger Institute for the COVID-19 Genomics UK (COG-UK) consortium	The Lighthouse Lab in Milton Keynes et al	B.1.236	FALSE	TRUE	FALSE
EPI_ISL_642831|2020-10-23	EPI_ISL_642831	England/MILK-B05DFA/2020	2020-10-23	2020-10-23	Europe	GBR	England	GBR	20A	B.1.236	Lighthouse Lab in Milton Keynes	Wellcome Sanger Institute for the COVID-19 Genomics UK (COG-UK) Consortium	The Lighthouse Lab in Milton Keynes et al	B.1.236	FALSE	TRUE	FALSE
EPI_ISL_648132|2020-08-13	EPI_ISL_648132	Sweden/20-52765/2020	2020-08-13	2020-08-13	Europe	SWE	Kronoberg	SWE	20A	B.1.236	The Public Health Agency of Sweden	The Public Health Agency of Sweden	Anna-Malin Linde et al	B.1.236	FALSE	TRUE	FALSE
EPI_ISL_648135|2020-10-06	EPI_ISL_648135	Sweden/20-53084/2020	2020-10-06	2020-10-06	Europe	SWE	Sweden	SWE	20A	B.1.236	The Public Health Agency of Sweden	The Public Health Agency of Sweden	Anna-Malin Linde et al	B.1.236	FALSE	TRUE	FALSE
EPI_ISL_650528|2020-10-26	EPI_ISL_650528	England/NORW-F4BFF/2020	2020-10-26	2020-10-26	Europe	GBR	England	GBR	20A	B.1.236	Quadram Institute Bioscience	COVID-19 Genomics UK (COG-UK) Consortium	Dave J. Baker et al	B.1.236	FALSE	TRUE	FALSE
EPI_ISL_652106|2020-10-04	EPI_ISL_652106	England/MILK-A23FB5/2020	2020-10-04	2020-10-04	Europe	GBR	England	GBR	20A	B.1.236	Centre for Enzyme Innovation, University of Portsmouth / Translational Research Laboratory, Portsmouth Hospitals NHS Trust	COVID-19 Genomics UK (COG-UK) Consortium	Angela Beckett et al	B.1.236	FALSE	TRUE	FALSE
EPI_ISL_671733|2020-10-26	EPI_ISL_671733	USA/NY-NYCPHL-001151/2020	2020-10-26	2020-10-26	North America	USA	New York	USA	20A	B.1.236	DOHMH Riverside	New York City Public Health Laboratory	Jade Wang et al	B.1.236	FALSE	TRUE	FALSE
EPI_ISL_673570|2020-11-15	EPI_ISL_673570	England/CAMC-B98DED/2020	2020-11-15	2020-11-15	Europe	GBR	England	GBR	20A	B.1.236	Lighthouse Lab in Cambridge	Wellcome Sanger Institute for the COVID-19 Genomics UK (COG-UK) Consortium	Rob Howes et al	B.1.236	FALSE	TRUE	FALSE
EPI_ISL_676511|2020-11-19	EPI_ISL_676511	England/204881375/2020	2020-11-19	2020-11-19	Europe	GBR	England	GBR	20A	B.1.236	Respiratory Virus Unit, Microbiology Services Colindale, Public Health England	COVID-19 Genomics UK (COG-UK) Consortium	PHE Covid Sequencing Team et al	B.1.236	FALSE	TRUE	FALSE
EPI_ISL_693807|2020-11-02	EPI_ISL_693807	Switzerland/SO-ETHZ-350107/2020	2020-11-02	2020-11-02	Europe	CHE	Solothurn	CHE	20A	B.1.236	Viollier AG	Department of Biosystems Science and Engineering, ETH Zürich	Christian Beisel et al	B.1.236	FALSE	FALSE	TRUE
EPI_ISL_693824|2020-11-02	EPI_ISL_693824	Switzerland/ZH-ETHZ-350126/2020	2020-11-02	2020-11-02	Europe	CHE	Zürich	CHE	20A	B.1.236	Viollier AG	Department of Biosystems Science and Engineering, ETH Zürich	Christian Beisel et al	B.1.236	FALSE	FALSE	TRUE
EPI_ISL_693869|2020-11-12	EPI_ISL_693869	Switzerland/BL-ETHZ-360009/2020	2020-11-12	2020-11-12	Europe	CHE	Basel-Land	CHE	20A	B.1.236	Viollier AG	Department of Biosystems Science and Engineering, ETH Zürich	Christian Beisel et al	B.1.236	FALSE	FALSE	TRUE
EPI_ISL_693998|2020-11-19	EPI_ISL_693998	Switzerland/ZH-ETHZ-370516/2020	2020-11-19	2020-11-19	Europe	CHE	Zürich	CHE	20A	B.1.236	Viollier AG	Department of Biosystems Science and Engineering, ETH Zürich	Christian Beisel et al	B.1.236	FALSE	FALSE	TRUE
EPI_ISL_707739|2020-09-07	EPI_ISL_707739	Belgium/ULG-10960/2020	2020-09-07	2020-09-07	Europe	BEL	Liège	BEL	20A	B.1.236	Department of Clinical Microbiology	GIGA Medical Genomics	Keith Durkin et al	B.1.236	FALSE	TRUE	FALSE
EPI_ISL_711567|2020-11-30	EPI_ISL_711567	Denmark/DCGC-14099/2020	2020-11-30	2020-11-30	Europe	DNK	Denmark	DNK	20A	B.1.236	Department of Virus and Microbiological Special Diagnostics, Statens Serum Institut, Copenhagen, Denmark	Albertsen Lab, Department of Chemistry and Bioscience, Aalborg University, Denmark	Danish Covid-19 Genome Consortium et al	B.1.236	FALSE	TRUE	FALSE
EPI_ISL_713502|2020-11-23	EPI_ISL_713502	Denmark/DCGC-15431/2020	2020-11-23	2020-11-23	Europe	DNK	Hovedstaden	DNK	20A	B.1.236	Department of Virus and Microbiological Special Diagnostics, Statens Serum Institut, Copenhagen, Denmark	Albertsen Lab, Department of Chemistry and Bioscience, Aalborg University, Denmark	Danish Covid-19 Genome Consortium et al	B.1.236	FALSE	TRUE	FALSE
EPI_ISL_720155|2020-11-18	EPI_ISL_720155	England/MILK-BB1BD5/2020	2020-11-18	2020-11-18	Europe	GBR	England	GBR	20A	B.1.236	Lighthouse Lab in Milton Keynes	Wellcome Sanger Institute for the COVID-19 Genomics UK (COG-UK) Consortium	The Lighthouse Lab in Milton Keynes et al	B.1.236	FALSE	TRUE	FALSE
EPI_ISL_721851|2020-12-01	EPI_ISL_721851	Switzerland/SG-ETHZ-390384/2020	2020-12-01	2020-12-01	Europe	CHE	Sankt Gallen	CHE	20A	B.1.236	Viollier AG	Department of Biosystems Science and Engineering, ETH Zürich	Christian Beisel et al	B.1.236	FALSE	FALSE	TRUE
EPI_ISL_721897|2020-10-26	EPI_ISL_721897	Switzerland/SZ-ETHZ-340088/2020	2020-10-26	2020-10-26	Europe	CHE	Schwyz	CHE	20A	B.1.236	Viollier AG	Department of Biosystems Science and Engineering, ETH Zürich	Christian Beisel et al	B.1.236	FALSE	FALSE	TRUE
EPI_ISL_728859|2020-11-09	EPI_ISL_728859	Switzerland/LU-ETHZ-360257/2020	2020-11-09	2020-11-09	Europe	CHE	Lucerne	CHE	20A	B.1.236	Viollier AG	Department of Biosystems Science and Engineering, ETH Zürich	Chaoran Chen et al	B.1.236	FALSE	FALSE	TRUE
EPI_ISL_729089|2020-12-10	EPI_ISL_729089	Switzerland/BL-ETHZ-400397/2020	2020-12-10	2020-12-10	Europe	CHE	Basel-Land	CHE	20A	B.1.236	Viollier AG	Department of Biosystems Science and Engineering, ETH Zürich	Christian Beisel et al	B.1.236	FALSE	FALSE	TRUE
EPI_ISL_729090|2020-12-04	EPI_ISL_729090	Switzerland/SH-ETHZ-400021/2020	2020-12-04	2020-12-04	Europe	CHE	Schaffhausen	CHE	20A	B.1.236	Viollier AG	Department of Biosystems Science and Engineering, ETH Zürich	Chaoran Chen et al	B.1.236	FALSE	FALSE	TRUE
EPI_ISL_729239|2020-11-09	EPI_ISL_729239	Switzerland/LU-ETHZ-360260/2020	2020-11-09	2020-11-09	Europe	CHE	Lucerne	CHE	20A	B.1.236	Viollier AG	Department of Biosystems Science and Engineering, ETH Zürich	Chaoran Chen et al	B.1.236	FALSE	FALSE	TRUE
EPI_ISL_729729|2020-11-30	EPI_ISL_729729	Germany/SH-ChVir20827/2020	2020-11-30	2020-11-30	Europe	DEU	Schleswig-Holstein	DEU	20A	B.1.236	A. Krumbholz, Labor Dr. Krause und Kollegen MVZ GmbH, Kiel	Charité Universitätsmedizin Berlin, Institut für Virologie	Victor M Corman et al	B.1.236	FALSE	TRUE	FALSE
EPI_ISL_733589|2020-12-08	EPI_ISL_733589	England/205082082/2020	2020-12-08	2020-12-08	Europe	GBR	England	GBR	20A	B.1.236	Respiratory Virus Unit, National Infection Service, Public Health England	COVID-19 Genomics UK (COG-UK) Consortium	PHE Covid Sequencing Team et al	B.1.236	FALSE	TRUE	FALSE
EPI_ISL_735773|2020-12-13	EPI_ISL_735773	England/MILK-C622BF/2020	2020-12-13	2020-12-13	Europe	GBR	England	GBR	20A	B.1.236	Lighthouse Lab in Milton Keynes	Wellcome Sanger Institute for the COVID-19 Genomics UK (COG-UK) Consortium	The Lighthouse Lab in Milton Keynes et al	B.1.236	FALSE	TRUE	FALSE
EPI_ISL_736794|2020-10-26	EPI_ISL_736794	Italy/CAM-TIGEM-4/2020	2020-10-26	2020-10-26	Europe	ITA	Campania	ITA	20A	B.1.236	Istituto Zooprofilattico Sperimentale del Mezzogiorno	TIGEM	Antonio Grimaldi et al	B.1.236	FALSE	TRUE	FALSE
EPI_ISL_736795|2020-10-26	EPI_ISL_736795	Italy/CAM-TIGEM-5/2020	2020-10-26	2020-10-26	Europe	ITA	Campania	ITA	20A	B.1.236	Istituto Zooprofilattico Sperimentale del Mezzogiorno	TIGEM	Antonio Grimaldi et al	B.1.236	FALSE	TRUE	FALSE
EPI_ISL_736803|2020-10-26	EPI_ISL_736803	Italy/CAM-TIGEM-16/2020	2020-10-26	2020-10-26	Europe	ITA	Campania	ITA	20A	B.1.236	Istituto Zooprofilattico Sperimentale del Mezzogiorno	TIGEM	Antonio Grimaldi et al	B.1.236	FALSE	TRUE	FALSE
EPI_ISL_736809|2020-10-26	EPI_ISL_736809	Italy/CAM-TIGEM-33/2020	2020-10-26	2020-10-26	Europe	ITA	Campania	ITA	20A	B.1.236	Istituto Zooprofilattico Sperimentale del Mezzogiorno	TIGEM	Antonio Grimaldi et al	B.1.236	FALSE	TRUE	FALSE
EPI_ISL_736849|2020-10-26	EPI_ISL_736849	Italy/CAM-TIGEM-111/2020	2020-10-26	2020-10-26	Europe	ITA	Campania	ITA	20A	B.1.236	Istituto Zooprofilattico Sperimentale del Mezzogiorno	TIGEM	Antonio Grimaldi et al	B.1.236	FALSE	TRUE	FALSE
EPI_ISL_737492|2020-12-17	EPI_ISL_737492	Switzerland/AG-ETHZ-410160/2020	2020-12-17	2020-12-17	Europe	CHE	Aargau	CHE	20A	B.1.236	Viollier AG	Department of Biosystems Science and Engineering, ETH Zürich	Chaoran Chen et al	B.1.236	FALSE	FALSE	TRUE
EPI_ISL_737532|2020-12-14	EPI_ISL_737532	Switzerland/ZH-ETHZ-410797/2020	2020-12-14	2020-12-14	Europe	CHE	Zürich	CHE	20A	B.1.236	Viollier AG	Department of Biosystems Science and Engineering, ETH Zürich	Chaoran Chen et al	B.1.236	FALSE	FALSE	TRUE
EPI_ISL_737839|2020-11-09	EPI_ISL_737839	Switzerland/VS-ETHZ-360051/2020	2020-11-09	2020-11-09	Europe	CHE	Valais	CHE	20A	B.1.236	Viollier AG	Department of Biosystems Science and Engineering, ETH Zürich	Chaoran Chen et al	B.1.236	FALSE	FALSE	TRUE
EPI_ISL_739826|2020-10-09	EPI_ISL_739826	Luxembourg/LNS0751416/2020	2020-10-09	2020-10-09	Europe	LUX	Luxembourg	LUX	20A	B.1.236	Laboratoire national de santé, Microbiology, Virology	Laboratoire national de santé, Microbiology, Microbial Genomics Platform	Anke Wienecke-Baldacchino et al	B.1.236	FALSE	TRUE	FALSE
EPI_ISL_744166|2020-10-25	EPI_ISL_744166	Luxembourg/LNS4978035/2020	2020-10-25	2020-10-25	Europe	LUX	Luxembourg	LUX	20A	B.1.236	Laboratoire national de santé, Microbiology, Virology	Laboratoire national de santé, Microbiology, Microbial Genomics Platform	Anke Wienecke-Baldacchino et al	B.1.236	FALSE	TRUE	FALSE
EPI_ISL_744612|2020-10-20	EPI_ISL_744612	Luxembourg/LNS7680363/2020	2020-10-20	2020-10-20	Europe	LUX	Luxembourg	LUX	20A	B.1.236	Laboratoire national de santé, Microbiology, Virology	Laboratoire national de santé, Microbiology, Microbial Genomics Platform	Anke Wienecke-Baldacchino et al	B.1.236	FALSE	TRUE	FALSE
EPI_ISL_754043|2020-08-05	EPI_ISL_754043	Germany/NI-ChVir-W1641-6728/2020	2020-08-05	2020-08-05	Europe	DEU	Niedersachsen	DEU	20A	B.1.236	Charité Universitätsmedizin Berlin, Institut für Virologie/Labor Berlin	Charité Universitätsmedizin Berlin, Institut für Virologie	Victor M Corman et al	B.1.236	FALSE	TRUE	FALSE
EPI_ISL_768650|2020-10-29	EPI_ISL_768650	Japan/IC-0441/2020	2020-10-29	2020-10-29	Asia	JPN	Japan	FRA	20A	B.1.236	Pathogen Genomics Center, National Institute of Infectious Diseases	Pathogen Genomics Center, National Institute of Infectious Diseases	Tsuyoshi Sekizuka et al	B.1.236	FALSE	TRUE	FALSE
EPI_ISL_775591|2020-12-21	EPI_ISL_775591	Sweden/20-53852/2020	2020-12-21	2020-12-21	Europe	SWE	Vastra Gotaland	SWE	20A	B.1.236	Klinisk mikrobiologi	The Public Health Agency of Sweden	Department of Microbiology et al	B.1.236	FALSE	TRUE	FALSE
EPI_ISL_776904|2020-10-26	EPI_ISL_776904	Italy/CAM-TIGEM-228/2020	2020-10-26	2020-10-26	Europe	ITA	Campania	ITA	20A	B.1.236	Istituto Zooprofilattico Sperimentale del Mezzogiorno	TIGEM	Antonio Grimaldi et al	B.1.236	FALSE	TRUE	FALSE
EPI_ISL_776907|2020-10-26	EPI_ISL_776907	Italy/CAM-TIGEM-232/2020	2020-10-26	2020-10-26	Europe	ITA	Campania	ITA	20A	B.1.236	Istituto Zooprofilattico Sperimentale del Mezzogiorno	TIGEM	Antonio Grimaldi et al	B.1.236	FALSE	TRUE	FALSE
EPI_ISL_776908|2020-10-26	EPI_ISL_776908	Italy/CAM-TIGEM-227/2020	2020-10-26	2020-10-26	Europe	ITA	Campania	ITA	20A	B.1.236	Istituto Zooprofilattico Sperimentale del Mezzogiorno	TIGEM	Antonio Grimaldi et al	B.1.236	FALSE	TRUE	FALSE
EPI_ISL_776909|2020-10-26	EPI_ISL_776909	Italy/CAM-TIGEM-224/2020	2020-10-26	2020-10-26	Europe	ITA	Campania	ITA	20A	B.1.236	Istituto Zooprofilattico Sperimentale del Mezzogiorno	TIGEM	Antonio Grimaldi et al	B.1.236	FALSE	TRUE	FALSE
EPI_ISL_776958|2020-10-26	EPI_ISL_776958	Italy/CAM-TIGEM-266/2020	2020-10-26	2020-10-26	Europe	ITA	Campania	ITA	20A	B.1.236	Istituto Zooprofilattico Sperimentale del Mezzogiorno	TIGEM	Antonio Grimaldi et al	B.1.236	FALSE	TRUE	FALSE
EPI_ISL_781589|2020-12-22	EPI_ISL_781589	England/CAMC-D04245/2020	2020-12-22	2020-12-22	Europe	GBR	England	GBR	20A	B.1.236	Lighthouse Lab in Cambridge	Wellcome Sanger Institute for the COVID-19 Genomics UK (COG-UK) Consortium	Rob Howes et al	B.1.236	FALSE	TRUE	FALSE
EPI_ISL_815257|2020-09-05	EPI_ISL_815257	Albania/Cento-30536457/2020	2020-09-05	2020-09-05	Europe	ALB	Albania	ALB	20A	B.1.236	Centogene	Centogene	Peter Bauer et al	B.1.236	FALSE	TRUE	FALSE
EPI_ISL_815315|2020-08-12	EPI_ISL_815315	Germany/HE-Cento-32479386/2020	2020-08-12	2020-08-12	Europe	DEU	Hesse	DEU	20A	B.1.236	Centogene	Centogene	Peter Bauer et al	B.1.236	FALSE	TRUE	FALSE
EPI_ISL_815327|2020-08-14	EPI_ISL_815327	Germany/HE-Cento-32381750/2020	2020-08-14	2020-08-14	Europe	DEU	Hesse	DEU	20A	B.1.236	Centogene	Centogene	Peter Bauer et al	B.1.236	FALSE	TRUE	FALSE
EPI_ISL_819941|2020-12-23	EPI_ISL_819941	England/LOND-12F3171/2020	2020-12-23	2020-12-23	Europe	GBR	England	GBR	20A	B.1.236	University College London, Great Ormond Street Hospital for Children NHS Foundation Trust, Imperial College Healthcare NHS Trust	COVID-19 Genomics UK (COG-UK) Consortium	Sergi Castellano et al	B.1.236	FALSE	TRUE	FALSE
EPI_ISL_826855|2020-08-09	EPI_ISL_826855	Iceland/3162/2020	2020-08-09	2020-08-09	Europe	ISL	Reykjavik	KOS	20A	B.1.236	The National University Hospital of Iceland	deCODE genetics	Daniel F Gudbjartsson et al	B.1.236	FALSE	TRUE	FALSE
EPI_ISL_828862|2020-08-15	EPI_ISL_828862	Iceland/5175/2020	2020-08-15	2020-08-15	Europe	ISL	Reykjavik	AUT	20A	B.1.236	The National University Hospital of Iceland	deCODE genetics	Daniel F Gudbjartsson et al	B.1.236	FALSE	TRUE	FALSE
EPI_ISL_852616|2020-12-15	EPI_ISL_852616	Slovenia/MB21-3/2020	2020-12-15	2020-12-15	Europe	SVN	Slovenia	SVN	20A	B.1.236	National Laboratory for Health, Environment and Food	National Laboratory for Health, Environment and Food	Aleksander Mahnic et al	B.1.236	FALSE	TRUE	FALSE
EPI_ISL_854241|2020-08-28	EPI_ISL_854241	Austria/CeMM1376/2020	2020-08-28	2020-08-28	Europe	AUT	Vienna	AUT	20A	B.1.236	Center for Virology, Medical University of Vienna	Bergthaler laboratory, CeMM Research Center for Molecular Medicine of the Austrian Academy of Sciences	Lukas Endler et al	B.1.236	FALSE	TRUE	FALSE
EPI_ISL_892231|2020-08-26	EPI_ISL_892231	Wales/MILK-993591/2020	2020-08-26	2020-08-26	Europe	GBR	Wales	GBR	20A	B.1.236	Lighthouse Lab in Milton Keynes	Wellcome Sanger Institute for the COVID-19 Genomics UK (COG-UK) Consortium	The Lighthouse Lab in Milton Keynes et al	B.1.236	FALSE	TRUE	FALSE
EPI_ISL_899932|2020-12-25	EPI_ISL_899932	Switzerland/ZH-ETHZ-430875/2020	2020-12-25	2020-12-25	Europe	CHE	Zürich	CHE	20A	B.1.236	Viollier AG	Department of Biosystems Science and Engineering, ETH Zürich	Christian Beisel et al	B.1.236	FALSE	FALSE	TRUE
EPI_ISL_900102|2020-07-27	EPI_ISL_900102	France/PAC-IHUCOVID-2785/2020	2020-07-27	2020-07-27	Europe	FRA	Provence-Alpes-Côte d'Azur	FRA	20A	B.1.236	MEPHI, Aix Marseille University	MEPHI, Aix Marseille University	Anthony LEVASSEUR et al	B.1.236	FALSE	TRUE	FALSE
EPI_ISL_918492|2020-10-22	EPI_ISL_918492	NorthMacedonia/16230/2020	2020-10-22	2020-10-22	Europe	MKD	Northeastern Region MK	MKD	20A	B.1.236	General Hospital - Kumanovo	Research Center for Genetic Engineering and Biotechnology "Georgi D. Efremov” , Macedonian Academy of Sciences and Arts	RCGEB - MASA et al	B.1.236	FALSE	TRUE	FALSE
EPI_ISL_925411|2020-08-24	EPI_ISL_925411	Belgium/ULG-11456/2020	2020-08-24	2020-08-24	Europe	BEL	Liège	BEL	20A	B.1.236	Department of Clinical Microbiology	GIGA Medical Genomics	Keith Durkin et al	B.1.236	FALSE	TRUE	FALSE
EPI_ISL_930978|2020-10-21	EPI_ISL_930978	Switzerland/BS-UHB-42496677/2020	2020-10-21	2020-10-21	Europe	CHE	Solothurn	CHE	20A	B.1.236	University Hospital Basel, Clinical Virology	University Hospital Basel, Clinical Bacteriology	Tim Roloff et al	B.1.236	FALSE	FALSE	TRUE
EPI_ISL_931140|2020-10-25	EPI_ISL_931140	Switzerland/BS-UHB-42502725/2020	2020-10-25	2020-10-25	Europe	CHE	Basel-Land	CHE	20A	B.1.236	University Hospital Basel, Clinical Virology	University Hospital Basel, Clinical Bacteriology	Tim Roloff et al	B.1.236	FALSE	FALSE	TRUE
EPI_ISL_940694|2020-12	EPI_ISL_940694	Slovenia/MB_120598/2020	2020-12	2020-12-01	Europe	SVN	Slovenia	SVN	20A	B.1.236	National Laboratory for Health, Environment and Food	National Laboratory for Health, Environment and Food	Aleksander Mahnic et al	B.1.236	FALSE	TRUE	FALSE
EPI_ISL_940707|2020-12	EPI_ISL_940707	Slovenia/MB_127207/2020	2020-12	2020-12-01	Europe	SVN	Slovenia	SVN	20A	B.1.236	National Laboratory for Health, Environment and Food	National Laboratory for Health, Environment and Food	Aleksander Mahnic et al	B.1.236	FALSE	TRUE	FALSE
EPI_ISL_959906|2020-08-07	EPI_ISL_959906	Germany/HH-HPI-p3013/2020	2020-08-07	2020-08-07	Europe	DEU	Hamburg	DEU	20A	B.1.236	University Medical Center Hamburg Eppendorf	Heinrich Pette Institute, Leibniz Institute for Experimental Virology	Alexis Robitaille et al	B.1.236	FALSE	TRUE	FALSE
EPI_ISL_960081|2020-08-05	EPI_ISL_960081	Germany/HH-HPI-p2818/2020	2020-08-05	2020-08-05	Europe	DEU	Hamburg	DEU	20A	B.1.236	University Medical Center Hamburg Eppendorf	Heinrich Pette Institute, Leibniz Institute for Experimental Virology	Alexis Robitaille et al	B.1.236	FALSE	TRUE	FALSE
EPI_ISL_960084|2020-08-03	EPI_ISL_960084	Germany/HH-HPI-p2915/2020	2020-08-03	2020-08-03	Europe	DEU	Hamburg	DEU	20A	B.1.236	University Medical Center Hamburg Eppendorf	Heinrich Pette Institute, Leibniz Institute for Experimental Virology	Alexis Robitaille et al	B.1.236	FALSE	TRUE	FALSE
EPI_ISL_960093|2020-07-28	EPI_ISL_960093	Germany/HH-HPI-p3010/2020	2020-07-28	2020-07-28	Europe	DEU	Hamburg	DEU	20A	B.1.236	University Medical Center Hamburg Eppendorf	Heinrich Pette Institute, Leibniz Institute for Experimental Virology	Alexis Robitaille et al	B.1.236	FALSE	TRUE	FALSE
