tree_label	gisaid_epi_isl	strain	date_str	date	region	iso_country	division	iso_country_exposure	nextstrain_clade	pangolin_lineage	originating_lab	submitting_lab	authors	tree_pangolin_lineage	travel_context	similarity_context	focal_sequence
EPI_ISL_1119576|2020-11-04	EPI_ISL_1119576	Switzerland/SO-ETHZ-501025/2020	2020-11-04	2020-11-04	Europe	CHE	Solothurn	CHE	20A	B.1.36.17	Viollier AG	Department of Biosystems Science and Engineering, ETH Zürich	Chaoran Chen et al	B.1.36.17	FALSE	FALSE	TRUE
EPI_ISL_1119902|2020-11-10	EPI_ISL_1119902	Switzerland/ZH-ETHZ-501617/2020	2020-11-10	2020-11-10	Europe	CHE	Zürich	CHE	20A	B.1.36.17	Viollier AG	Department of Biosystems Science and Engineering, ETH Zürich	Chaoran Chen et al	B.1.36.17	FALSE	FALSE	TRUE
EPI_ISL_1360627|2020-11-09	EPI_ISL_1360627	Switzerland/BE-ETHZ-530064/2020	2020-11-09	2020-11-09	Europe	CHE	Bern	CHE	20A	B.1.36.17	Viollier AG	Department of Biosystems Science and Engineering, ETH Zürich	Christian Beisel et al	B.1.36.17	FALSE	FALSE	TRUE
EPI_ISL_1388324|2020-10-21	EPI_ISL_1388324	Switzerland/BS-UHB-42496622/2020	2020-10-21	2020-10-21	Europe	DEU	Baden-Wuerttemberg	DEU	20A	B.1.36.17	University Hospital Basel, Clinical Virology	University Hospital Basel, Clinical Bacteriology	Tim Roloff et al	B.1.36.17	FALSE	TRUE	FALSE
EPI_ISL_1388326|2020-10-21	EPI_ISL_1388326	Switzerland/BS-UHB-42496634/2020	2020-10-21	2020-10-21	Europe	DEU	Baden-Wuerttemberg	DEU	20A	B.1.36.17	University Hospital Basel, Clinical Virology	University Hospital Basel, Clinical Bacteriology	Tim Roloff et al	B.1.36.17	FALSE	TRUE	FALSE
EPI_ISL_1408227|2020-11-07	EPI_ISL_1408227	Switzerland/BE-ETHZ-531355/2020	2020-11-07	2020-11-07	Europe	CHE	Bern	CHE	20A	B.1.36.17	Viollier AG	Department of Biosystems Science and Engineering, ETH Zürich	Chaoran Chen et al	B.1.36.17	FALSE	FALSE	TRUE
EPI_ISL_402125|2019-12-26	EPI_ISL_402125	Wuhan/Hu-1/2019	2019-12-26	2019-12-26	Asia	CHN	Hubei	CHN	19A	B	National Institute for Communicable Disease Control and Prevention (ICDC) Chinese Center for Disease Control and Prevention (China CDC)	National Institute for Communicable Disease Control and Prevention (ICDC) Chinese Center for Disease Control and Prevention (China CDC)	Zhang et al	B	FALSE	FALSE	FALSE
EPI_ISL_406798|2019-12-26	EPI_ISL_406798	Wuhan/WH01/2019	2019-12-26	2019-12-26	Asia	CHN	Hubei	CHN	19A	B	General Hospital of Central Theater Command of People's Liberation Army of China	BGI & Institute of Microbiology, Chinese Academy of Sciences & Shandong First Medical University & Shandong Academy of Medical Sciences & General Hospital of Central Theater Command of People's Liberation Army of China	Weijun Chen et al	B	FALSE	FALSE	FALSE
EPI_ISL_559817|2020-09-02	EPI_ISL_559817	England/QEUH-9AD093/2020	2020-09-02	2020-09-02	Europe	GBR	England	GBR	20A	B.1.36.17	Oxford Viromics, NDM, University of Oxford; Oxford University Hospitals; Basingstoke and North Hampshire Hospital	COVID-19 Genomics UK (COG-UK) Consortium	Tanya Golubchik et al	B.1.36.17	FALSE	TRUE	FALSE
EPI_ISL_568201|2020-09-09	EPI_ISL_568201	England/ALDP-9BE211/2020	2020-09-09	2020-09-09	Europe	GBR	England	GBR	20A	B.1.36.17	Lighthouse Lab in Alderley Park	Wellcome Sanger Institute for the COVID-19 Genomics UK (COG-UK) consortium	Jacquelyn Wynn et al	B.1.36.17	FALSE	TRUE	FALSE
EPI_ISL_572723|2020-09-07	EPI_ISL_572723	England/QEUH-9B9FE2/2020	2020-09-07	2020-09-07	Europe	GBR	England	GBR	20A	B.1.36.17	Oxford Viromics, NDM, University of Oxford; Oxford University Hospitals; Basingstoke and North Hampshire Hospital	COVID-19 Genomics UK (COG-UK) Consortium	Tanya Golubchik et al	B.1.36.17	FALSE	TRUE	FALSE
EPI_ISL_573053|2020-09-09	EPI_ISL_573053	England/ALDP-9BCB36/2020	2020-09-09	2020-09-09	Europe	GBR	England	GBR	20A	B.1.36.17	Oxford Viromics, NDM, University of Oxford; Oxford University Hospitals; Basingstoke and North Hampshire Hospital	COVID-19 Genomics UK (COG-UK) Consortium	Tanya Golubchik et al	B.1.36.17	FALSE	TRUE	FALSE
EPI_ISL_573058|2020-09-09	EPI_ISL_573058	England/ALDP-9BCBAF/2020	2020-09-09	2020-09-09	Europe	GBR	England	GBR	20A	B.1.36.17	Oxford Viromics, NDM, University of Oxford; Oxford University Hospitals; Basingstoke and North Hampshire Hospital	COVID-19 Genomics UK (COG-UK) Consortium	Tanya Golubchik et al	B.1.36.17	FALSE	TRUE	FALSE
EPI_ISL_573628|2020-09-07	EPI_ISL_573628	England/QEUH-9BABA1/2020	2020-09-07	2020-09-07	Europe	GBR	England	GBR	20A	B.1.36.17	Oxford Viromics, NDM, University of Oxford; Oxford University Hospitals; Basingstoke and North Hampshire Hospital	COVID-19 Genomics UK (COG-UK) Consortium	Tanya Golubchik et al	B.1.36.17	FALSE	TRUE	FALSE
EPI_ISL_576599|2020-09-18	EPI_ISL_576599	England/ALDP-9D792C/2020	2020-09-18	2020-09-18	Europe	GBR	England	GBR	20A	B.1.36.17	Oxford Viromics, NDM, University of Oxford; Oxford University Hospitals; Basingstoke and North Hampshire Hospital	COVID-19 Genomics UK (COG-UK) Consortium	Tanya Golubchik et al	B.1.36.17	FALSE	TRUE	FALSE
EPI_ISL_576609|2020-09-17	EPI_ISL_576609	England/ALDP-9D7A56/2020	2020-09-17	2020-09-17	Europe	GBR	England	GBR	20A	B.1.36.17	Oxford Viromics, NDM, University of Oxford; Oxford University Hospitals; Basingstoke and North Hampshire Hospital	COVID-19 Genomics UK (COG-UK) Consortium	Tanya Golubchik et al	B.1.36.17	FALSE	TRUE	FALSE
EPI_ISL_576709|2020-09-18	EPI_ISL_576709	England/ALDP-9D9210/2020	2020-09-18	2020-09-18	Europe	GBR	England	GBR	20A	B.1.36.17	Oxford Viromics, NDM, University of Oxford; Oxford University Hospitals; Basingstoke and North Hampshire Hospital	COVID-19 Genomics UK (COG-UK) Consortium	Tanya Golubchik et al	B.1.36.17	FALSE	TRUE	FALSE
EPI_ISL_594890|2020-09-24	EPI_ISL_594890	England/MILK-9EEF6C/2020	2020-09-24	2020-09-24	Europe	GBR	England	GBR	20A	B.1.36.17	Oxford Viromics, NDM, University of Oxford; Oxford University Hospitals; Basingstoke and North Hampshire Hospital	COVID-19 Genomics UK (COG-UK) Consortium	Tanya Golubchik et al	B.1.36.17	FALSE	TRUE	FALSE
EPI_ISL_595256|2020-10-13	EPI_ISL_595256	England/NOTT-1156F6/2020	2020-10-13	2020-10-13	Europe	GBR	England	GBR	20A	B.1.36.17	Queens Medical Centre, Clinical Microbiology Department / DeepSeq Nottingham	COVID-19 Genomics UK (COG-UK) Consortium	Gemma Clark et al	B.1.36.17	FALSE	TRUE	FALSE
EPI_ISL_611969|2020-10-01	EPI_ISL_611969	England/MILK-A18D22/2020	2020-10-01	2020-10-01	Europe	GBR	England	GBR	20A	B.1.36.17	Wales Specialist Virology Centre Sequencing lab: Pathogen Genomics Unit	COVID-19 Genomics UK (COG-UK) Consortium	Catherine Moore et al	B.1.36.17	FALSE	TRUE	FALSE
EPI_ISL_612494|2020-09-30	EPI_ISL_612494	England/MILK-A19240/2020	2020-09-30	2020-09-30	Europe	GBR	England	GBR	20A	B.1.36.17	Wales Specialist Virology Centre Sequencing lab: Pathogen Genomics Unit	COVID-19 Genomics UK (COG-UK) Consortium	Catherine Moore et al	B.1.36.17	FALSE	TRUE	FALSE
EPI_ISL_651099|2020-10-04	EPI_ISL_651099	England/MILK-A23FD3/2020	2020-10-04	2020-10-04	Europe	GBR	England	GBR	20A	B.1.36.17	Centre for Enzyme Innovation, University of Portsmouth / Translational Research Laboratory, Portsmouth Hospitals NHS Trust	COVID-19 Genomics UK (COG-UK) Consortium	Angela Beckett et al	B.1.36.17	FALSE	TRUE	FALSE
EPI_ISL_665649|2020-11-12	EPI_ISL_665649	England/LOND-1250F4B/2020	2020-11-12	2020-11-12	Europe	GBR	England	GBR	20A	B.1.36.17	University College London Hospital	COVID-19 Genomics UK (COG-UK) Consortium	Judith Heaney et al	B.1.36.17	FALSE	TRUE	FALSE
EPI_ISL_665661|2020-11-08	EPI_ISL_665661	England/LOND-12F047B/2020	2020-11-08	2020-11-08	Europe	GBR	England	GBR	20A	B.1.36.17	University College London, Great Ormond Street Hospital for Children NHS Foundation Trust, Imperial College Healthcare NHS Trust	COVID-19 Genomics UK (COG-UK) Consortium	Sergi Castellano et al	B.1.36.17	FALSE	TRUE	FALSE
EPI_ISL_704872|2020-11-01	EPI_ISL_704872	England/MILK-B3A6F1/2020	2020-11-01	2020-11-01	Europe	GBR	England	GBR	20A	B.1.36.17	Oxford Viromics, NDM, University of Oxford; Oxford University Hospitals; Basingstoke and North Hampshire Hospital	COVID-19 Genomics UK (COG-UK) Consortium	Tanya Golubchik et al	B.1.36.17	FALSE	TRUE	FALSE
EPI_ISL_721857|2020-10-28	EPI_ISL_721857	Switzerland/SH-ETHZ-340166/2020	2020-10-28	2020-10-28	Europe	CHE	Schaffhausen	CHE	20A	B.1.36.17	Viollier AG	Department of Biosystems Science and Engineering, ETH Zürich	Christian Beisel et al	B.1.36.17	FALSE	FALSE	TRUE
EPI_ISL_728884|2020-11-09	EPI_ISL_728884	Switzerland/BL-ETHZ-360234/2020	2020-11-09	2020-11-09	Europe	CHE	Basel-Land	CHE	20A	B.1.36.17	Viollier AG	Department of Biosystems Science and Engineering, ETH Zürich	Chaoran Chen et al	B.1.36.17	FALSE	FALSE	TRUE
EPI_ISL_766287|2020-12-04	EPI_ISL_766287	England/205041401/2020	2020-12-04	2020-12-04	Europe	GBR	England	GBR	20A	B.1.36.17	Respiratory Virus Unit, National Infection Service, Public Health England	COVID-19 Genomics UK (COG-UK) Consortium	PHE Covid Sequencing Team et al	B.1.36.17	FALSE	TRUE	FALSE
EPI_ISL_930896|2020-10-18	EPI_ISL_930896	Switzerland/BS-UHB-42490415/2020	2020-10-18	2020-10-18	Europe	CHE	Solothurn	CHE	20A	B.1.36.17	University Hospital Basel, Clinical Virology	University Hospital Basel, Clinical Bacteriology	Tim Roloff et al	B.1.36.17	FALSE	FALSE	TRUE
EPI_ISL_930902|2020-10-18	EPI_ISL_930902	Switzerland/BS-UHB-42490599/2020	2020-10-18	2020-10-18	Europe	CHE	Solothurn	CHE	20A	B.1.36.17	University Hospital Basel, Clinical Virology	University Hospital Basel, Clinical Bacteriology	Tim Roloff et al	B.1.36.17	FALSE	FALSE	TRUE
EPI_ISL_931103|2020-10-24	EPI_ISL_931103	Switzerland/BS-UHB-42501830/2020	2020-10-24	2020-10-24	Europe	CHE	Graubünden	CHE	20A	B.1.36.17	University Hospital Basel, Clinical Virology	University Hospital Basel, Clinical Bacteriology	Tim Roloff et al	B.1.36.17	FALSE	FALSE	TRUE
EPI_ISL_931182|2020-10-26	EPI_ISL_931182	Switzerland/BS-UHB-42504267/2020	2020-10-26	2020-10-26	Europe	CHE	Basel-Stadt	CHE	20A	B.1.36.17	University Hospital Basel, Clinical Virology	University Hospital Basel, Clinical Bacteriology	Tim Roloff et al	B.1.36.17	FALSE	FALSE	TRUE
