tree_label	gisaid_epi_isl	strain	date_str	date	region	iso_country	division	iso_country_exposure	nextstrain_clade	pangolin_lineage	originating_lab	submitting_lab	authors	tree_pangolin_lineage	travel_context	similarity_context	focal_sequence
EPI_ISL_402125|2019-12-26	EPI_ISL_402125	Wuhan/Hu-1/2019	2019-12-26	2019-12-26	Asia	CHN	Hubei	CHN	19A	B	National Institute for Communicable Disease Control and Prevention (ICDC) Chinese Center for Disease Control and Prevention (China CDC)	National Institute for Communicable Disease Control and Prevention (ICDC) Chinese Center for Disease Control and Prevention (China CDC)	Zhang et al	B	FALSE	FALSE	FALSE
EPI_ISL_406798|2019-12-26	EPI_ISL_406798	Wuhan/WH01/2019	2019-12-26	2019-12-26	Asia	CHN	Hubei	CHN	19A	B	General Hospital of Central Theater Command of People's Liberation Army of China	BGI & Institute of Microbiology, Chinese Academy of Sciences & Shandong First Medical University & Shandong Academy of Medical Sciences & General Hospital of Central Theater Command of People's Liberation Army of China	Weijun Chen et al	B	FALSE	FALSE	FALSE
EPI_ISL_483320|2020-03-28	EPI_ISL_483320	USA/CA-ALSR-0715-SAN/2020	2020-03-28	2020-03-28	North America	USA	California	USA	20A	B.1.415	UC San Diego Center for Advanced Laboratory Medicine	Andersen lab at Scripps Research	SEARCH Alliance San Diego with David Pride et al	B.1.415	FALSE	TRUE	FALSE
EPI_ISL_508139|2020-03-22	EPI_ISL_508139	Australia/SA0448/2020	2020-03-22	2020-03-22	Oceania	AUS	South Australia	AUS	20A	B.1.415	SA Pathology	SA Pathology	Lex Leong et al	B.1.415	FALSE	TRUE	FALSE
EPI_ISL_581685|2020-04-06	EPI_ISL_581685	Switzerland/BL-42222531/2020	2020-04-06	2020-04-06	Europe	CHE	Basel-Land	CHE	20A	B.1.415	University Hospital Basel, Clinical Virology	University Hospital Basel, Clinical Bacteriology	Madlen Stange et al	B.1.415	FALSE	FALSE	TRUE
