tree_label	gisaid_epi_isl	strain	date_str	date	region	iso_country	division	iso_country_exposure	nextstrain_clade	pangolin_lineage	originating_lab	submitting_lab	authors	tree_pangolin_lineage	travel_context	similarity_context	focal_sequence
EPI_ISL_1259985|2020-11-16	EPI_ISL_1259985	Switzerland/BE-ETHZ-510575/2020	2020-11-16	2020-11-16	Europe	CHE	Bern	CHE	20A	B.1.213	Viollier AG	Department of Biosystems Science and Engineering, ETH Zürich	Christian Beisel et al	B.1.213	FALSE	FALSE	TRUE
EPI_ISL_402125|2019-12-26	EPI_ISL_402125	Wuhan/Hu-1/2019	2019-12-26	2019-12-26	Asia	CHN	Hubei	CHN	19A	B	National Institute for Communicable Disease Control and Prevention (ICDC) Chinese Center for Disease Control and Prevention (China CDC)	National Institute for Communicable Disease Control and Prevention (ICDC) Chinese Center for Disease Control and Prevention (China CDC)	Zhang et al	B	FALSE	FALSE	FALSE
EPI_ISL_406798|2019-12-26	EPI_ISL_406798	Wuhan/WH01/2019	2019-12-26	2019-12-26	Asia	CHN	Hubei	CHN	19A	B	General Hospital of Central Theater Command of People's Liberation Army of China	BGI & Institute of Microbiology, Chinese Academy of Sciences & Shandong First Medical University & Shandong Academy of Medical Sciences & General Hospital of Central Theater Command of People's Liberation Army of China	Weijun Chen et al	B	FALSE	FALSE	FALSE
EPI_ISL_828024|2020-11-03	EPI_ISL_828024	Iceland/4332/2020	2020-11-03	2020-11-03	Europe	ISL	Reykjavik	POL	20A	B.1.213	deCODE genetics	deCODE genetics	Daniel F Gudbjartsson et al	B.1.213	FALSE	TRUE	FALSE
EPI_ISL_828708|2020-10-27	EPI_ISL_828708	Iceland/5020/2020	2020-10-27	2020-10-27	Europe	ISL	Reykjavik	POL	20A	B.1.213	deCODE genetics	deCODE genetics	Daniel F Gudbjartsson et al	B.1.213	FALSE	TRUE	FALSE
