tree_label	gisaid_epi_isl	strain	date_str	date	region	iso_country	division	iso_country_exposure	nextstrain_clade	pangolin_lineage	originating_lab	submitting_lab	authors	tree_pangolin_lineage	travel_context	similarity_context	focal_sequence
EPI_ISL_1004781|2020-12-30	EPI_ISL_1004781	Switzerland/VS-ETHZ-431524/2020	2020-12-30	2020-12-30	Europe	CHE	Valais	CHE	20A	B.1.416.1	Viollier AG	Department of Biosystems Science and Engineering, ETH Zürich	Chaoran Chen et al	B.1.416.1	FALSE	FALSE	TRUE
EPI_ISL_1005135|2020-11-13	EPI_ISL_1005135	Switzerland/SO-ETHZ-370050/2020	2020-11-13	2020-11-13	Europe	CHE	Solothurn	CHE	20A	B.1.416.1	Viollier AG	Department of Biosystems Science and Engineering, ETH Zürich	Chaoran Chen et al	B.1.416.1	FALSE	FALSE	TRUE
EPI_ISL_1109662|2020-12-22	EPI_ISL_1109662	Spain/VC-IBV-98012510/2020	2020-12-22	2020-12-22	Europe	ESP	Comunitat Valenciana	ESP	20A	B.1.416.1	Servicio de Microbiología. Hospital Clínico Universitario de Valencia	SeqCOVID-SPAIN consortium/IBV(CSIC)	David Navarro Ortega et al	B.1.416.1	FALSE	TRUE	FALSE
EPI_ISL_1109672|2020-12-22	EPI_ISL_1109672	Spain/VC-IBV-98012523/2020	2020-12-22	2020-12-22	Europe	ESP	Comunitat Valenciana	ESP	20A	B.1.416.1	Servicio de Microbiología. Hospital Clínico Universitario de Valencia	SeqCOVID-SPAIN consortium/IBV(CSIC)	David Navarro Ortega et al	B.1.416.1	FALSE	TRUE	FALSE
EPI_ISL_1109714|2020-12-22	EPI_ISL_1109714	Spain/VC-IBV-98012566/2020	2020-12-22	2020-12-22	Europe	ESP	Comunitat Valenciana	ESP	20A	B.1.416.1	Servicio de Microbiología. Hospital Clínico Universitario de Valencia	SeqCOVID-SPAIN consortium/IBV(CSIC)	David Navarro Ortega et al	B.1.416.1	FALSE	TRUE	FALSE
EPI_ISL_1109726|2020-12-22	EPI_ISL_1109726	Spain/VC-IBV-98012578/2020	2020-12-22	2020-12-22	Europe	ESP	Comunitat Valenciana	ESP	20A	B.1.416.1	Servicio de Microbiología. Hospital Clínico Universitario de Valencia	SeqCOVID-SPAIN consortium/IBV(CSIC)	David Navarro Ortega et al	B.1.416.1	FALSE	TRUE	FALSE
EPI_ISL_1109730|2020-12-23	EPI_ISL_1109730	Spain/VC-IBV-98018130/2020	2020-12-23	2020-12-23	Europe	ESP	Comunitat Valenciana	ESP	20A	B.1.416.1	Servicio de Microbiología. Hospital Arnau de Vilanova	SeqCOVID-SPAIN consortium/IBV(CSIC)	Victoria Domínguez et al	B.1.416.1	FALSE	TRUE	FALSE
EPI_ISL_1109732|2020-12-28	EPI_ISL_1109732	Spain/VC-IBV-98018132/2020	2020-12-28	2020-12-28	Europe	ESP	Comunitat Valenciana	ESP	20A	B.1.416.1	Servicio de Microbiología. Hospital Arnau de Vilanova	SeqCOVID-SPAIN consortium/IBV(CSIC)	Victoria Domínguez et al	B.1.416.1	FALSE	TRUE	FALSE
EPI_ISL_1109733|2020-12-22	EPI_ISL_1109733	Spain/VC-IBV-98018133/2020	2020-12-22	2020-12-22	Europe	ESP	Comunitat Valenciana	ESP	20A	B.1.416.1	Servicio de Microbiología. Hospital Arnau de Vilanova	SeqCOVID-SPAIN consortium/IBV(CSIC)	Victoria Domínguez et al	B.1.416.1	FALSE	TRUE	FALSE
EPI_ISL_1118991|2020-11-04	EPI_ISL_1118991	Switzerland/ZH-ETHZ-500978/2020	2020-11-04	2020-11-04	Europe	CHE	Zürich	CHE	20A	B.1.416.1	Viollier AG	Department of Biosystems Science and Engineering, ETH Zürich	Chaoran Chen et al	B.1.416.1	FALSE	FALSE	TRUE
EPI_ISL_1119025|2020-11-07	EPI_ISL_1119025	Switzerland/AG-ETHZ-501193/2020	2020-11-07	2020-11-07	Europe	CHE	Aargau	CHE	20A	B.1.416.1	Viollier AG	Department of Biosystems Science and Engineering, ETH Zürich	Chaoran Chen et al	B.1.416.1	FALSE	FALSE	TRUE
EPI_ISL_1119462|2020-11-02	EPI_ISL_1119462	Switzerland/BE-ETHZ-500037/2020	2020-11-02	2020-11-02	Europe	CHE	Bern	CHE	20A	B.1.416.1	Viollier AG	Department of Biosystems Science and Engineering, ETH Zürich	Chaoran Chen et al	B.1.416.1	FALSE	FALSE	TRUE
EPI_ISL_1119477|2020-11-02	EPI_ISL_1119477	Switzerland/BE-ETHZ-500027/2020	2020-11-02	2020-11-02	Europe	CHE	Bern	CHE	20A	B.1.416.1	Viollier AG	Department of Biosystems Science and Engineering, ETH Zürich	Chaoran Chen et al	B.1.416.1	FALSE	FALSE	TRUE
EPI_ISL_1119520|2020-11-02	EPI_ISL_1119520	Switzerland/ZH-ETHZ-500883/2020	2020-11-02	2020-11-02	Europe	CHE	Zürich	CHE	20A	B.1.416.1	Viollier AG	Department of Biosystems Science and Engineering, ETH Zürich	Chaoran Chen et al	B.1.416.1	FALSE	FALSE	TRUE
EPI_ISL_1119524|2020-11-04	EPI_ISL_1119524	Switzerland/AG-ETHZ-500999/2020	2020-11-04	2020-11-04	Europe	CHE	Aargau	CHE	20A	B.1.416.1	Viollier AG	Department of Biosystems Science and Engineering, ETH Zürich	Chaoran Chen et al	B.1.416.1	FALSE	FALSE	TRUE
EPI_ISL_1119536|2020-11-04	EPI_ISL_1119536	Switzerland/AG-ETHZ-501016/2020	2020-11-04	2020-11-04	Europe	CHE	Aargau	CHE	20A	B.1.416.1	Viollier AG	Department of Biosystems Science and Engineering, ETH Zürich	Chaoran Chen et al	B.1.416.1	FALSE	FALSE	TRUE
EPI_ISL_1119806|2020-11-09	EPI_ISL_1119806	Switzerland/AG-ETHZ-501406/2020	2020-11-09	2020-11-09	Europe	CHE	Aargau	CHE	20A	B.1.416.1	Viollier AG	Department of Biosystems Science and Engineering, ETH Zürich	Chaoran Chen et al	B.1.416.1	FALSE	FALSE	TRUE
EPI_ISL_1119878|2020-11-09	EPI_ISL_1119878	Switzerland/SO-ETHZ-501386/2020	2020-11-09	2020-11-09	Europe	CHE	Solothurn	CHE	20A	B.1.416.1	Viollier AG	Department of Biosystems Science and Engineering, ETH Zürich	Chaoran Chen et al	B.1.416.1	FALSE	FALSE	TRUE
EPI_ISL_1130443|2020-12-31	EPI_ISL_1130443	Switzerland/SO-ETHZ-430738/2020	2020-12-31	2020-12-31	Europe	CHE	Solothurn	CHE	20A	B.1.416.1	Viollier AG	Department of Biosystems Science and Engineering, ETH Zürich	Chaoran Chen et al	B.1.416.1	FALSE	FALSE	TRUE
EPI_ISL_1130819|2020-08-31	EPI_ISL_1130819	Switzerland/ZH-ETHZ-270195/2020	2020-08-31	2020-08-31	Europe	CHE	Zürich	CHE	20A	B.1.416.1	Viollier AG	Department of Biosystems Science and Engineering, ETH Zürich	Christian Beisel et al	B.1.416.1	FALSE	FALSE	TRUE
EPI_ISL_1157097|2020-12-14	EPI_ISL_1157097	Germany/BW-RKI-I-026883/2020	2020-12-14	2020-12-14	Europe	DEU	Baden-Wuerttemberg	DEU	20A	B.1.416.1	Eurofins LifeCodexx GmbH	Robert Koch Institute	?	B.1.416.1	FALSE	TRUE	FALSE
EPI_ISL_1179780|2020-08-08	EPI_ISL_1179780	Spain/NC-IBV-97020599/2020	2020-08-08	2020-08-08	Europe	ESP	Navarra	ESP	20A	B.1.416.1	Clínica Universidad de Navarra. Servicio de Enfermedades Infecciosas y Microbiología clínica	SeqCOVID-SPAIN consortium/IBV(CSIC)	Mirian Fernández-Alonso et al	B.1.416.1	FALSE	TRUE	FALSE
EPI_ISL_1179785|2020-08-13	EPI_ISL_1179785	Spain/NC-IBV-97020602/2020	2020-08-13	2020-08-13	Europe	ESP	Navarra	ESP	20A	B.1.416.1	Clínica Universidad de Navarra. Servicio de Enfermedades Infecciosas y Microbiología clínica	SeqCOVID-SPAIN consortium/IBV(CSIC)	Mirian Fernández-Alonso et al	B.1.416.1	FALSE	TRUE	FALSE
EPI_ISL_1179788|2020-08-01	EPI_ISL_1179788	Spain/NC-IBV-97020603/2020	2020-08-01	2020-08-01	Europe	ESP	Navarra	ESP	20A	B.1.416.1	Clínica Universidad de Navarra. Servicio de Enfermedades Infecciosas y Microbiología clínica	SeqCOVID-SPAIN consortium/IBV(CSIC)	Mirian Fernández-Alonso et al	B.1.416.1	FALSE	TRUE	FALSE
EPI_ISL_1259559|2020-11-30	EPI_ISL_1259559	Switzerland/SO-ETHZ-521404/2020	2020-11-30	2020-11-30	Europe	CHE	Solothurn	CHE	20A	B.1.416.1	Viollier AG	Department of Biosystems Science and Engineering, ETH Zürich	Chaoran Chen et al	B.1.416.1	FALSE	FALSE	TRUE
EPI_ISL_1259902|2020-11-25	EPI_ISL_1259902	Switzerland/AG-ETHZ-520172/2020	2020-11-25	2020-11-25	Europe	CHE	Aargau	CHE	20A	B.1.416.1	Viollier AG	Department of Biosystems Science and Engineering, ETH Zürich	Christian Beisel et al	B.1.416.1	FALSE	FALSE	TRUE
EPI_ISL_1260152|2020-11-25	EPI_ISL_1260152	Switzerland/BL-ETHZ-520187/2020	2020-11-25	2020-11-25	Europe	CHE	Basel-Land	CHE	20A	B.1.416.1	Viollier AG	Department of Biosystems Science and Engineering, ETH Zürich	Christian Beisel et al	B.1.416.1	FALSE	FALSE	TRUE
EPI_ISL_1260214|2020-12-03	EPI_ISL_1260214	Switzerland/GR-ETHZ-521565/2020	2020-12-03	2020-12-03	Europe	CHE	Graubünden	CHE	20A	B.1.416.1	Viollier AG	Department of Biosystems Science and Engineering, ETH Zürich	Chaoran Chen et al	B.1.416.1	FALSE	FALSE	TRUE
EPI_ISL_1260224|2020-12-03	EPI_ISL_1260224	Switzerland/GR-ETHZ-521562/2020	2020-12-03	2020-12-03	Europe	CHE	Graubünden	CHE	20A	B.1.416.1	Viollier AG	Department of Biosystems Science and Engineering, ETH Zürich	Chaoran Chen et al	B.1.416.1	FALSE	FALSE	TRUE
EPI_ISL_1260229|2020-12-02	EPI_ISL_1260229	Switzerland/GR-ETHZ-521505/2020	2020-12-02	2020-12-02	Europe	CHE	Graubünden	CHE	20A	B.1.416.1	Viollier AG	Department of Biosystems Science and Engineering, ETH Zürich	Chaoran Chen et al	B.1.416.1	FALSE	FALSE	TRUE
EPI_ISL_1260376|2020-11-15	EPI_ISL_1260376	Switzerland/SO-ETHZ-510526/2020	2020-11-15	2020-11-15	Europe	CHE	Solothurn	CHE	20A	B.1.416.1	Viollier AG	Department of Biosystems Science and Engineering, ETH Zürich	Christian Beisel et al	B.1.416.1	FALSE	FALSE	TRUE
EPI_ISL_1260384|2020-11-20	EPI_ISL_1260384	Switzerland/SO-ETHZ-520059/2020	2020-11-20	2020-11-20	Europe	CHE	Solothurn	CHE	20A	B.1.416.1	Viollier AG	Department of Biosystems Science and Engineering, ETH Zürich	Christian Beisel et al	B.1.416.1	FALSE	FALSE	TRUE
EPI_ISL_1260394|2020-11-25	EPI_ISL_1260394	Switzerland/SO-ETHZ-520203/2020	2020-11-25	2020-11-25	Europe	CHE	Solothurn	CHE	20A	B.1.416.1	Viollier AG	Department of Biosystems Science and Engineering, ETH Zürich	Christian Beisel et al	B.1.416.1	FALSE	FALSE	TRUE
EPI_ISL_1260399|2020-11-30	EPI_ISL_1260399	Switzerland/SO-ETHZ-521397/2020	2020-11-30	2020-11-30	Europe	CHE	Solothurn	CHE	20A	B.1.416.1	Viollier AG	Department of Biosystems Science and Engineering, ETH Zürich	Chaoran Chen et al	B.1.416.1	FALSE	FALSE	TRUE
EPI_ISL_1273469|2020-11-22	EPI_ISL_1273469	Switzerland/BS-UHB-42551557/2020	2020-11-22	2020-11-22	Europe	CHE	Basel-Stadt	CHE	20A	B.1.416.1	University Hospital Basel, Clinical Virology	University Hospital Basel, Clinical Bacteriology	Tim Roloff et al	B.1.416.1	FALSE	FALSE	TRUE
EPI_ISL_1311075|2020-12-11	EPI_ISL_1311075	Netherlands/LI-EMC-308/2020	2020-12-11	2020-12-11	Europe	NLD	Limburg	NLD	20A	B.1.416.1	Dutch COVID-19 response team	Erasmus Medical Center	Bas Oude Munnink et al	B.1.416.1	FALSE	TRUE	FALSE
EPI_ISL_1360471|2020-11-12	EPI_ISL_1360471	Switzerland/AG-ETHZ-530230/2020	2020-11-12	2020-11-12	Europe	CHE	Aargau	CHE	20A	B.1.416.1	Viollier AG	Department of Biosystems Science and Engineering, ETH Zürich	Christian Beisel et al	B.1.416.1	FALSE	FALSE	TRUE
EPI_ISL_1360522|2020-11-12	EPI_ISL_1360522	Switzerland/AG-ETHZ-530169/2020	2020-11-12	2020-11-12	Europe	CHE	Aargau	CHE	20A	B.1.416.1	Viollier AG	Department of Biosystems Science and Engineering, ETH Zürich	Christian Beisel et al	B.1.416.1	FALSE	FALSE	TRUE
EPI_ISL_1360683|2020-11-13	EPI_ISL_1360683	Switzerland/BE-ETHZ-531510/2020	2020-11-13	2020-11-13	Europe	CHE	Bern	CHE	20A	B.1.416.1	Viollier AG	Department of Biosystems Science and Engineering, ETH Zürich	Chaoran Chen et al	B.1.416.1	FALSE	FALSE	TRUE
EPI_ISL_1360694|2020-11-09	EPI_ISL_1360694	Switzerland/BE-ETHZ-530066/2020	2020-11-09	2020-11-09	Europe	CHE	Bern	CHE	20A	B.1.416.1	Viollier AG	Department of Biosystems Science and Engineering, ETH Zürich	Christian Beisel et al	B.1.416.1	FALSE	FALSE	TRUE
EPI_ISL_1360985|2020-11-11	EPI_ISL_1360985	Switzerland/NE-ETHZ-530685/2020	2020-11-11	2020-11-11	Europe	CHE	Neuchâtel	CHE	20A	B.1.416.1	Viollier AG	Department of Biosystems Science and Engineering, ETH Zürich	Chaoran Chen et al	B.1.416.1	FALSE	FALSE	TRUE
EPI_ISL_1361081|2020-11-12	EPI_ISL_1361081	Switzerland/SO-ETHZ-530240/2020	2020-11-12	2020-11-12	Europe	CHE	Solothurn	CHE	20A	B.1.416.1	Viollier AG	Department of Biosystems Science and Engineering, ETH Zürich	Christian Beisel et al	B.1.416.1	FALSE	FALSE	TRUE
EPI_ISL_1361082|2020-11-12	EPI_ISL_1361082	Switzerland/SO-ETHZ-530241/2020	2020-11-12	2020-11-12	Europe	CHE	Solothurn	CHE	20A	B.1.416.1	Viollier AG	Department of Biosystems Science and Engineering, ETH Zürich	Christian Beisel et al	B.1.416.1	FALSE	FALSE	TRUE
EPI_ISL_1389144|2020-09-18	EPI_ISL_1389144	England/TFCI-27079E3/2020	2020-09-18	2020-09-18	Europe	GBR	England	GBR	20A	B.1.416.1	Bioinformatics and Biostatistics Lab, Advanced Sequencing Facility	COVID-19 Genomics UK (COG-UK) Consortium	Aengus Stewart et al	B.1.416.1	FALSE	TRUE	FALSE
EPI_ISL_1389145|2020-09-18	EPI_ISL_1389145	England/TFCI-27079F2/2020	2020-09-18	2020-09-18	Europe	GBR	England	GBR	20A	B.1.416.1	Bioinformatics and Biostatistics Lab, Advanced Sequencing Facility	COVID-19 Genomics UK (COG-UK) Consortium	Aengus Stewart et al	B.1.416.1	FALSE	TRUE	FALSE
EPI_ISL_1407658|2020-11-23	EPI_ISL_1407658	Switzerland/NE-ETHZ-520445/2020	2020-11-23	2020-11-23	Europe	CHE	Neuchâtel	CHE	20A	B.1.416.1	Viollier AG	Department of Biosystems Science and Engineering, ETH Zürich	Chaoran Chen et al	B.1.416.1	FALSE	FALSE	TRUE
EPI_ISL_1408276|2020-11-23	EPI_ISL_1408276	Switzerland/AG-ETHZ-520541/2020	2020-11-23	2020-11-23	Europe	CHE	Aargau	CHE	20A	B.1.416.1	Viollier AG	Department of Biosystems Science and Engineering, ETH Zürich	Chaoran Chen et al	B.1.416.1	FALSE	FALSE	TRUE
EPI_ISL_1408312|2020-11-07	EPI_ISL_1408312	Switzerland/SO-ETHZ-531289/2020	2020-11-07	2020-11-07	Europe	CHE	Solothurn	CHE	20A	B.1.416.1	Viollier AG	Department of Biosystems Science and Engineering, ETH Zürich	Chaoran Chen et al	B.1.416.1	FALSE	FALSE	TRUE
EPI_ISL_1408389|2020-11-30	EPI_ISL_1408389	Switzerland/SO-ETHZ-520849/2020	2020-11-30	2020-11-30	Europe	CHE	Solothurn	CHE	20A	B.1.416.1	Viollier AG	Department of Biosystems Science and Engineering, ETH Zürich	Chaoran Chen et al	B.1.416.1	FALSE	FALSE	TRUE
EPI_ISL_1408542|2020-12-02	EPI_ISL_1408542	Switzerland/BE-ETHZ-520894/2020	2020-12-02	2020-12-02	Europe	CHE	Bern	CHE	20A	B.1.416.1	Viollier AG	Department of Biosystems Science and Engineering, ETH Zürich	Chaoran Chen et al	B.1.416.1	FALSE	FALSE	TRUE
EPI_ISL_1408610|2020-11-07	EPI_ISL_1408610	Switzerland/BE-ETHZ-531358/2020	2020-11-07	2020-11-07	Europe	CHE	Bern	CHE	20A	B.1.416.1	Viollier AG	Department of Biosystems Science and Engineering, ETH Zürich	Chaoran Chen et al	B.1.416.1	FALSE	FALSE	TRUE
EPI_ISL_1408752|2020-11-07	EPI_ISL_1408752	Switzerland/SO-ETHZ-531286/2020	2020-11-07	2020-11-07	Europe	CHE	Solothurn	CHE	20A	B.1.416.1	Viollier AG	Department of Biosystems Science and Engineering, ETH Zürich	Chaoran Chen et al	B.1.416.1	FALSE	FALSE	TRUE
EPI_ISL_1496237|2020-10-23	EPI_ISL_1496237	Switzerland/BE-ETHZ-340024/2020	2020-10-23	2020-10-23	Europe	CHE	Bern	CHE	20A	B.1.416.1	Viollier AG	Department of Biosystems Science and Engineering, ETH Zürich	Christian Beisel et al	B.1.416.1	FALSE	FALSE	TRUE
EPI_ISL_1496534|2020-10-20	EPI_ISL_1496534	Switzerland/GE-ETHZ-330879/2020	2020-10-20	2020-10-20	Europe	CHE	Geneva	CHE	20A	B.1.416.1	Viollier AG	Department of Biosystems Science and Engineering, ETH Zürich	Christian Beisel et al	B.1.416.1	FALSE	FALSE	TRUE
EPI_ISL_1598959|2020-12-07	EPI_ISL_1598959	Switzerland/BL-ETHZ-550473/2020	2020-12-07	2020-12-07	Europe	CHE	Basel-Land	CHE	20A	B.1.416.1	Viollier AG	Department of Biosystems Science and Engineering, ETH Zürich	Chaoran Chen et al	B.1.416.1	FALSE	FALSE	TRUE
EPI_ISL_1598960|2020-12-07	EPI_ISL_1598960	Switzerland/BL-ETHZ-550474/2020	2020-12-07	2020-12-07	Europe	CHE	Basel-Land	CHE	20A	B.1.416.1	Viollier AG	Department of Biosystems Science and Engineering, ETH Zürich	Chaoran Chen et al	B.1.416.1	FALSE	FALSE	TRUE
EPI_ISL_1682474|2020-12-23	EPI_ISL_1682474	Switzerland/BL-ETHZ-560738/2020	2020-12-23	2020-12-23	Europe	CHE	Basel-Land	CHE	20A	B.1.416.1	Viollier AG	Department of Biosystems Science and Engineering, ETH Zürich	Chaoran Chen et al	B.1.416.1	FALSE	FALSE	TRUE
EPI_ISL_1682495|2020-12-23	EPI_ISL_1682495	Switzerland/BL-ETHZ-560737/2020	2020-12-23	2020-12-23	Europe	CHE	Basel-Land	CHE	20A	B.1.416.1	Viollier AG	Department of Biosystems Science and Engineering, ETH Zürich	Chaoran Chen et al	B.1.416.1	FALSE	FALSE	TRUE
EPI_ISL_1749738|2020-12-17	EPI_ISL_1749738	Switzerland/GR-ETHZ-580502/2020	2020-12-17	2020-12-17	Europe	CHE	Graubünden	CHE	20A	B.1.416.1	Viollier AG	Department of Biosystems Science and Engineering, ETH Zürich	Chaoran Chen et al	B.1.416.1	FALSE	FALSE	TRUE
EPI_ISL_1751751|2020-11-03	EPI_ISL_1751751	Germany/BY-MVP-000003075/2020	2020-11-03	2020-11-03	Europe	DEU	Bavaria	DEU	20A	B.1.416.1	Max von Pettenkofer Institute, Virology, National Reference Center for Retroviruses, LMU Munich	Laboratory for Functional Genome Analysis; Dept. Genomics; Gene Center of the LMU Munich	Max Muenchhoff et al	B.1.416.1	FALSE	TRUE	FALSE
EPI_ISL_1833935|2020-10-01	EPI_ISL_1833935	England/TFCI-270A4A3/2020	2020-10-01	2020-10-01	Europe	GBR	England	GBR	20A	B.1.416.1	Bioinformatics and Biostatistics Lab, Advanced Sequencing Facility	COVID-19 Genomics UK (COG-UK) Consortium	Aengus Stewart et al	B.1.416.1	FALSE	TRUE	FALSE
EPI_ISL_1833944|2020-10-01	EPI_ISL_1833944	England/TFCI-270A546/2020	2020-10-01	2020-10-01	Europe	GBR	England	GBR	20A	B.1.416.1	Bioinformatics and Biostatistics Lab, Advanced Sequencing Facility	COVID-19 Genomics UK (COG-UK) Consortium	Aengus Stewart et al	B.1.416.1	FALSE	TRUE	FALSE
EPI_ISL_1916147|2020-10-26	EPI_ISL_1916147	Spain/VC-IBV-98014549/2020	2020-10-26	2020-10-26	Europe	ESP	Balear Islands	ESP	20A	B.1.416.1	Hospital Universitario de La Ribera (Alzira, València)	SeqCOVID-SPAIN consortium/IBV(CSIC)	Olalla Martínez Macias et al	B.1.416.1	FALSE	TRUE	FALSE
EPI_ISL_1916148|2020-10-26	EPI_ISL_1916148	Spain/VC-IBV-98014550/2020	2020-10-26	2020-10-26	Europe	ESP	Comunitat Valenciana	ESP	20A	B.1.416.1	Hospital Universitario de La Ribera (Alzira, València)	SeqCOVID-SPAIN consortium/IBV(CSIC)	Olalla Martínez Macias et al	B.1.416.1	FALSE	TRUE	FALSE
EPI_ISL_2017543|2020-09-02	EPI_ISL_2017543	Spain/IB-HUSE-00048/2020	2020-09-02	2020-09-02	Europe	ESP	Balear Islands	ESP	20A	B.1.416.1	HOSPITAL UNIVERSITARIO SON ESPASES	HOSPITAL UNIVERSITARIO SON ESPASES	Carla López-Causapé et al	B.1.416.1	FALSE	TRUE	FALSE
EPI_ISL_402125|2019-12-26	EPI_ISL_402125	Wuhan/Hu-1/2019	2019-12-26	2019-12-26	Asia	CHN	Hubei	CHN	19A	B	National Institute for Communicable Disease Control and Prevention (ICDC) Chinese Center for Disease Control and Prevention (China CDC)	National Institute for Communicable Disease Control and Prevention (ICDC) Chinese Center for Disease Control and Prevention (China CDC)	Zhang et al	B	FALSE	FALSE	FALSE
EPI_ISL_406798|2019-12-26	EPI_ISL_406798	Wuhan/WH01/2019	2019-12-26	2019-12-26	Asia	CHN	Hubei	CHN	19A	B	General Hospital of Central Theater Command of People's Liberation Army of China	BGI & Institute of Microbiology, Chinese Academy of Sciences & Shandong First Medical University & Shandong Academy of Medical Sciences & General Hospital of Central Theater Command of People's Liberation Army of China	Weijun Chen et al	B	FALSE	FALSE	FALSE
EPI_ISL_523903|2020-08-13	EPI_ISL_523903	Switzerland/ZH-ETHZ-240063/2020	2020-08-13	2020-08-13	Europe	CHE	Zürich	CHE	20A	B.1.416.1	Viollier AG	Department of Biosystems Science and Engineering, ETH Zürich	Christian Beisel et al	B.1.416.1	FALSE	FALSE	TRUE
EPI_ISL_531782|2020-08-10	EPI_ISL_531782	England/QEUH-963433/2020	2020-08-10	2020-08-10	Europe	GBR	England	GBR	20A	B.1.416.1	Lighthouse Lab in Glasgow	Wellcome Sanger Institute for the COVID-19 Genomics UK (COG-UK) consortium	Harper VanSteenhouse et al	B.1.416.1	FALSE	TRUE	FALSE
EPI_ISL_534547|2020-08-20	EPI_ISL_534547	Scotland/QEUH-96D33C/2020	2020-08-20	2020-08-20	Europe	GBR	Scotland	GBR	20A	B.1.416.1	NHSGGC West of Scotland Specialist Virology Centre / MRC-University of Glasgow Centre for Virus Research	Wellcome Sanger Institute for the COVID-19 Genomics UK (COG-UK) consortium	Ana da Silva Filipe et al	B.1.416.1	FALSE	TRUE	FALSE
EPI_ISL_535107|2020-08-29	EPI_ISL_535107	Scotland/CVR4007/2020	2020-08-29	2020-08-29	Europe	GBR	Scotland	GBR	20A	B.1.416.1	West of Scotland Specialist Virology Centre, NHSGGC / MRC-University of Glasgow Centre for Virus Research	COVID-19 Genomics UK (COG-UK) Consortium	Ana da Silva Filipe et al	B.1.416.1	FALSE	TRUE	FALSE
EPI_ISL_535137|2020-08-30	EPI_ISL_535137	Scotland/CVR4040/2020	2020-08-30	2020-08-30	Europe	GBR	Scotland	GBR	20A	B.1.416.1	West of Scotland Specialist Virology Centre, NHSGGC / MRC-University of Glasgow Centre for Virus Research	COVID-19 Genomics UK (COG-UK) Consortium	Ana da Silva Filipe et al	B.1.416.1	FALSE	TRUE	FALSE
EPI_ISL_535165|2020-08-31	EPI_ISL_535165	Scotland/CVR4074/2020	2020-08-31	2020-08-31	Europe	GBR	Scotland	GBR	20A	B.1.416.1	West of Scotland Specialist Virology Centre, NHSGGC / MRC-University of Glasgow Centre for Virus Research	COVID-19 Genomics UK (COG-UK) Consortium	Ana da Silva Filipe et al	B.1.416.1	FALSE	TRUE	FALSE
EPI_ISL_535605|2020-08-19	EPI_ISL_535605	Switzerland/AG-ETHZ-250086/2020	2020-08-19	2020-08-19	Europe	CHE	Aargau	CHE	20A	B.1.416.1	Viollier AG	Department of Biosystems Science and Engineering, ETH Zürich	Christian Beisel et al	B.1.416.1	FALSE	FALSE	TRUE
EPI_ISL_535643|2020-08-17	EPI_ISL_535643	Switzerland/ZH-ETHZ-250138/2020	2020-08-17	2020-08-17	Europe	CHE	Zürich	CHE	20A	B.1.416.1	Viollier AG	Department of Biosystems Science and Engineering, ETH Zürich	Christian Beisel et al	B.1.416.1	FALSE	FALSE	TRUE
EPI_ISL_539991|2020-08-28	EPI_ISL_539991	Scotland/QEUH-98FAC6/2020	2020-08-28	2020-08-28	Europe	GBR	Scotland	GBR	20A	B.1.416.1	Lighthouse Lab in Glasgow	Wellcome Sanger Institute for the COVID-19 Genomics UK (COG-UK) consortium	Harper VanSteenhouse et al	B.1.416.1	FALSE	TRUE	FALSE
EPI_ISL_540370|2020-08-25	EPI_ISL_540370	England/QEUH-98F194/2020	2020-08-25	2020-08-25	Europe	GBR	England	GBR	20A	B.1.416.1	Lighthouse Lab in Glasgow	Wellcome Sanger Institute for the COVID-19 Genomics UK (COG-UK) consortium	Harper VanSteenhouse et al	B.1.416.1	FALSE	TRUE	FALSE
EPI_ISL_540378|2020-08-25	EPI_ISL_540378	England/QEUH-98F4C8/2020	2020-08-25	2020-08-25	Europe	GBR	England	GBR	20A	B.1.416.1	Lighthouse Lab in Glasgow	Wellcome Sanger Institute for the COVID-19 Genomics UK (COG-UK) consortium	Harper VanSteenhouse et al	B.1.416.1	FALSE	TRUE	FALSE
EPI_ISL_540780|2020-08-28	EPI_ISL_540780	Scotland/CVR3983/2020	2020-08-28	2020-08-28	Europe	GBR	Scotland	GBR	20A	B.1.416.1	West of Scotland Specialist Virology Centre, NHSGGC / MRC-University of Glasgow Centre for Virus Research	COVID-19 Genomics UK (COG-UK) Consortium	Ana da Silva Filipe et al	B.1.416.1	FALSE	TRUE	FALSE
EPI_ISL_540782|2020-08-29	EPI_ISL_540782	Scotland/CVR3985/2020	2020-08-29	2020-08-29	Europe	GBR	Scotland	GBR	20A	B.1.416.1	West of Scotland Specialist Virology Centre, NHSGGC / MRC-University of Glasgow Centre for Virus Research	COVID-19 Genomics UK (COG-UK) Consortium	Ana da Silva Filipe et al	B.1.416.1	FALSE	TRUE	FALSE
EPI_ISL_540783|2020-08-30	EPI_ISL_540783	Scotland/CVR3986/2020	2020-08-30	2020-08-30	Europe	GBR	Scotland	GBR	20A	B.1.416.1	West of Scotland Specialist Virology Centre, NHSGGC / MRC-University of Glasgow Centre for Virus Research	COVID-19 Genomics UK (COG-UK) Consortium	Ana da Silva Filipe et al	B.1.416.1	FALSE	TRUE	FALSE
EPI_ISL_540788|2020-09-02	EPI_ISL_540788	Scotland/CVR3991/2020	2020-09-02	2020-09-02	Europe	GBR	Scotland	GBR	20A	B.1.416.1	West of Scotland Specialist Virology Centre, NHSGGC / MRC-University of Glasgow Centre for Virus Research	COVID-19 Genomics UK (COG-UK) Consortium	Ana da Silva Filipe et al	B.1.416.1	FALSE	TRUE	FALSE
EPI_ISL_540831|2020-08-31	EPI_ISL_540831	Scotland/CVR4143/2020	2020-08-31	2020-08-31	Europe	GBR	Scotland	GBR	20A	B.1.416.1	Lighthouse Lab in Glasgow / MRC-University of Glasgow Centre for Virus Research	COVID-19 Genomics UK (COG-UK) Consortium	Ana da Silva Filipe et al	B.1.416.1	FALSE	TRUE	FALSE
EPI_ISL_540859|2020-08-30	EPI_ISL_540859	Scotland/CVR4183/2020	2020-08-30	2020-08-30	Europe	GBR	Scotland	GBR	20A	B.1.416.1	Lighthouse Lab in Glasgow / MRC-University of Glasgow Centre for Virus Research	COVID-19 Genomics UK (COG-UK) Consortium	Ana da Silva Filipe et al	B.1.416.1	FALSE	TRUE	FALSE
EPI_ISL_541895|2020-07-28	EPI_ISL_541895	Spain/MD-IBV-99007121/2020	2020-07-28	2020-07-28	Europe	ESP	Madrid	ESP	20A	B.1.416.1	Hospital General Universitario Gregorio Marañón	SeqCOVID-SPAIN consortium/IBV(CSIC)	Laura Pérez-Lago et al	B.1.416.1	FALSE	TRUE	FALSE
EPI_ISL_541919|2020-08-07	EPI_ISL_541919	Spain/MD-IBV-99007147/2020	2020-08-07	2020-08-07	Europe	ESP	Madrid	ESP	20A	B.1.416.1	Hospital General Universitario Gregorio Marañón	SeqCOVID-SPAIN consortium/IBV(CSIC)	Laura Pérez-Lago et al	B.1.416.1	FALSE	TRUE	FALSE
EPI_ISL_549960|2020-09-03	EPI_ISL_549960	England/MILK-9A5611/2020	2020-09-03	2020-09-03	Europe	GBR	England	GBR	20A	B.1.416.1	Lighthouse Lab in Milton Keynes	Wellcome Sanger Institute for the COVID-19 Genomics UK (COG-UK) consortium	The Lighthouse Lab in Milton Keynes et al	B.1.416.1	FALSE	TRUE	FALSE
EPI_ISL_549998|2020-09-01	EPI_ISL_549998	England/MILK-9A8D64/2020	2020-09-01	2020-09-01	Europe	GBR	England	GBR	20A	B.1.416.1	Lighthouse Lab in Milton Keynes	Wellcome Sanger Institute for the COVID-19 Genomics UK (COG-UK) consortium	The Lighthouse Lab in Milton Keynes et al	B.1.416.1	FALSE	TRUE	FALSE
EPI_ISL_550043|2020-09-03	EPI_ISL_550043	England/MILK-9A563F/2020	2020-09-03	2020-09-03	Europe	GBR	England	GBR	20A	B.1.416.1	Lighthouse Lab in Milton Keynes	Wellcome Sanger Institute for the COVID-19 Genomics UK (COG-UK) consortium	The Lighthouse Lab in Milton Keynes et al	B.1.416.1	FALSE	TRUE	FALSE
EPI_ISL_550061|2020-09-01	EPI_ISL_550061	England/MILK-9A8D37/2020	2020-09-01	2020-09-01	Europe	GBR	England	GBR	20A	B.1.416.1	Lighthouse Lab in Milton Keynes	Wellcome Sanger Institute for the COVID-19 Genomics UK (COG-UK) consortium	The Lighthouse Lab in Milton Keynes et al	B.1.416.1	FALSE	TRUE	FALSE
EPI_ISL_550072|2020-09-02	EPI_ISL_550072	England/MILK-9A6B99/2020	2020-09-02	2020-09-02	Europe	GBR	England	GBR	20A	B.1.416.1	Lighthouse Lab in Milton Keynes	Wellcome Sanger Institute for the COVID-19 Genomics UK (COG-UK) consortium	The Lighthouse Lab in Milton Keynes et al	B.1.416.1	FALSE	TRUE	FALSE
EPI_ISL_550170|2020-09-01	EPI_ISL_550170	England/MILK-9A6962/2020	2020-09-01	2020-09-01	Europe	GBR	England	GBR	20A	B.1.416.1	Lighthouse Lab in Milton Keynes	Wellcome Sanger Institute for the COVID-19 Genomics UK (COG-UK) consortium	The Lighthouse Lab in Milton Keynes et al	B.1.416.1	FALSE	TRUE	FALSE
EPI_ISL_550342|2020-08-30	EPI_ISL_550342	England/MILK-999F15/2020	2020-08-30	2020-08-30	Europe	GBR	England	GBR	20A	B.1.416.1	Lighthouse Lab in Milton Keynes	Wellcome Sanger Institute for the COVID-19 Genomics UK (COG-UK) consortium	The Lighthouse Lab in Milton Keynes et al	B.1.416.1	FALSE	TRUE	FALSE
EPI_ISL_550485|2020-08-01	EPI_ISL_550485	England/MILK-978996/2020	2020-08-01	2020-08-01	Europe	GBR	England	GBR	20A	B.1.416.1	Lighthouse Lab in Milton Keynes	Wellcome Sanger Institute for the COVID-19 Genomics UK (COG-UK) Consortium	The Lighthouse Lab in Milton Keynes et al	B.1.416.1	FALSE	TRUE	FALSE
EPI_ISL_551051|2020-09-01	EPI_ISL_551051	England/MILK-9A8F8C/2020	2020-09-01	2020-09-01	Europe	GBR	England	GBR	20A	B.1.416.1	Lighthouse Lab in Milton Keynes	Wellcome Sanger Institute for the COVID-19 Genomics UK (COG-UK) consortium	The Lighthouse Lab in Milton Keynes et al	B.1.416.1	FALSE	TRUE	FALSE
EPI_ISL_551892|2020-08-25	EPI_ISL_551892	England/CAMC-9910DE/2020	2020-08-25	2020-08-25	Europe	GBR	England	GBR	20A	B.1.416.1	Lighthouse Lab in Cambridge	Wellcome Sanger Institute for the COVID-19 Genomics UK (COG-UK) consortium	Rob Howes et al	B.1.416.1	FALSE	TRUE	FALSE
EPI_ISL_552098|2020-08-28	EPI_ISL_552098	England/CAMC-9914F0/2020	2020-08-28	2020-08-28	Europe	GBR	England	GBR	20A	B.1.416.1	Lighthouse Lab in Cambridge	Wellcome Sanger Institute for the COVID-19 Genomics UK (COG-UK) consortium	Rob Howes et al	B.1.416.1	FALSE	TRUE	FALSE
EPI_ISL_552197|2020-08-25	EPI_ISL_552197	England/MILK-995465/2020	2020-08-25	2020-08-25	Europe	GBR	England	GBR	20A	B.1.416.1	Lighthouse Lab in Milton Keynes	Wellcome Sanger Institute for the COVID-19 Genomics UK (COG-UK) consortium	The Lighthouse Lab in Milton Keynes et al	B.1.416.1	FALSE	TRUE	FALSE
EPI_ISL_552270|2020-08-25	EPI_ISL_552270	England/MILK-994BE9/2020	2020-08-25	2020-08-25	Europe	GBR	England	GBR	20A	B.1.416.1	Lighthouse Lab in Milton Keynes	Wellcome Sanger Institute for the COVID-19 Genomics UK (COG-UK) consortium	The Lighthouse Lab in Milton Keynes et al	B.1.416.1	FALSE	TRUE	FALSE
EPI_ISL_552272|2020-08-27	EPI_ISL_552272	England/MILK-993BF9/2020	2020-08-27	2020-08-27	Europe	GBR	England	GBR	20A	B.1.416.1	Lighthouse Lab in Milton Keynes	Wellcome Sanger Institute for the COVID-19 Genomics UK (COG-UK) consortium	The Lighthouse Lab in Milton Keynes et al	B.1.416.1	FALSE	TRUE	FALSE
EPI_ISL_559953|2020-09-09	EPI_ISL_559953	Scotland/CVR4280/2020	2020-09-09	2020-09-09	Europe	GBR	Scotland	GBR	20A	B.1.416.1	Lighthouse Lab in Glasgow / MRC-University of Glasgow Centre for Virus Research	COVID-19 Genomics UK (COG-UK) Consortium	Ana da Silva Filipe et al	B.1.416.1	FALSE	TRUE	FALSE
EPI_ISL_559955|2020-09-09	EPI_ISL_559955	Scotland/CVR4282/2020	2020-09-09	2020-09-09	Europe	GBR	Scotland	GBR	20A	B.1.416.1	Lighthouse Lab in Glasgow / MRC-University of Glasgow Centre for Virus Research	COVID-19 Genomics UK (COG-UK) Consortium	Ana da Silva Filipe et al	B.1.416.1	FALSE	TRUE	FALSE
EPI_ISL_559965|2020-09-09	EPI_ISL_559965	Scotland/CVR4293/2020	2020-09-09	2020-09-09	Europe	GBR	Scotland	GBR	20A	B.1.416.1	Lighthouse Lab in Glasgow / MRC-University of Glasgow Centre for Virus Research	COVID-19 Genomics UK (COG-UK) Consortium	Ana da Silva Filipe et al	B.1.416.1	FALSE	TRUE	FALSE
EPI_ISL_559985|2020-08-31	EPI_ISL_559985	Scotland/QEUH-9967F2/2020	2020-08-31	2020-08-31	Europe	GBR	Scotland	GBR	20A	B.1.416.1	Oxford Viromics, NDM, University of Oxford; Oxford University Hospitals; Basingstoke and North Hampshire Hospital	COVID-19 Genomics UK (COG-UK) Consortium	Tanya Golubchik et al	B.1.416.1	FALSE	TRUE	FALSE
EPI_ISL_560043|2020-09-03	EPI_ISL_560043	Scotland/QEUH-9B0DC3/2020	2020-09-03	2020-09-03	Europe	GBR	Scotland	GBR	20A	B.1.416.1	Oxford Viromics, NDM, University of Oxford; Oxford University Hospitals; Basingstoke and North Hampshire Hospital	COVID-19 Genomics UK (COG-UK) Consortium	Tanya Golubchik et al	B.1.416.1	FALSE	TRUE	FALSE
EPI_ISL_560065|2020-09-08	EPI_ISL_560065	Scotland/QEUH-9B3F24/2020	2020-09-08	2020-09-08	Europe	GBR	Scotland	GBR	20A	B.1.416.1	Virology Department, Sheffield Teaching Hospitals NHS Foundation Trust/Department of Infection, Immunity and Cardiovascular Disease, The Medical School, University of Sheffield	COVID-19 Genomics UK (COG-UK) Consortium	Thushan de Silva et al	B.1.416.1	FALSE	TRUE	FALSE
EPI_ISL_560075|2020-09-08	EPI_ISL_560075	Scotland/QEUH-9B4503/2020	2020-09-08	2020-09-08	Europe	GBR	Scotland	GBR	20A	B.1.416.1	Oxford Viromics, NDM, University of Oxford; Oxford University Hospitals; Basingstoke and North Hampshire Hospital	COVID-19 Genomics UK (COG-UK) Consortium	Tanya Golubchik et al	B.1.416.1	FALSE	TRUE	FALSE
EPI_ISL_560076|2020-09-08	EPI_ISL_560076	Scotland/QEUH-9B4512/2020	2020-09-08	2020-09-08	Europe	GBR	Scotland	GBR	20A	B.1.416.1	Oxford Viromics, NDM, University of Oxford; Oxford University Hospitals; Basingstoke and North Hampshire Hospital	COVID-19 Genomics UK (COG-UK) Consortium	Tanya Golubchik et al	B.1.416.1	FALSE	TRUE	FALSE
EPI_ISL_560427|2020-09-09	EPI_ISL_560427	Switzerland/AG-ETHZ-280191/2020	2020-09-09	2020-09-09	Europe	CHE	Aargau	CHE	20A	B.1.416.1	Viollier AG	Department of Biosystems Science and Engineering, ETH Zürich	Christian Beisel et al	B.1.416.1	FALSE	FALSE	TRUE
EPI_ISL_560428|2020-09-10	EPI_ISL_560428	Switzerland/AG-ETHZ-280247/2020	2020-09-10	2020-09-10	Europe	CHE	Aargau	CHE	20A	B.1.416.1	Viollier AG	Department of Biosystems Science and Engineering, ETH Zürich	Christian Beisel et al	B.1.416.1	FALSE	FALSE	TRUE
EPI_ISL_560491|2020-09-07	EPI_ISL_560491	Switzerland/VD-ETHZ-280101/2020	2020-09-07	2020-09-07	Europe	CHE	Vaud	CHE	20A	B.1.416.1	Viollier AG	Department of Biosystems Science and Engineering, ETH Zürich	Christian Beisel et al	B.1.416.1	FALSE	FALSE	TRUE
EPI_ISL_560493|2020-09-07	EPI_ISL_560493	Switzerland/VD-ETHZ-280103/2020	2020-09-07	2020-09-07	Europe	CHE	Vaud	CHE	20A	B.1.416.1	Viollier AG	Department of Biosystems Science and Engineering, ETH Zürich	Christian Beisel et al	B.1.416.1	FALSE	FALSE	TRUE
EPI_ISL_560517|2020-09-08	EPI_ISL_560517	Switzerland/VD-ETHZ-280167/2020	2020-09-08	2020-09-08	Europe	CHE	Vaud	CHE	20A	B.1.416.1	Viollier AG	Department of Biosystems Science and Engineering, ETH Zürich	Christian Beisel et al	B.1.416.1	FALSE	FALSE	TRUE
EPI_ISL_560519|2020-09-08	EPI_ISL_560519	Switzerland/VD-ETHZ-280170/2020	2020-09-08	2020-09-08	Europe	CHE	Vaud	CHE	20A	B.1.416.1	Viollier AG	Department of Biosystems Science and Engineering, ETH Zürich	Christian Beisel et al	B.1.416.1	FALSE	FALSE	TRUE
EPI_ISL_560520|2020-09-09	EPI_ISL_560520	Switzerland/VD-ETHZ-280181/2020	2020-09-09	2020-09-09	Europe	CHE	Vaud	CHE	20A	B.1.416.1	Viollier AG	Department of Biosystems Science and Engineering, ETH Zürich	Christian Beisel et al	B.1.416.1	FALSE	FALSE	TRUE
EPI_ISL_560522|2020-09-09	EPI_ISL_560522	Switzerland/VD-ETHZ-280203/2020	2020-09-09	2020-09-09	Europe	CHE	Vaud	CHE	20A	B.1.416.1	Viollier AG	Department of Biosystems Science and Engineering, ETH Zürich	Christian Beisel et al	B.1.416.1	FALSE	FALSE	TRUE
EPI_ISL_560529|2020-09-10	EPI_ISL_560529	Switzerland/VD-ETHZ-280230/2020	2020-09-10	2020-09-10	Europe	CHE	Vaud	CHE	20A	B.1.416.1	Viollier AG	Department of Biosystems Science and Engineering, ETH Zürich	Christian Beisel et al	B.1.416.1	FALSE	FALSE	TRUE
EPI_ISL_560531|2020-09-10	EPI_ISL_560531	Switzerland/VD-ETHZ-280238/2020	2020-09-10	2020-09-10	Europe	CHE	Vaud	CHE	20A	B.1.416.1	Viollier AG	Department of Biosystems Science and Engineering, ETH Zürich	Christian Beisel et al	B.1.416.1	FALSE	FALSE	TRUE
EPI_ISL_560598|2020-07-24	EPI_ISL_560598	France/BRE-8930/2020	2020-07-24	2020-07-24	Europe	FRA	Bretagne	FRA	20A	B.1.416.1	Hospital	National Reference Center for Viruses of Respiratory Infections, Institut Pasteur, Paris	Sylvie Behillil et al	B.1.416.1	FALSE	TRUE	FALSE
EPI_ISL_560599|2020-07-24	EPI_ISL_560599	France/BRE-8931/2020	2020-07-24	2020-07-24	Europe	FRA	Bretagne	FRA	20A	B.1.416.1	Hospital	National Reference Center for Viruses of Respiratory Infections, Institut Pasteur, Paris	Sylvie Behillil et al	B.1.416.1	FALSE	TRUE	FALSE
EPI_ISL_560600|2020-07-26	EPI_ISL_560600	France/BRE-8932/2020	2020-07-26	2020-07-26	Europe	FRA	Nouvelle-Aquitaine	FRA	20A	B.1.416.1	Hospital	National Reference Center for Viruses of Respiratory Infections, Institut Pasteur, Paris	Sylvie Behillil et al	B.1.416.1	FALSE	TRUE	FALSE
EPI_ISL_560601|2020-07-27	EPI_ISL_560601	France/BRE-8933/2020	2020-07-27	2020-07-27	Europe	FRA	Bretagne	FRA	20A	B.1.416.1	Hospital	National Reference Center for Viruses of Respiratory Infections, Institut Pasteur, Paris	Sylvie Behillil et al	B.1.416.1	FALSE	TRUE	FALSE
EPI_ISL_560604|2020-07-29	EPI_ISL_560604	France/BRE-8936/2020	2020-07-29	2020-07-29	Europe	FRA	Bretagne	FRA	20A	B.1.416.1	Hospital	National Reference Center for Viruses of Respiratory Infections, Institut Pasteur, Paris	Sylvie Behillil et al	B.1.416.1	FALSE	TRUE	FALSE
EPI_ISL_560608|2020-08-01	EPI_ISL_560608	France/BRE-8940/2020	2020-08-01	2020-08-01	Europe	FRA	Bretagne	FRA	20A	B.1.416.1	Hospital	National Reference Center for Viruses of Respiratory Infections, Institut Pasteur, Paris	Sylvie Behillil et al	B.1.416.1	FALSE	TRUE	FALSE
EPI_ISL_560610|2020-08-03	EPI_ISL_560610	France/BRE-8942/2020	2020-08-03	2020-08-03	Europe	FRA	Bretagne	FRA	20A	B.1.416.1	Hospital	National Reference Center for Viruses of Respiratory Infections, Institut Pasteur, Paris	Sylvie Behillil et al	B.1.416.1	FALSE	TRUE	FALSE
EPI_ISL_560611|2020-08-03	EPI_ISL_560611	France/BRE-8943/2020	2020-08-03	2020-08-03	Europe	FRA	Bretagne	FRA	20A	B.1.416.1	Hospital	National Reference Center for Viruses of Respiratory Infections, Institut Pasteur, Paris	Sylvie Behillil et al	B.1.416.1	FALSE	TRUE	FALSE
EPI_ISL_566624|2020-09-10	EPI_ISL_566624	England/MILK-9C2B79/2020	2020-09-10	2020-09-10	Europe	GBR	England	GBR	20A	B.1.416.1	Lighthouse Lab in Milton Keynes	Wellcome Sanger Institute for the COVID-19 Genomics UK (COG-UK) consortium	The Lighthouse Lab in Milton Keynes et al	B.1.416.1	FALSE	TRUE	FALSE
EPI_ISL_566738|2020-09-10	EPI_ISL_566738	England/MILK-9C33BC/2020	2020-09-10	2020-09-10	Europe	GBR	England	GBR	20A	B.1.416.1	Lighthouse Lab in Milton Keynes	Wellcome Sanger Institute for the COVID-19 Genomics UK (COG-UK) consortium	The Lighthouse Lab in Milton Keynes et al	B.1.416.1	FALSE	TRUE	FALSE
EPI_ISL_566918|2020-09-09	EPI_ISL_566918	England/MILK-9C4421/2020	2020-09-09	2020-09-09	Europe	GBR	England	GBR	20A	B.1.416.1	Lighthouse Lab in Milton Keynes	Wellcome Sanger Institute for the COVID-19 Genomics UK (COG-UK) consortium	The Lighthouse Lab in Milton Keynes et al	B.1.416.1	FALSE	TRUE	FALSE
EPI_ISL_567063|2020-09-11	EPI_ISL_567063	England/QEUH-9C8D6E/2020	2020-09-11	2020-09-11	Europe	GBR	England	GBR	20A	B.1.416.1	Lighthouse Lab in Glasgow	Wellcome Sanger Institute for the COVID-19 Genomics UK (COG-UK) consortium	Harper VanSteenhouse et al	B.1.416.1	FALSE	TRUE	FALSE
EPI_ISL_568261|2020-09-09	EPI_ISL_568261	Scotland/QEUH-9B8314/2020	2020-09-09	2020-09-09	Europe	GBR	Scotland	GBR	20A	B.1.416.1	Lighthouse Lab in Glasgow	Wellcome Sanger Institute for the COVID-19 Genomics UK (COG-UK) consortium	Harper VanSteenhouse et al	B.1.416.1	FALSE	TRUE	FALSE
EPI_ISL_568275|2020-09-10	EPI_ISL_568275	Scotland/QEUH-9B84D5/2020	2020-09-10	2020-09-10	Europe	GBR	Scotland	GBR	20A	B.1.416.1	Lighthouse Lab in Glasgow	Wellcome Sanger Institute for the COVID-19 Genomics UK (COG-UK) consortium	Harper VanSteenhouse et al	B.1.416.1	FALSE	TRUE	FALSE
EPI_ISL_568338|2020-08-27	EPI_ISL_568338	Scotland/QEUH-98F6C2/2020	2020-08-27	2020-08-27	Europe	GBR	Scotland	GBR	20A	B.1.416.1	Lighthouse Lab in Glasgow	Wellcome Sanger Institute for the COVID-19 Genomics UK (COG-UK) consortium	Harper VanSteenhouse et al	B.1.416.1	FALSE	TRUE	FALSE
EPI_ISL_569091|2020-08-17	EPI_ISL_569091	France/PAC-IHU-1223/2020	2020-08-17	2020-08-17	Europe	FRA	Provence-Alpes-Côte d'Azur	FRA	20A	B.1.416.1	MEPHI, Aix Marseille University	MEPHI, Aix Marseille University	Anthony LEVASSEUR et al	B.1.416.1	FALSE	TRUE	FALSE
EPI_ISL_569092|2020-08-17	EPI_ISL_569092	France/PAC-IHU-1224/2020	2020-08-17	2020-08-17	Europe	FRA	Provence-Alpes-Côte d'Azur	FRA	20A	B.1.416.1	MEPHI, Aix Marseille University	MEPHI, Aix Marseille University	Anthony LEVASSEUR et al	B.1.416.1	FALSE	TRUE	FALSE
EPI_ISL_569106|2020-08-18	EPI_ISL_569106	France/PAC-IHU-1279/2020	2020-08-18	2020-08-18	Europe	FRA	Provence-Alpes-Côte d'Azur	FRA	20A	B.1.416.1	MEPHI, Aix Marseille University	MEPHI, Aix Marseille University	Anthony LEVASSEUR et al	B.1.416.1	FALSE	TRUE	FALSE
EPI_ISL_569129|2020-08-19	EPI_ISL_569129	France/PAC-IHU-1345/2020	2020-08-19	2020-08-19	Europe	FRA	Provence-Alpes-Côte d'Azur	FRA	20A	B.1.416.1	MEPHI, Aix Marseille University	MEPHI, Aix Marseille University	Anthony LEVASSEUR et al	B.1.416.1	FALSE	TRUE	FALSE
EPI_ISL_569134|2020-08-19	EPI_ISL_569134	France/PAC-IHU-1350/2020	2020-08-19	2020-08-19	Europe	FRA	Provence-Alpes-Côte d'Azur	FRA	20A	B.1.416.1	MEPHI, Aix Marseille University	MEPHI, Aix Marseille University	Anthony LEVASSEUR et al	B.1.416.1	FALSE	TRUE	FALSE
EPI_ISL_573667|2020-09-16	EPI_ISL_573667	England/QEUH-9D18CB/2020	2020-09-16	2020-09-16	Europe	GBR	England	GBR	20A	B.1.416.1	University College London, Great Ormond Street Hospital for Children NHS Foundation Trust, Imperial College Healthcare NHS Trust	COVID-19 Genomics UK (COG-UK) Consortium	Sergi Castellano et al	B.1.416.1	FALSE	TRUE	FALSE
EPI_ISL_575905|2020-08-19	EPI_ISL_575905	England/MILK-973306/2020	2020-08-19	2020-08-19	Europe	GBR	England	GBR	20A	B.1.416.1	Lighthouse Lab in Milton Keynes	Wellcome Sanger Institute for the COVID-19 Genomics UK (COG-UK) consortium	The Lighthouse Lab in Milton Keynes et al	B.1.416.1	FALSE	TRUE	FALSE
EPI_ISL_577348|2020-09-16	EPI_ISL_577348	Scotland/EDB7777/2020	2020-09-16	2020-09-16	Europe	GBR	Scotland	GBR	20A	B.1.416.1	Virology Department, Royal Infirmary of Edinburgh, NHS Lothian / School of Biological Sciences, University of Edinburgh / Institute of Genetics and Molecular Medicine, University of Edinburgh	COVID-19 Genomics UK (COG-UK) Consortium	McHugh M et al	B.1.416.1	FALSE	TRUE	FALSE
EPI_ISL_577636|2020-08-25	EPI_ISL_577636	CzechRepublic/NRL_8460/2020	2020-08-25	2020-08-25	Europe	CZE	Prague	SVK	20A	B.1.416.1	The National Institute of Public Health	State Veterinary Institute Prague	Nagy et al	B.1.416.1	FALSE	TRUE	FALSE
EPI_ISL_577866|2020-09-16	EPI_ISL_577866	Netherlands/NH-EMC-70/2020	2020-09-16	2020-09-16	Europe	NLD	North Holland	NLD	20A	B.1.416.1	Dutch COVID-19 response team	Erasmus Medical Center	Bas Oude Munnink et al	B.1.416.1	FALSE	TRUE	FALSE
EPI_ISL_579808|2020-09-24	EPI_ISL_579808	England/QEUH-9E3E6A/2020	2020-09-24	2020-09-24	Europe	GBR	England	GBR	20A	B.1.416.1	Lighthouse Lab in Glasgow	Wellcome Sanger Institute for the COVID-19 Genomics UK (COG-UK) consortium	Harper VanSteenhouse et al	B.1.416.1	FALSE	TRUE	FALSE
EPI_ISL_579819|2020-09-23	EPI_ISL_579819	England/QEUH-9E4607/2020	2020-09-23	2020-09-23	Europe	GBR	England	GBR	20A	B.1.416.1	Lighthouse Lab in Glasgow	Wellcome Sanger Institute for the COVID-19 Genomics UK (COG-UK) consortium	Harper VanSteenhouse et al	B.1.416.1	FALSE	TRUE	FALSE
EPI_ISL_580579|2020-09-23	EPI_ISL_580579	England/CAMC-9EC317/2020	2020-09-23	2020-09-23	Europe	GBR	England	GBR	20A	B.1.416.1	Lighthouse Lab in Cambridge	Wellcome Sanger Institute for the COVID-19 Genomics UK (COG-UK) consortium	Rob Howes et al	B.1.416.1	FALSE	TRUE	FALSE
EPI_ISL_581257|2020-09-21	EPI_ISL_581257	England/MILK-9E2CF8/2020	2020-09-21	2020-09-21	Europe	GBR	England	GBR	20A	B.1.416.1	Lighthouse Lab in Milton Keynes	Wellcome Sanger Institute for the COVID-19 Genomics UK (COG-UK) consortium	The Lighthouse Lab in Milton Keynes et al	B.1.416.1	FALSE	TRUE	FALSE
EPI_ISL_582049|2020-09-08	EPI_ISL_582049	Spain/PV-IBV-98007637/2020	2020-09-08	2020-09-08	Europe	ESP	Basque Country	ESP	20A	B.1.416.1	Servicio de Microbiología. Hospital Universitario Donostia. OSI Donostialdea. Área de Enfermedades Infecciosas, Grupo de Infección Respiratoria y Resistencia Antimicrobiana. Instituto de Investigación Sanitaria Biodonostia	SeqCOVID-SPAIN consortium/IBV(CSIC)	Gustavo Cilla et al	B.1.416.1	FALSE	TRUE	FALSE
EPI_ISL_582050|2020-09-10	EPI_ISL_582050	Spain/PV-IBV-98007652/2020	2020-09-10	2020-09-10	Europe	ESP	Basque Country	ESP	20A	B.1.416.1	Servicio de Microbiología. Hospital Universitario Donostia. OSI Donostialdea. Área de Enfermedades Infecciosas, Grupo de Infección Respiratoria y Resistencia Antimicrobiana. Instituto de Investigación Sanitaria Biodonostia	SeqCOVID-SPAIN consortium/IBV(CSIC)	Gustavo Cilla et al	B.1.416.1	FALSE	TRUE	FALSE
EPI_ISL_582051|2020-09-11	EPI_ISL_582051	Spain/PV-IBV-98007662/2020	2020-09-11	2020-09-11	Europe	ESP	Basque Country	ESP	20A	B.1.416.1	Servicio de Microbiología. Hospital Universitario Donostia. OSI Donostialdea. Área de Enfermedades Infecciosas, Grupo de Infección Respiratoria y Resistencia Antimicrobiana. Instituto de Investigación Sanitaria Biodonostia	SeqCOVID-SPAIN consortium/IBV(CSIC)	Gustavo Cilla et al	B.1.416.1	FALSE	TRUE	FALSE
EPI_ISL_582052|2020-09-18	EPI_ISL_582052	Spain/PV-IBV-98007720/2020	2020-09-18	2020-09-18	Europe	ESP	Basque Country	ESP	20A	B.1.416.1	Servicio de Microbiología. Hospital Universitario Donostia. OSI Donostialdea. Área de Enfermedades Infecciosas, Grupo de Infección Respiratoria y Resistencia Antimicrobiana. Instituto de Investigación Sanitaria Biodonostia	SeqCOVID-SPAIN consortium/IBV(CSIC)	Gustavo Cilla et al	B.1.416.1	FALSE	TRUE	FALSE
EPI_ISL_583488|2020-09-16	EPI_ISL_583488	Slovakia/UKBA-321/2020	2020-09-16	2020-09-16	Europe	SVK	Bratislava	SVK	20A	B.1.416.1	Institute of Virology, Biomedical Research Center of the Slovak Academy of Sciences, Bratislava	Faculty of Natural Sciences, Comenius University, Bratislava	Broňa Brejová et al	B.1.416.1	FALSE	TRUE	FALSE
EPI_ISL_584859|2020-09-24	EPI_ISL_584859	England/QEUH-9E3626/2020	2020-09-24	2020-09-24	Europe	GBR	England	GBR	20A	B.1.416.1	Northumbria University / South Tees Hospitals NHS Foundation Trust / North Cumbria Integrated Care NHS Foundation Trust / North Tees and Hartlepool NHS Foundation Trust / Newcastle Hospitals NHS Foundation Trust	COVID-19 Genomics UK (COG-UK) Consortium	Darren L Smith et al	B.1.416.1	FALSE	TRUE	FALSE
EPI_ISL_584865|2020-09-24	EPI_ISL_584865	England/QEUH-9E36DB/2020	2020-09-24	2020-09-24	Europe	GBR	England	GBR	20A	B.1.416.1	Northumbria University / South Tees Hospitals NHS Foundation Trust / North Cumbria Integrated Care NHS Foundation Trust / North Tees and Hartlepool NHS Foundation Trust / Newcastle Hospitals NHS Foundation Trust	COVID-19 Genomics UK (COG-UK) Consortium	Darren L Smith et al	B.1.416.1	FALSE	TRUE	FALSE
EPI_ISL_585315|2020-09-20	EPI_ISL_585315	Scotland/CVR4448/2020	2020-09-20	2020-09-20	Europe	GBR	Scotland	GBR	20A	B.1.416.1	Lighthouse Lab in Glasgow / MRC-University of Glasgow Centre for Virus Research	COVID-19 Genomics UK (COG-UK) Consortium	Ana da Silva Filipe et al	B.1.416.1	FALSE	TRUE	FALSE
EPI_ISL_585381|2020-09-21	EPI_ISL_585381	Scotland/CVR4521/2020	2020-09-21	2020-09-21	Europe	GBR	Scotland	GBR	20A	B.1.416.1	Lighthouse Lab in Glasgow / MRC-University of Glasgow Centre for Virus Research	COVID-19 Genomics UK (COG-UK) Consortium	Ana da Silva Filipe et al	B.1.416.1	FALSE	TRUE	FALSE
EPI_ISL_588379|2020-09-25	EPI_ISL_588379	England/QEUH-9F5199/2020	2020-09-25	2020-09-25	Europe	GBR	England	GBR	20A	B.1.416.1	Lighthouse Lab in Glasgow	Wellcome Sanger Institute for the COVID-19 Genomics UK (COG-UK) consortium	Harper VanSteenhouse et al	B.1.416.1	FALSE	TRUE	FALSE
EPI_ISL_588417|2020-09-25	EPI_ISL_588417	England/QEUH-9F5C4D/2020	2020-09-25	2020-09-25	Europe	GBR	England	GBR	20A	B.1.416.1	Lighthouse Lab in Glasgow	Wellcome Sanger Institute for the COVID-19 Genomics UK (COG-UK) consortium	Harper VanSteenhouse et al	B.1.416.1	FALSE	TRUE	FALSE
EPI_ISL_589026|2020-09-25	EPI_ISL_589026	England/MILK-9F293A/2020	2020-09-25	2020-09-25	Europe	GBR	England	GBR	20A	B.1.416.1	Lighthouse Lab in Milton Keynes	Wellcome Sanger Institute for the COVID-19 Genomics UK (COG-UK) consortium	The Lighthouse Lab in Milton Keynes et al	B.1.416.1	FALSE	TRUE	FALSE
EPI_ISL_589837|2020-09-17	EPI_ISL_589837	England/QEUH-9CFBE5/2020	2020-09-17	2020-09-17	Europe	GBR	England	GBR	20A	B.1.416.1	Lighthouse Lab in Glasgow	Wellcome Sanger Institute for the COVID-19 Genomics UK (COG-UK) consortium	Harper VanSteenhouse et al	B.1.416.1	FALSE	TRUE	FALSE
EPI_ISL_589870|2020-09-16	EPI_ISL_589870	England/QEUH-9D0880/2020	2020-09-16	2020-09-16	Europe	GBR	England	GBR	20A	B.1.416.1	Lighthouse Lab in Glasgow	Wellcome Sanger Institute for the COVID-19 Genomics UK (COG-UK) consortium	Harper VanSteenhouse et al	B.1.416.1	FALSE	TRUE	FALSE
EPI_ISL_589925|2020-09-16	EPI_ISL_589925	England/QEUH-9D08EA/2020	2020-09-16	2020-09-16	Europe	GBR	England	GBR	20A	B.1.416.1	Lighthouse Lab in Glasgow	Wellcome Sanger Institute for the COVID-19 Genomics UK (COG-UK) consortium	Harper VanSteenhouse et al	B.1.416.1	FALSE	TRUE	FALSE
EPI_ISL_589953|2020-09-16	EPI_ISL_589953	England/QEUH-9D071A/2020	2020-09-16	2020-09-16	Europe	GBR	England	GBR	20A	B.1.416.1	Lighthouse Lab in Glasgow	Wellcome Sanger Institute for the COVID-19 Genomics UK (COG-UK) consortium	Harper VanSteenhouse et al	B.1.416.1	FALSE	TRUE	FALSE
EPI_ISL_589989|2020-09-19	EPI_ISL_589989	England/QEUH-9D0FC7/2020	2020-09-19	2020-09-19	Europe	GBR	England	GBR	20A	B.1.416.1	Lighthouse Lab in Glasgow	Wellcome Sanger Institute for the COVID-19 Genomics UK (COG-UK) consortium	Harper VanSteenhouse et al	B.1.416.1	FALSE	TRUE	FALSE
EPI_ISL_590002|2020-09-16	EPI_ISL_590002	England/QEUH-9D0871/2020	2020-09-16	2020-09-16	Europe	GBR	England	GBR	20A	B.1.416.1	Lighthouse Lab in Glasgow	Wellcome Sanger Institute for the COVID-19 Genomics UK (COG-UK) consortium	Harper VanSteenhouse et al	B.1.416.1	FALSE	TRUE	FALSE
EPI_ISL_590431|2020-09-02	EPI_ISL_590431	England/QEUH-9B47D0/2020	2020-09-02	2020-09-02	Europe	GBR	England	GBR	20A	B.1.416.1	Lighthouse Lab in Glasgow	Wellcome Sanger Institute for the COVID-19 Genomics UK (COG-UK) consortium	Harper VanSteenhouse et al	B.1.416.1	FALSE	TRUE	FALSE
EPI_ISL_593930|2020-09-01	EPI_ISL_593930	France/IDF-9150/2020	2020-09-01	2020-09-01	Europe	FRA	Ile de France	FRA	20A	B.1.416.1	Labo Analyses Med, Puteaux	National Reference Center for Viruses of Respiratory Infections, Institut Pasteur, Paris	Sylvie Behillil et al	B.1.416.1	FALSE	TRUE	FALSE
EPI_ISL_595724|2020-09-27	EPI_ISL_595724	England/QEUH-9F7F24/2020	2020-09-27	2020-09-27	Europe	GBR	England	GBR	20A	B.1.416.1	Oxford Viromics, NDM, University of Oxford; Oxford University Hospitals; Basingstoke and North Hampshire Hospital	COVID-19 Genomics UK (COG-UK) Consortium	Tanya Golubchik et al	B.1.416.1	FALSE	TRUE	FALSE
EPI_ISL_598506|2020-10-05	EPI_ISL_598506	England/MILK-A47504/2020	2020-10-05	2020-10-05	Europe	GBR	England	GBR	20A	B.1.416.1	Lighthouse Lab in Milton Keynes	Wellcome Sanger Institute for the COVID-19 Genomics UK (COG-UK) consortium	The Lighthouse Lab in Milton Keynes et al	B.1.416.1	FALSE	TRUE	FALSE
EPI_ISL_598652|2020-10-06	EPI_ISL_598652	England/MILK-A45BE6/2020	2020-10-06	2020-10-06	Europe	GBR	England	GBR	20A	B.1.416.1	Lighthouse Lab in Milton Keynes	Wellcome Sanger Institute for the COVID-19 Genomics UK (COG-UK) consortium	The Lighthouse Lab in Milton Keynes et al	B.1.416.1	FALSE	TRUE	FALSE
EPI_ISL_599334|2020-10-01	EPI_ISL_599334	England/QEUH-A0B108/2020	2020-10-01	2020-10-01	Europe	GBR	England	GBR	20A	B.1.416.1	Lighthouse Lab in Glasgow	Wellcome Sanger Institute for the COVID-19 Genomics UK (COG-UK) consortium	Harper VanSteenhouse et al	B.1.416.1	FALSE	TRUE	FALSE
EPI_ISL_599625|2020-09-21	EPI_ISL_599625	England/QEUH-9DE196/2020	2020-09-21	2020-09-21	Europe	GBR	England	GBR	20A	B.1.416.1	Lighthouse Lab in Glasgow	Wellcome Sanger Institute for the COVID-19 Genomics UK (COG-UK) consortium	Harper VanSteenhouse et al	B.1.416.1	FALSE	TRUE	FALSE
EPI_ISL_601707|2020-09-18	EPI_ISL_601707	Wales/MILK-9D3B2A/2020	2020-09-18	2020-09-18	Europe	GBR	Wales	GBR	20A	B.1.416.1	Lighthouse Lab in Milton Keynes	Wellcome Sanger Institute for the COVID-19 Genomics UK (COG-UK) consortium	The Lighthouse Lab in Milton Keynes et al	B.1.416.1	FALSE	TRUE	FALSE
EPI_ISL_601920|2020-09-17	EPI_ISL_601920	Scotland/QEUH-9CEC5C/2020	2020-09-17	2020-09-17	Europe	GBR	Scotland	GBR	20A	B.1.416.1	Lighthouse Lab in Glasgow	Wellcome Sanger Institute for the COVID-19 Genomics UK (COG-UK) consortium	Harper VanSteenhouse et al	B.1.416.1	FALSE	TRUE	FALSE
EPI_ISL_601936|2020-09-17	EPI_ISL_601936	Scotland/QEUH-9CF6D5/2020	2020-09-17	2020-09-17	Europe	GBR	Scotland	GBR	20A	B.1.416.1	Lighthouse Lab in Glasgow	Wellcome Sanger Institute for the COVID-19 Genomics UK (COG-UK) consortium	Harper VanSteenhouse et al	B.1.416.1	FALSE	TRUE	FALSE
EPI_ISL_601994|2020-09-17	EPI_ISL_601994	Scotland/QEUH-9CE973/2020	2020-09-17	2020-09-17	Europe	GBR	Scotland	GBR	20A	B.1.416.1	Lighthouse Lab in Glasgow	Wellcome Sanger Institute for the COVID-19 Genomics UK (COG-UK) consortium	Harper VanSteenhouse et al	B.1.416.1	FALSE	TRUE	FALSE
EPI_ISL_602062|2020-09-07	EPI_ISL_602062	Scotland/QEUH-9B50F2/2020	2020-09-07	2020-09-07	Europe	GBR	Scotland	GBR	20A	B.1.416.1	Lighthouse Lab in Glasgow	Wellcome Sanger Institute for the COVID-19 Genomics UK (COG-UK) consortium	Harper VanSteenhouse et al	B.1.416.1	FALSE	TRUE	FALSE
EPI_ISL_602064|2020-09-07	EPI_ISL_602064	Scotland/QEUH-9B54F6/2020	2020-09-07	2020-09-07	Europe	GBR	Scotland	GBR	20A	B.1.416.1	Lighthouse Lab in Glasgow	Wellcome Sanger Institute for the COVID-19 Genomics UK (COG-UK) consortium	Harper VanSteenhouse et al	B.1.416.1	FALSE	TRUE	FALSE
EPI_ISL_602085|2020-09-07	EPI_ISL_602085	Scotland/QEUH-9B5441/2020	2020-09-07	2020-09-07	Europe	GBR	Scotland	GBR	20A	B.1.416.1	Lighthouse Lab in Glasgow	Wellcome Sanger Institute for the COVID-19 Genomics UK (COG-UK) consortium	Harper VanSteenhouse et al	B.1.416.1	FALSE	TRUE	FALSE
EPI_ISL_602097|2020-09-08	EPI_ISL_602097	Scotland/QEUH-9B7755/2020	2020-09-08	2020-09-08	Europe	GBR	Scotland	GBR	20A	B.1.416.1	Lighthouse Lab in Glasgow	Wellcome Sanger Institute for the COVID-19 Genomics UK (COG-UK) consortium	Harper VanSteenhouse et al	B.1.416.1	FALSE	TRUE	FALSE
EPI_ISL_602103|2020-09-09	EPI_ISL_602103	Scotland/QEUH-9B6E8E/2020	2020-09-09	2020-09-09	Europe	GBR	Scotland	GBR	20A	B.1.416.1	Lighthouse Lab in Glasgow	Wellcome Sanger Institute for the COVID-19 Genomics UK (COG-UK) consortium	Harper VanSteenhouse et al	B.1.416.1	FALSE	TRUE	FALSE
EPI_ISL_602114|2020-09-08	EPI_ISL_602114	Scotland/QEUH-9B77CE/2020	2020-09-08	2020-09-08	Europe	GBR	Scotland	GBR	20A	B.1.416.1	Lighthouse Lab in Glasgow	Wellcome Sanger Institute for the COVID-19 Genomics UK (COG-UK) consortium	Harper VanSteenhouse et al	B.1.416.1	FALSE	TRUE	FALSE
EPI_ISL_603295|2020-10-01	EPI_ISL_603295	Switzerland/VD-ETHZ-300263/2020	2020-10-01	2020-10-01	Europe	CHE	Vaud	CHE	20A	B.1.416.1	Viollier AG	Department of Biosystems Science and Engineering, ETH Zürich	Christian Beisel et al	B.1.416.1	FALSE	FALSE	TRUE
EPI_ISL_603300|2020-10-01	EPI_ISL_603300	Switzerland/VD-ETHZ-300268/2020	2020-10-01	2020-10-01	Europe	CHE	Vaud	CHE	20A	B.1.416.1	Viollier AG	Department of Biosystems Science and Engineering, ETH Zürich	Christian Beisel et al	B.1.416.1	FALSE	FALSE	TRUE
EPI_ISL_603312|2020-10-01	EPI_ISL_603312	Switzerland/BE-ETHZ-300280/2020	2020-10-01	2020-10-01	Europe	CHE	Bern	CHE	20A	B.1.416.1	Viollier AG	Department of Biosystems Science and Engineering, ETH Zürich	Christian Beisel et al	B.1.416.1	FALSE	FALSE	TRUE
EPI_ISL_603320|2020-10-01	EPI_ISL_603320	Switzerland/BE-ETHZ-300288/2020	2020-10-01	2020-10-01	Europe	CHE	Bern	CHE	20A	B.1.416.1	Viollier AG	Department of Biosystems Science and Engineering, ETH Zürich	Christian Beisel et al	B.1.416.1	FALSE	FALSE	TRUE
EPI_ISL_603322|2020-10-01	EPI_ISL_603322	Switzerland/SG-ETHZ-300290/2020	2020-10-01	2020-10-01	Europe	CHE	Sankt Gallen	CHE	20A	B.1.416.1	Viollier AG	Department of Biosystems Science and Engineering, ETH Zürich	Christian Beisel et al	B.1.416.1	FALSE	FALSE	TRUE
EPI_ISL_603325|2020-10-01	EPI_ISL_603325	Switzerland/GE-ETHZ-300293/2020	2020-10-01	2020-10-01	Europe	CHE	Geneva	CHE	20A	B.1.416.1	Viollier AG	Department of Biosystems Science and Engineering, ETH Zürich	Christian Beisel et al	B.1.416.1	FALSE	FALSE	TRUE
EPI_ISL_603327|2020-10-01	EPI_ISL_603327	Switzerland/VD-ETHZ-300295/2020	2020-10-01	2020-10-01	Europe	CHE	Vaud	CHE	20A	B.1.416.1	Viollier AG	Department of Biosystems Science and Engineering, ETH Zürich	Christian Beisel et al	B.1.416.1	FALSE	FALSE	TRUE
EPI_ISL_603332|2020-09-25	EPI_ISL_603332	Switzerland/BE-ETHZ-300300/2020	2020-09-25	2020-09-25	Europe	CHE	Bern	CHE	20A	B.1.416.1	Viollier AG	Department of Biosystems Science and Engineering, ETH Zürich	Christian Beisel et al	B.1.416.1	FALSE	FALSE	TRUE
EPI_ISL_603364|2020-09-29	EPI_ISL_603364	Switzerland/BE-ETHZ-300397/2020	2020-09-29	2020-09-29	Europe	CHE	Bern	CHE	20A	B.1.416.1	Viollier AG	Department of Biosystems Science and Engineering, ETH Zürich	Christian Beisel et al	B.1.416.1	FALSE	FALSE	TRUE
EPI_ISL_603379|2020-09-29	EPI_ISL_603379	Switzerland/VD-ETHZ-300420/2020	2020-09-29	2020-09-29	Europe	CHE	Vaud	CHE	20A	B.1.416.1	Viollier AG	Department of Biosystems Science and Engineering, ETH Zürich	Christian Beisel et al	B.1.416.1	FALSE	FALSE	TRUE
EPI_ISL_603413|2020-09-30	EPI_ISL_603413	Switzerland/VD-ETHZ-300465/2020	2020-09-30	2020-09-30	Europe	CHE	Vaud	CHE	20A	B.1.416.1	Viollier AG	Department of Biosystems Science and Engineering, ETH Zürich	Christian Beisel et al	B.1.416.1	FALSE	FALSE	TRUE
EPI_ISL_603429|2020-10-07	EPI_ISL_603429	Switzerland/VD-ETHZ-310355/2020	2020-10-07	2020-10-07	Europe	CHE	Vaud	CHE	20A	B.1.416.1	Viollier AG	Department of Biosystems Science and Engineering, ETH Zürich	Christian Beisel et al	B.1.416.1	FALSE	FALSE	TRUE
EPI_ISL_603437|2020-10-07	EPI_ISL_603437	Switzerland/VD-ETHZ-310363/2020	2020-10-07	2020-10-07	Europe	CHE	Vaud	CHE	20A	B.1.416.1	Viollier AG	Department of Biosystems Science and Engineering, ETH Zürich	Christian Beisel et al	B.1.416.1	FALSE	FALSE	TRUE
EPI_ISL_603438|2020-10-07	EPI_ISL_603438	Switzerland/VD-ETHZ-310364/2020	2020-10-07	2020-10-07	Europe	CHE	Vaud	CHE	20A	B.1.416.1	Viollier AG	Department of Biosystems Science and Engineering, ETH Zürich	Christian Beisel et al	B.1.416.1	FALSE	FALSE	TRUE
EPI_ISL_603511|2020-10-08	EPI_ISL_603511	Switzerland/BE-ETHZ-310437/2020	2020-10-08	2020-10-08	Europe	CHE	Bern	CHE	20A	B.1.416.1	Viollier AG	Department of Biosystems Science and Engineering, ETH Zürich	Christian Beisel et al	B.1.416.1	FALSE	FALSE	TRUE
EPI_ISL_603517|2020-10-08	EPI_ISL_603517	Switzerland/ZH-ETHZ-310444/2020	2020-10-08	2020-10-08	Europe	CHE	Zürich	CHE	20A	B.1.416.1	Viollier AG	Department of Biosystems Science and Engineering, ETH Zürich	Christian Beisel et al	B.1.416.1	FALSE	FALSE	TRUE
EPI_ISL_603561|2020-10-08	EPI_ISL_603561	Switzerland/BE-ETHZ-310491/2020	2020-10-08	2020-10-08	Europe	CHE	Bern	CHE	20A	B.1.416.1	Viollier AG	Department of Biosystems Science and Engineering, ETH Zürich	Christian Beisel et al	B.1.416.1	FALSE	FALSE	TRUE
EPI_ISL_603578|2020-10-08	EPI_ISL_603578	Switzerland/BE-ETHZ-310510/2020	2020-10-08	2020-10-08	Europe	CHE	Bern	CHE	20A	B.1.416.1	Viollier AG	Department of Biosystems Science and Engineering, ETH Zürich	Christian Beisel et al	B.1.416.1	FALSE	FALSE	TRUE
EPI_ISL_603590|2020-10-08	EPI_ISL_603590	Switzerland/BE-ETHZ-310522/2020	2020-10-08	2020-10-08	Europe	CHE	Bern	CHE	20A	B.1.416.1	Viollier AG	Department of Biosystems Science and Engineering, ETH Zürich	Christian Beisel et al	B.1.416.1	FALSE	FALSE	TRUE
EPI_ISL_603634|2020-10-13	EPI_ISL_603634	Switzerland/VD-ETHZ-321393/2020	2020-10-13	2020-10-13	Europe	CHE	Vaud	CHE	20A	B.1.416.1	Viollier AG	Department of Biosystems Science and Engineering, ETH Zürich	Christian Beisel et al	B.1.416.1	FALSE	FALSE	TRUE
EPI_ISL_603693|2020-10-15	EPI_ISL_603693	Switzerland/BE-ETHZ-321481/2020	2020-10-15	2020-10-15	Europe	CHE	Bern	CHE	20A	B.1.416.1	Viollier AG	Department of Biosystems Science and Engineering, ETH Zürich	Christian Beisel et al	B.1.416.1	FALSE	FALSE	TRUE
EPI_ISL_603708|2020-10-15	EPI_ISL_603708	Switzerland/SO-ETHZ-321496/2020	2020-10-15	2020-10-15	Europe	CHE	Solothurn	CHE	20A	B.1.416.1	Viollier AG	Department of Biosystems Science and Engineering, ETH Zürich	Christian Beisel et al	B.1.416.1	FALSE	FALSE	TRUE
EPI_ISL_607449|2020-10-15	EPI_ISL_607449	England/MILK-A7C199/2020	2020-10-15	2020-10-15	Europe	GBR	England	GBR	20A	B.1.416.1	Lighthouse Lab in Milton Keynes	Wellcome Sanger Institute for the COVID-19 Genomics UK (COG-UK) consortium	The Lighthouse Lab in Milton Keynes et al	B.1.416.1	FALSE	TRUE	FALSE
EPI_ISL_613545|2020-08-15	EPI_ISL_613545	France/BRE-BR9055/2020	2020-08-15	2020-08-15	Europe	FRA	Bretagne	FRA	20A	B.1.416.1	CHRU Pontchaillou - Laboratoire de Virologie 2, rue Henri Le Guilloux	National Reference Center for Viruses of Respiratory Infections, Institut Pasteur, Paris	Marion Barbet et al	B.1.416.1	FALSE	TRUE	FALSE
EPI_ISL_613548|2020-08-29	EPI_ISL_613548	France/BRE-BR9059/2020	2020-08-29	2020-08-29	Europe	FRA	Bretagne	FRA	20A	B.1.416.1	CHRU Pontchaillou - Laboratoire de Virologie 2, rue Henri Le Guilloux	National Reference Center for Viruses of Respiratory Infections, Institut Pasteur, Paris	Marion Barbet et al	B.1.416.1	FALSE	TRUE	FALSE
EPI_ISL_614923|2020-10-21	EPI_ISL_614923	Switzerland/BE-ETHZ-331447/2020	2020-10-21	2020-10-21	Europe	CHE	Bern	CHE	20A	B.1.416.1	Viollier AG	Department of Biosystems Science and Engineering, ETH Zürich	Christian Beisel et al	B.1.416.1	FALSE	FALSE	TRUE
EPI_ISL_614941|2020-10-21	EPI_ISL_614941	Switzerland/GE-ETHZ-331462/2020	2020-10-21	2020-10-21	Europe	CHE	Geneva	CHE	20A	B.1.416.1	Viollier AG	Department of Biosystems Science and Engineering, ETH Zürich	Christian Beisel et al	B.1.416.1	FALSE	FALSE	TRUE
EPI_ISL_618567|2020-10-19	EPI_ISL_618567	Denmark/DCGC-7664/2020	2020-10-19	2020-10-19	Europe	DNK	Hovedstaden	DNK	20A	B.1.416.1	Department of Virus and Microbiological Special Diagnostics, Statens Serum Institut, Denmark	Albertsen lab, Department of Chemistry and Bioscience, Aalborg University, Denmark	Danish Covid-19 Genome Consortia et al	B.1.416.1	FALSE	TRUE	FALSE
EPI_ISL_619286|2020-10-12	EPI_ISL_619286	Denmark/DCGC-7376/2020	2020-10-12	2020-10-12	Europe	DNK	Nordjylland	DNK	20A	B.1.416.1	Department of Virus and Microbiological Special Diagnostics, Statens Serum Institut, Denmark	Albertsen lab, Department of Chemistry and Bioscience, Aalborg University, Denmark	Danish Covid-19 Genome Consortia et al	B.1.416.1	FALSE	TRUE	FALSE
EPI_ISL_619550|2020-10-12	EPI_ISL_619550	Denmark/DCGC-6648/2020	2020-10-12	2020-10-12	Europe	DNK	Nordjylland	DNK	20A	B.1.416.1	Department of Virus and Microbiological Special Diagnostics, Statens Serum Institut, Denmark	Albertsen lab, Department of Chemistry and Bioscience, Aalborg University, Denmark	Danish Covid-19 Genome Consortia et al	B.1.416.1	FALSE	TRUE	FALSE
EPI_ISL_620312|2020-10-12	EPI_ISL_620312	Denmark/DCGC-6412/2020	2020-10-12	2020-10-12	Europe	DNK	Nordjylland	DNK	20A	B.1.416.1	Department of Virus and Microbiological Special Diagnostics, Statens Serum Institut, Denmark	Albertsen lab, Department of Chemistry and Bioscience, Aalborg University, Denmark	Danish Covid-19 Genome Consortia et al	B.1.416.1	FALSE	TRUE	FALSE
EPI_ISL_626582|2020-09-15	EPI_ISL_626582	CzechRepublic/NRL_8972-3/2020	2020-09-15	2020-09-15	Europe	CZE	Prague	CZE	20A	B.1.416.1	The National Institute of Public Health	State Veterinary Institute Prague	Nagy et al	B.1.416.1	FALSE	TRUE	FALSE
EPI_ISL_626583|2020-09-15	EPI_ISL_626583	CzechRepublic/NRL_8972-5/2020	2020-09-15	2020-09-15	Europe	CZE	Prague	CZE	20A	B.1.416.1	The National Institute of Public Health	State Veterinary Institute Prague	Nagy et al	B.1.416.1	FALSE	TRUE	FALSE
EPI_ISL_626589|2020-09-29	EPI_ISL_626589	CzechRepublic/NRL_9448/2020	2020-09-29	2020-09-29	Europe	CZE	Prague	CZE	20A	B.1.416.1	The National Institute of Public Health	State Veterinary Institute Prague	Nagy et al	B.1.416.1	FALSE	TRUE	FALSE
EPI_ISL_626620|2020-10-12	EPI_ISL_626620	CzechRepublic/NRL_9893/2020	2020-10-12	2020-10-12	Europe	CZE	Czech Republic	CZE	20A	B.1.416.1	The National Institute of Public Health	State Veterinary Institute Prague	Nagy et al	B.1.416.1	FALSE	TRUE	FALSE
EPI_ISL_626621|2020-10-12	EPI_ISL_626621	CzechRepublic/NRL_9894/2020	2020-10-12	2020-10-12	Europe	CZE	Czech Republic	CZE	20A	B.1.416.1	The National Institute of Public Health	State Veterinary Institute Prague	Nagy et al	B.1.416.1	FALSE	TRUE	FALSE
EPI_ISL_632763|2020-09-16	EPI_ISL_632763	Netherlands/ZH-EMC-884/2020	2020-09-16	2020-09-16	Europe	NLD	South Holland	NLD	20A	B.1.416.1	Dutch COVID-19 response team	Erasmus Medical Center	Bas Oude Munnink et al	B.1.416.1	FALSE	TRUE	FALSE
EPI_ISL_644495|2020-09-27	EPI_ISL_644495	France/PAC-MEPHI-2099/2020	2020-09-27	2020-09-27	Europe	FRA	Provence-Alpes-Côte d'Azur	FRA	20A	B.1.416.1	MEPHI, Aix Marseille University	MEPHI, Aix Marseille University	Anthony LEVASSEUR et al	B.1.416.1	FALSE	TRUE	FALSE
EPI_ISL_644508|2020-09-24	EPI_ISL_644508	France/PAC-MEPHI-2139/2020	2020-09-24	2020-09-24	Europe	FRA	Provence-Alpes-Côte d'Azur	FRA	20A	B.1.416.1	MEPHI, Aix Marseille University	MEPHI, Aix Marseille University	Anthony LEVASSEUR et al	B.1.416.1	FALSE	TRUE	FALSE
EPI_ISL_650775|2020-10-20	EPI_ISL_650775	Scotland/EDB8560/2020	2020-10-20	2020-10-20	Europe	GBR	Scotland	GBR	20A	B.1.416.1	Virology Department, Royal Infirmary of Edinburgh, NHS Lothian / School of Biological Sciences, University of Edinburgh / Institute of Genetics and Molecular Medicine, University of Edinburgh	COVID-19 Genomics UK (COG-UK) Consortium	McHugh M et al	B.1.416.1	FALSE	TRUE	FALSE
EPI_ISL_650796|2020-10-25	EPI_ISL_650796	Scotland/EDB8724/2020	2020-10-25	2020-10-25	Europe	GBR	Scotland	GBR	20A	B.1.416.1	Virology Department, Royal Infirmary of Edinburgh, NHS Lothian / School of Biological Sciences, University of Edinburgh / Institute of Genetics and Molecular Medicine, University of Edinburgh	COVID-19 Genomics UK (COG-UK) Consortium	McHugh M et al	B.1.416.1	FALSE	TRUE	FALSE
EPI_ISL_651978|2020-10-22	EPI_ISL_651978	Scotland/EDB8603/2020	2020-10-22	2020-10-22	Europe	GBR	Scotland	GBR	20A	B.1.416.1	Virology Department, Royal Infirmary of Edinburgh, NHS Lothian / School of Biological Sciences, University of Edinburgh / Institute of Genetics and Molecular Medicine, University of Edinburgh	COVID-19 Genomics UK (COG-UK) Consortium	McHugh M et al	B.1.416.1	FALSE	TRUE	FALSE
EPI_ISL_654032|2020-08-05	EPI_ISL_654032	Spain/MD-IBV-99008466/2020	2020-08-05	2020-08-05	Europe	ESP	Madrid	ESP	20A	B.1.416.1	Hospital General Universitario Gregorio Marañón	SeqCOVID-SPAIN consortium/IBV(CSIC)	Darío García de Viedma et al	B.1.416.1	FALSE	TRUE	FALSE
EPI_ISL_654132|2020-09-21	EPI_ISL_654132	Spain/MD-IBV-99008592/2020	2020-09-21	2020-09-21	Europe	ESP	Madrid	ESP	20A	B.1.416.1	Hospital General Universitario Gregorio Marañón	SeqCOVID-SPAIN consortium/IBV(CSIC)	Darío García de Viedma et al	B.1.416.1	FALSE	TRUE	FALSE
EPI_ISL_654280|2020-08-18	EPI_ISL_654280	Spain/MD-IBV-99008700/2020	2020-08-18	2020-08-18	Europe	ESP	Madrid	ESP	20A	B.1.416.1	Hospital General Universitario Gregorio Marañón	SeqCOVID-SPAIN consortium/IBV(CSIC)	Darío García de Viedma et al	B.1.416.1	FALSE	TRUE	FALSE
EPI_ISL_654412|2020-09-30	EPI_ISL_654412	Spain/AR-IBV-98008073/2020	2020-09-30	2020-09-30	Europe	ESP	Aragon	ESP	20A	B.1.416.1	Servicio de Microbiología, Hospital Miguel Servet, Zaragoza	SeqCOVID-SPAIN consortium/IBV(CSIC)	Antonio Rezusta López et al	B.1.416.1	FALSE	TRUE	FALSE
EPI_ISL_654416|2020-09-30	EPI_ISL_654416	Spain/AR-IBV-98008045/2020	2020-09-30	2020-09-30	Europe	ESP	Aragon	ESP	20A	B.1.416.1	Servicio de Microbiología, Hospital Miguel Servet, Zaragoza	SeqCOVID-SPAIN consortium/IBV(CSIC)	Antonio Rezusta López et al	B.1.416.1	FALSE	TRUE	FALSE
EPI_ISL_654421|2020-09-30	EPI_ISL_654421	Spain/AR-IBV-98008011/2020	2020-09-30	2020-09-30	Europe	ESP	Aragon	ESP	20A	B.1.416.1	Servicio de Microbiología, Hospital Miguel Servet, Zaragoza	SeqCOVID-SPAIN consortium/IBV(CSIC)	Antonio Rezusta López et al	B.1.416.1	FALSE	TRUE	FALSE
EPI_ISL_654422|2020-09-30	EPI_ISL_654422	Spain/AR-IBV-98008013/2020	2020-09-30	2020-09-30	Europe	ESP	Aragon	ESP	20A	B.1.416.1	Servicio de Microbiología, Hospital Miguel Servet, Zaragoza	SeqCOVID-SPAIN consortium/IBV(CSIC)	Antonio Rezusta López et al	B.1.416.1	FALSE	TRUE	FALSE
EPI_ISL_654423|2020-09-30	EPI_ISL_654423	Spain/AR-IBV-98008014/2020	2020-09-30	2020-09-30	Europe	ESP	Aragon	ESP	20A	B.1.416.1	Servicio de Microbiología, Hospital Miguel Servet, Zaragoza	SeqCOVID-SPAIN consortium/IBV(CSIC)	Antonio Rezusta López et al	B.1.416.1	FALSE	TRUE	FALSE
EPI_ISL_654424|2020-09-30	EPI_ISL_654424	Spain/AR-IBV-98008066/2020	2020-09-30	2020-09-30	Europe	ESP	Aragon	ESP	20A	B.1.416.1	Servicio de Microbiología, Hospital Miguel Servet, Zaragoza	SeqCOVID-SPAIN consortium/IBV(CSIC)	Antonio Rezusta López et al	B.1.416.1	FALSE	TRUE	FALSE
EPI_ISL_654425|2020-09-30	EPI_ISL_654425	Spain/AR-IBV-98008080/2020	2020-09-30	2020-09-30	Europe	ESP	Aragon	ESP	20A	B.1.416.1	Servicio de Microbiología, Hospital Miguel Servet, Zaragoza	SeqCOVID-SPAIN consortium/IBV(CSIC)	Antonio Rezusta López et al	B.1.416.1	FALSE	TRUE	FALSE
EPI_ISL_654433|2020-09-30	EPI_ISL_654433	Spain/AR-IBV-98008065/2020	2020-09-30	2020-09-30	Europe	ESP	Aragon	ESP	20A	B.1.416.1	Servicio de Microbiología, Hospital Miguel Servet, Zaragoza	SeqCOVID-SPAIN consortium/IBV(CSIC)	Antonio Rezusta López et al	B.1.416.1	FALSE	TRUE	FALSE
EPI_ISL_654435|2020-09-30	EPI_ISL_654435	Spain/AR-IBV-98008070/2020	2020-09-30	2020-09-30	Europe	ESP	Aragon	ESP	20A	B.1.416.1	Servicio de Microbiología, Hospital Miguel Servet, Zaragoza	SeqCOVID-SPAIN consortium/IBV(CSIC)	Antonio Rezusta López et al	B.1.416.1	FALSE	TRUE	FALSE
EPI_ISL_654437|2020-09-30	EPI_ISL_654437	Spain/AR-IBV-98008015/2020	2020-09-30	2020-09-30	Europe	ESP	Aragon	ESP	20A	B.1.416.1	Servicio de Microbiología, Hospital Miguel Servet, Zaragoza	SeqCOVID-SPAIN consortium/IBV(CSIC)	Antonio Rezusta López et al	B.1.416.1	FALSE	TRUE	FALSE
EPI_ISL_654439|2020-09-30	EPI_ISL_654439	Spain/AR-IBV-98008072/2020	2020-09-30	2020-09-30	Europe	ESP	Aragon	ESP	20A	B.1.416.1	Servicio de Microbiología, Hospital Miguel Servet, Zaragoza	SeqCOVID-SPAIN consortium/IBV(CSIC)	Antonio Rezusta López et al	B.1.416.1	FALSE	TRUE	FALSE
EPI_ISL_654487|2020-09-17	EPI_ISL_654487	Spain/VC-IBV-98007309/2020	2020-09-17	2020-09-17	Europe	ESP	Comunitat Valenciana	ESP	20A	B.1.416.1	Servicio de Microbiología. Hospital Clínico Universitario de Valencia	SeqCOVID-SPAIN consortium/IBV(CSIC)	David Navarro Ortega et al	B.1.416.1	FALSE	TRUE	FALSE
EPI_ISL_657434|2020-11-08	EPI_ISL_657434	England/CAMC-B52918/2020	2020-11-08	2020-11-08	Europe	GBR	England	GBR	20A	B.1.416.1	Lighthouse Lab in Cambridge	Wellcome Sanger Institute for the COVID-19 Genomics UK (COG-UK) Consortium	Rob Howes et al	B.1.416.1	FALSE	TRUE	FALSE
EPI_ISL_657481|2020-11-08	EPI_ISL_657481	England/CAMC-B52927/2020	2020-11-08	2020-11-08	Europe	GBR	England	GBR	20A	B.1.416.1	Lighthouse Lab in Cambridge	Wellcome Sanger Institute for the COVID-19 Genomics UK (COG-UK) Consortium	Rob Howes et al	B.1.416.1	FALSE	TRUE	FALSE
EPI_ISL_657678|2020-11-08	EPI_ISL_657678	England/CAMC-B52945/2020	2020-11-08	2020-11-08	Europe	GBR	England	GBR	20A	B.1.416.1	Lighthouse Lab in Cambridge	Wellcome Sanger Institute for the COVID-19 Genomics UK (COG-UK) Consortium	Rob Howes et al	B.1.416.1	FALSE	TRUE	FALSE
EPI_ISL_660266|2020-07-31	EPI_ISL_660266	Spain/CT-IBV-99009869/2020	2020-07-31	2020-07-31	Europe	ESP	Catalunya	ESP	20A	B.1.416.1	Servicio de Microbiología, Laboratori Clínic Metropolitana Nord. Hospital Universitari Germans Trias i Pujol. Institut d’Investigació en Ciències de la Salut Germans Trias i Pujol (IGTP)	SeqCOVID-SPAIN consortium/IBV(CSIC)	Elisa Martró et al	B.1.416.1	FALSE	TRUE	FALSE
EPI_ISL_692755|2020-08-03	EPI_ISL_692755	France/ARA-57804/2020	2020-08-03	2020-08-03	Europe	FRA	Auvergne-Rhône-Alpes	FRA	20A	B.1.416.1	CNR Virus des Infections Respiratoires - France SUD	CNR Virus des Infections Respiratoires - France SUD	Antonin Bal et al	B.1.416.1	FALSE	TRUE	FALSE
EPI_ISL_693666|2020-11-03	EPI_ISL_693666	CzechRepublic/NRL-10717/2020	2020-11-03	2020-11-03	Europe	CZE	Prague	CZE	20A	B.1.416.1	The National Institute of Public Health	State Veterinary Institute Prague	Nagy et al	B.1.416.1	FALSE	TRUE	FALSE
EPI_ISL_693669|2020-11-03	EPI_ISL_693669	CzechRepublic/NRL-10720/2020	2020-11-03	2020-11-03	Europe	CZE	Czech Republic	CZE	20A	B.1.416.1	The National Institute of Public Health	State Veterinary Institute Prague	Nagy et al	B.1.416.1	FALSE	TRUE	FALSE
EPI_ISL_693813|2020-11-02	EPI_ISL_693813	Switzerland/AG-ETHZ-350113/2020	2020-11-02	2020-11-02	Europe	CHE	Aargau	CHE	20A	B.1.416.1	Viollier AG	Department of Biosystems Science and Engineering, ETH Zürich	Christian Beisel et al	B.1.416.1	FALSE	FALSE	TRUE
EPI_ISL_693898|2020-11-08	EPI_ISL_693898	Switzerland/BE-ETHZ-360088/2020	2020-11-08	2020-11-08	Europe	CHE	Bern	CHE	20A	B.1.416.1	Viollier AG	Department of Biosystems Science and Engineering, ETH Zürich	Christian Beisel et al	B.1.416.1	FALSE	FALSE	TRUE
EPI_ISL_721757|2020-11-23	EPI_ISL_721757	Switzerland/BE-ETHZ-380224/2020	2020-11-23	2020-11-23	Europe	CHE	Bern	CHE	20A	B.1.416.1	Viollier AG	Department of Biosystems Science and Engineering, ETH Zürich	Christian Beisel et al	B.1.416.1	FALSE	FALSE	TRUE
EPI_ISL_721868|2020-10-26	EPI_ISL_721868	Switzerland/SO-ETHZ-340102/2020	2020-10-26	2020-10-26	Europe	CHE	Solothurn	CHE	20A	B.1.416.1	Viollier AG	Department of Biosystems Science and Engineering, ETH Zürich	Christian Beisel et al	B.1.416.1	FALSE	FALSE	TRUE
EPI_ISL_721891|2020-11-30	EPI_ISL_721891	Switzerland/SO-ETHZ-390335/2020	2020-11-30	2020-11-30	Europe	CHE	Solothurn	CHE	20A	B.1.416.1	Viollier AG	Department of Biosystems Science and Engineering, ETH Zürich	Christian Beisel et al	B.1.416.1	FALSE	FALSE	TRUE
EPI_ISL_721973|2020-12-03	EPI_ISL_721973	Switzerland/ZH-ETHZ-390412/2020	2020-12-03	2020-12-03	Europe	CHE	Zürich	CHE	20A	B.1.416.1	Viollier AG	Department of Biosystems Science and Engineering, ETH Zürich	Christian Beisel et al	B.1.416.1	FALSE	FALSE	TRUE
EPI_ISL_721974|2020-12-03	EPI_ISL_721974	Switzerland/ZH-ETHZ-390413/2020	2020-12-03	2020-12-03	Europe	CHE	Zürich	CHE	20A	B.1.416.1	Viollier AG	Department of Biosystems Science and Engineering, ETH Zürich	Christian Beisel et al	B.1.416.1	FALSE	FALSE	TRUE
EPI_ISL_721975|2020-12-03	EPI_ISL_721975	Switzerland/ZH-ETHZ-390416/2020	2020-12-03	2020-12-03	Europe	CHE	Zürich	CHE	20A	B.1.416.1	Viollier AG	Department of Biosystems Science and Engineering, ETH Zürich	Christian Beisel et al	B.1.416.1	FALSE	FALSE	TRUE
EPI_ISL_721976|2020-12-03	EPI_ISL_721976	Switzerland/ZH-ETHZ-390417/2020	2020-12-03	2020-12-03	Europe	CHE	Zürich	CHE	20A	B.1.416.1	Viollier AG	Department of Biosystems Science and Engineering, ETH Zürich	Christian Beisel et al	B.1.416.1	FALSE	FALSE	TRUE
EPI_ISL_721977|2020-12-03	EPI_ISL_721977	Switzerland/ZH-ETHZ-390418/2020	2020-12-03	2020-12-03	Europe	CHE	Zürich	CHE	20A	B.1.416.1	Viollier AG	Department of Biosystems Science and Engineering, ETH Zürich	Christian Beisel et al	B.1.416.1	FALSE	FALSE	TRUE
EPI_ISL_721979|2020-12-03	EPI_ISL_721979	Switzerland/ZH-ETHZ-390421/2020	2020-12-03	2020-12-03	Europe	CHE	Zürich	CHE	20A	B.1.416.1	Viollier AG	Department of Biosystems Science and Engineering, ETH Zürich	Christian Beisel et al	B.1.416.1	FALSE	FALSE	TRUE
EPI_ISL_722202|2020-11-11	EPI_ISL_722202	Switzerland/ZH-UZH-IMV100/2020	2020-11-11	2020-11-11	Europe	CHE	Zürich	CHE	20A	B.1.416.1	University Hospital Zurich	Institute of Medical Virology, University of Zurich	Stefan Schmutz et al	B.1.416.1	FALSE	FALSE	TRUE
EPI_ISL_722204|2020-11-10	EPI_ISL_722204	Switzerland/ZH-UZH-IMV102/2020	2020-11-10	2020-11-10	Europe	CHE	Zürich	CHE	20A	B.1.416.1	University Hospital Zurich	Institute of Medical Virology, University of Zurich	Stefan Schmutz et al	B.1.416.1	FALSE	FALSE	TRUE
EPI_ISL_722224|2020-09-30	EPI_ISL_722224	Spain/AR-IBV-98010617/2020	2020-09-30	2020-09-30	Europe	ESP	Aragon	ESP	20A	B.1.416.1	Servicio de Microbiología, Hospital Miguel Servet, Zaragoza	SeqCOVID-SPAIN consortium/IBV(CSIC)	Antonio Rezusta López et al	B.1.416.1	FALSE	TRUE	FALSE
EPI_ISL_722225|2020-09-30	EPI_ISL_722225	Spain/AR-IBV-98010623/2020	2020-09-30	2020-09-30	Europe	ESP	Aragon	ESP	20A	B.1.416.1	Servicio de Microbiología, Hospital Miguel Servet, Zaragoza	SeqCOVID-SPAIN consortium/IBV(CSIC)	Antonio Rezusta López et al	B.1.416.1	FALSE	TRUE	FALSE
EPI_ISL_722226|2020-09-30	EPI_ISL_722226	Spain/AR-IBV-98010625/2020	2020-09-30	2020-09-30	Europe	ESP	Aragon	ESP	20A	B.1.416.1	Servicio de Microbiología, Hospital Miguel Servet, Zaragoza	SeqCOVID-SPAIN consortium/IBV(CSIC)	Antonio Rezusta López et al	B.1.416.1	FALSE	TRUE	FALSE
EPI_ISL_722227|2020-09-30	EPI_ISL_722227	Spain/AR-IBV-98010626/2020	2020-09-30	2020-09-30	Europe	ESP	Aragon	ESP	20A	B.1.416.1	Servicio de Microbiología, Hospital Miguel Servet, Zaragoza	SeqCOVID-SPAIN consortium/IBV(CSIC)	Antonio Rezusta López et al	B.1.416.1	FALSE	TRUE	FALSE
EPI_ISL_729145|2020-12-07	EPI_ISL_729145	Switzerland/BE-ETHZ-400103/2020	2020-12-07	2020-12-07	Europe	CHE	Bern	CHE	20A	B.1.416.1	Viollier AG	Department of Biosystems Science and Engineering, ETH Zürich	Chaoran Chen et al	B.1.416.1	FALSE	FALSE	TRUE
EPI_ISL_729147|2020-12-07	EPI_ISL_729147	Switzerland/BE-ETHZ-400105/2020	2020-12-07	2020-12-07	Europe	CHE	Bern	CHE	20A	B.1.416.1	Viollier AG	Department of Biosystems Science and Engineering, ETH Zürich	Chaoran Chen et al	B.1.416.1	FALSE	FALSE	TRUE
EPI_ISL_729684|2020-11-23	EPI_ISL_729684	Germany/SH-ChVir20758/2020	2020-11-23	2020-11-23	Europe	DEU	Schleswig-Holstein	DEU	20A	B.1.416.1	A. Krumbholz, Labor Dr. Krause und Kollegen MVZ GmbH, Kiel	Charité Universitätsmedizin Berlin, Institut für Virologie	Victor M Corman et al	B.1.416.1	FALSE	TRUE	FALSE
EPI_ISL_733496|2020-11-21	EPI_ISL_733496	Switzerland/ZH-UZH-IMV126/2020	2020-11-21	2020-11-21	Europe	CHE	Zürich	CHE	20A	B.1.416.1	University Hospital Zürich	Institute of Medical Virology, University of Zurich	Stefan Schmutz et al	B.1.416.1	FALSE	FALSE	TRUE
EPI_ISL_737684|2020-10-10	EPI_ISL_737684	Switzerland/BE-ETHZ-320197/2020	2020-10-10	2020-10-10	Europe	CHE	Bern	CHE	20A	B.1.416.1	Viollier AG	Department of Biosystems Science and Engineering, ETH Zürich	Chaoran Chen et al	B.1.416.1	FALSE	FALSE	TRUE
EPI_ISL_737691|2020-10-12	EPI_ISL_737691	Switzerland/BE-ETHZ-320602/2020	2020-10-12	2020-10-12	Europe	CHE	Bern	CHE	20A	B.1.416.1	Viollier AG	Department of Biosystems Science and Engineering, ETH Zürich	Chaoran Chen et al	B.1.416.1	FALSE	FALSE	TRUE
EPI_ISL_737694|2020-10-14	EPI_ISL_737694	Switzerland/BE-ETHZ-321081/2020	2020-10-14	2020-10-14	Europe	CHE	Bern	CHE	20A	B.1.416.1	Viollier AG	Department of Biosystems Science and Engineering, ETH Zürich	Chaoran Chen et al	B.1.416.1	FALSE	FALSE	TRUE
EPI_ISL_737706|2020-10-14	EPI_ISL_737706	Switzerland/BE-ETHZ-321094/2020	2020-10-14	2020-10-14	Europe	CHE	Bern	CHE	20A	B.1.416.1	Viollier AG	Department of Biosystems Science and Engineering, ETH Zürich	Chaoran Chen et al	B.1.416.1	FALSE	FALSE	TRUE
EPI_ISL_737752|2020-10-12	EPI_ISL_737752	Switzerland/GE-ETHZ-320584/2020	2020-10-12	2020-10-12	Europe	CHE	Geneva	CHE	20A	B.1.416.1	Viollier AG	Department of Biosystems Science and Engineering, ETH Zürich	Chaoran Chen et al	B.1.416.1	FALSE	FALSE	TRUE
EPI_ISL_737753|2020-10-12	EPI_ISL_737753	Switzerland/GE-ETHZ-320595/2020	2020-10-12	2020-10-12	Europe	CHE	Geneva	CHE	20A	B.1.416.1	Viollier AG	Department of Biosystems Science and Engineering, ETH Zürich	Chaoran Chen et al	B.1.416.1	FALSE	FALSE	TRUE
EPI_ISL_737887|2020-10-12	EPI_ISL_737887	Switzerland/VD-ETHZ-320411/2020	2020-10-12	2020-10-12	Europe	CHE	Vaud	CHE	20A	B.1.416.1	Viollier AG	Department of Biosystems Science and Engineering, ETH Zürich	Chaoran Chen et al	B.1.416.1	FALSE	FALSE	TRUE
EPI_ISL_737890|2020-10-12	EPI_ISL_737890	Switzerland/VD-ETHZ-320415/2020	2020-10-12	2020-10-12	Europe	CHE	Vaud	CHE	20A	B.1.416.1	Viollier AG	Department of Biosystems Science and Engineering, ETH Zürich	Chaoran Chen et al	B.1.416.1	FALSE	FALSE	TRUE
EPI_ISL_745324|2020-12-14	EPI_ISL_745324	France/ARA-120139/2020	2020-12-14	2020-12-14	Europe	FRA	Auvergne-Rhône-Alpes	FRA	20A	B.1.416.1	CNR Virus des Infections Respiratoires - France SUD	CNR Virus des Infections Respiratoires - France SUD	Antonin Bal et al	B.1.416.1	FALSE	TRUE	FALSE
EPI_ISL_745325|2020-12-19	EPI_ISL_745325	France/ARA-122144/2020	2020-12-19	2020-12-19	Europe	FRA	Auvergne-Rhône-Alpes	FRA	20A	B.1.416.1	CNR Virus des Infections Respiratoires - France SUD	CNR Virus des Infections Respiratoires - France SUD	Antonin Bal et al	B.1.416.1	FALSE	TRUE	FALSE
EPI_ISL_753776|2020-10-16	EPI_ISL_753776	Germany/BE-ChVir-D2015-8253/2020	2020-10-16	2020-10-16	Europe	DEU	Berlin	DEU	20A	B.1.416.1	Charité Universitätsmedizin Berlin, Institut für Virologie/Labor Berlin	Charité Universitätsmedizin Berlin, Institut für Virologie	Victor M Corman et al	B.1.416.1	FALSE	TRUE	FALSE
EPI_ISL_753817|2020-10-10	EPI_ISL_753817	Germany/BE-ChVir-D1978-4478/2020	2020-10-10	2020-10-10	Europe	DEU	Berlin	DEU	20A	B.1.416.1	Charité Universitätsmedizin Berlin, Institut für Virologie/Labor Berlin	Charité Universitätsmedizin Berlin, Institut für Virologie	Victor M Corman et al	B.1.416.1	FALSE	TRUE	FALSE
EPI_ISL_753867|2020-10-05	EPI_ISL_753867	Germany/BE-ChVir-D1922-4497/2020	2020-10-05	2020-10-05	Europe	DEU	Berlin	DEU	20A	B.1.416.1	Charité Universitätsmedizin Berlin, Institut für Virologie/Labor Berlin	Charité Universitätsmedizin Berlin, Institut für Virologie	Victor M Corman et al	B.1.416.1	FALSE	TRUE	FALSE
EPI_ISL_753870|2020-10-10	EPI_ISL_753870	Germany/BE-ChVir-D1926-5089/2020	2020-10-10	2020-10-10	Europe	DEU	Berlin	DEU	20A	B.1.416.1	Charité Universitätsmedizin Berlin, Institut für Virologie/Labor Berlin	Charité Universitätsmedizin Berlin, Institut für Virologie	Victor M Corman et al	B.1.416.1	FALSE	TRUE	FALSE
EPI_ISL_753913|2020-10-09	EPI_ISL_753913	Germany/BE-ChVir-D2035-8263/2020	2020-10-09	2020-10-09	Europe	DEU	Berlin	DEU	20A	B.1.416.1	Charité Universitätsmedizin Berlin, Institut für Virologie/Labor Berlin	Charité Universitätsmedizin Berlin, Institut für Virologie	Victor M Corman et al	B.1.416.1	FALSE	TRUE	FALSE
EPI_ISL_753915|2020-10-09	EPI_ISL_753915	Germany/BE-ChVir-D2037-8226/2020	2020-10-09	2020-10-09	Europe	DEU	Berlin	DEU	20A	B.1.416.1	Charité Universitätsmedizin Berlin, Institut für Virologie/Labor Berlin	Charité Universitätsmedizin Berlin, Institut für Virologie	Victor M Corman et al	B.1.416.1	FALSE	TRUE	FALSE
EPI_ISL_754843|2020-12-17	EPI_ISL_754843	France/GES-IPP10958/2020	2020-12-17	2020-12-17	Europe	FRA	Grand Est	FRA	20A	B.1.416.1	Laboratoire de Virologie Hôpital Robert Debré	National Reference Center for Viruses of Respiratory Infections, Institut Pasteur, Paris	Marion Barbet et al	B.1.416.1	FALSE	TRUE	FALSE
EPI_ISL_754844|2020-12-18	EPI_ISL_754844	France/GES-IPP10959/2020	2020-12-18	2020-12-18	Europe	FRA	Grand Est	FRA	20A	B.1.416.1	Laboratoire de Virologie Hôpital Robert Debré	National Reference Center for Viruses of Respiratory Infections, Institut Pasteur, Paris	Marion Barbet et al	B.1.416.1	FALSE	TRUE	FALSE
EPI_ISL_754845|2020-12-17	EPI_ISL_754845	France/GES-IPP10957/2020	2020-12-17	2020-12-17	Europe	FRA	Grand Est	FRA	20A	B.1.416.1	Laboratoire de Virologie Hôpital Robert Debré	National Reference Center for Viruses of Respiratory Infections, Institut Pasteur, Paris	Marion Barbet et al	B.1.416.1	FALSE	TRUE	FALSE
EPI_ISL_754846|2020-12-18	EPI_ISL_754846	France/GES-IPP10971/2020	2020-12-18	2020-12-18	Europe	FRA	Grand Est	FRA	20A	B.1.416.1	Laboratoire de Virologie Hôpital Robert Debré	National Reference Center for Viruses of Respiratory Infections, Institut Pasteur, Paris	Marion Barbet et al	B.1.416.1	FALSE	TRUE	FALSE
EPI_ISL_765479|2020-12-18	EPI_ISL_765479	France/GES-IPP10968/2020	2020-12-18	2020-12-18	Europe	FRA	Grand Est	FRA	20A	B.1.416.1	Laboratoire de Virologie, Hôpital Robert Debré	National Reference Center for Viruses of Respiratory Infections, Institut Pasteur, Paris	Marion Barbet et al	B.1.416.1	FALSE	TRUE	FALSE
EPI_ISL_767975|2020-12-23	EPI_ISL_767975	Switzerland/AG-ETHZ-420679/2020	2020-12-23	2020-12-23	Europe	CHE	Aargau	CHE	20A	B.1.416.1	Viollier AG	Department of Biosystems Science and Engineering, ETH Zürich	Chaoran Chen et al	B.1.416.1	FALSE	FALSE	TRUE
EPI_ISL_768293|2020-12-20	EPI_ISL_768293	Switzerland/ZH-ETHZ-420301/2020	2020-12-20	2020-12-20	Europe	CHE	Zürich	CHE	20A	B.1.416.1	Viollier AG	Department of Biosystems Science and Engineering, ETH Zürich	Chaoran Chen et al	B.1.416.1	FALSE	FALSE	TRUE
EPI_ISL_779898|2020-12-20	EPI_ISL_779898	Spain/IB-IBV-99011562/2020	2020-12-20	2020-12-20	Europe	ESP	Balear Islands	ESP	20A	B.1.416.1	Servicio de Microbiología, Hospital Universitario Son Espases	SeqCOVID-SPAIN consortium/IBV(CSIC)	Carla López-Causapé et al	B.1.416.1	FALSE	TRUE	FALSE
EPI_ISL_792006|2020-12-18	EPI_ISL_792006	France/GES-IPP10974/2020	2020-12-18	2020-12-18	Europe	FRA	Grand Est	FRA	20A	B.1.416.1	Laboratoire de Virologie Hôpital Robert Debré	National Reference Center for Viruses of Respiratory Infections, Institut Pasteur, Paris	Marion Barbet et al	B.1.416.1	FALSE	TRUE	FALSE
EPI_ISL_796054|2020-09-16	EPI_ISL_796054	Germany/NW-IOV-K-5687/2020	2020-09-16	2020-09-16	Europe	DEU	North Rhine Westphalia	DEU	20A	B.1.416.1	Institute of Virology, University of Cologne	Institute of Virology, University of Cologne	Saleta Sierra et al	B.1.416.1	FALSE	TRUE	FALSE
EPI_ISL_796058|2020-10-01	EPI_ISL_796058	Germany/NW-IOV-K-5691/2020	2020-10-01	2020-10-01	Europe	DEU	North Rhine Westphalia	DEU	20A	B.1.416.1	Institute of Virology, University of Cologne	Institute of Virology, University of Cologne	Saleta Sierra et al	B.1.416.1	FALSE	TRUE	FALSE
EPI_ISL_831188|2020-10-01	EPI_ISL_831188	Spain/MD-IBV-99013305/2020	2020-10-01	2020-10-01	Europe	ESP	Madrid	ESP	20A	B.1.416.1	Hospital Universitario La Paz (Madrid)	SeqCOVID-SPAIN consortium/IBV(CSIC)	María Rodríguez-Tejedor et al	B.1.416.1	FALSE	TRUE	FALSE
EPI_ISL_832130|2020-12-17	EPI_ISL_832130	France/GE-IPP10935/2020	2020-12-17	2020-12-17	Europe	FRA	Grand Est	FRA	20A	B.1.416.1	Hospital	National Reference Center for Viruses of Respiratory Infections, Institut Pasteur, Paris	Marion Barbet et al	B.1.416.1	FALSE	TRUE	FALSE
EPI_ISL_860737|2020-11-02	EPI_ISL_860737	Switzerland/BL-SNRCI-1755/2020	2020-11-02	2020-11-02	Europe	CHE	Basel-Stadt	CHE	20A	B.1.416.1	Swiss National Reference Centre for Influenza	Swiss National Reference Centre for Influenza	Ana Rita Gonçalves Cabecinhas et al	B.1.416.1	FALSE	FALSE	TRUE
EPI_ISL_889400|2020-10-02	EPI_ISL_889400	CzechRepublic/IAB20_016_094/2020	2020-10-02	2020-10-02	Europe	CZE	Olomouc Region	CZE	20A	B.1.416.1	Olomouc University Hospital	Institute of Applied Biotechnologies a.s.	Petr Klempt et al	B.1.416.1	FALSE	TRUE	FALSE
EPI_ISL_889401|2020-10-02	EPI_ISL_889401	CzechRepublic/IAB20_016_294/2020	2020-10-02	2020-10-02	Europe	CZE	Olomouc Region	CZE	20A	B.1.416.1	Olomouc University Hospital	Institute of Applied Biotechnologies a.s.	Petr Klempt et al	B.1.416.1	FALSE	TRUE	FALSE
EPI_ISL_889406|2020-10-03	EPI_ISL_889406	CzechRepublic/IAB20_016_101/2020	2020-10-03	2020-10-03	Europe	CZE	Olomouc Region	CZE	20A	B.1.416.1	Olomouc University Hospital	Institute of Applied Biotechnologies a.s.	Petr Klempt et al	B.1.416.1	FALSE	TRUE	FALSE
EPI_ISL_889436|2020-10-06	EPI_ISL_889436	CzechRepublic/IAB20_016_129/2020	2020-10-06	2020-10-06	Europe	CZE	Olomouc Region	CZE	20A	B.1.416.1	Olomouc University Hospital	Institute of Applied Biotechnologies a.s.	Petr Klempt et al	B.1.416.1	FALSE	TRUE	FALSE
EPI_ISL_889438|2020-10-06	EPI_ISL_889438	CzechRepublic/IAB20_016_131/2020	2020-10-06	2020-10-06	Europe	CZE	Olomouc Region	CZE	20A	B.1.416.1	Olomouc University Hospital	Institute of Applied Biotechnologies a.s.	Petr Klempt et al	B.1.416.1	FALSE	TRUE	FALSE
EPI_ISL_889439|2020-10-06	EPI_ISL_889439	CzechRepublic/IAB20_016_331/2020	2020-10-06	2020-10-06	Europe	CZE	Olomouc Region	CZE	20A	B.1.416.1	Olomouc University Hospital	Institute of Applied Biotechnologies a.s.	Petr Klempt et al	B.1.416.1	FALSE	TRUE	FALSE
EPI_ISL_890146|2020-08-05	EPI_ISL_890146	Canada/QC-HSE-0084066933/2020	2020-08-05	2020-08-05	North America	CAN	Quebec	CAN	20A	B.1.416.1	Laboratoire de santé publique du Québec	Laboratoire de santé publique du Québec	Sandrine Moreira et al	B.1.416.1	FALSE	TRUE	FALSE
EPI_ISL_892299|2020-12-05	EPI_ISL_892299	Spain/PV-IBV-97011426/2020	2020-12-05	2020-12-05	Europe	ESP	Basque Country	ESP	20A	B.1.416.1	Servicio de Microbiología. Hospital Universitario Donostia. OSI Donostialdea. Área de Enfermedades Infecciosas, Grupo de Infección Respiratoria y Resistencia Antimicrobiana. Instituto de Investigación Sanitaria Biodonostia	SeqCOVID-SPAIN consortium/IBV(CSIC)	Gustavo Cilla Eguiluz et al	B.1.416.1	FALSE	TRUE	FALSE
EPI_ISL_900170|2020-09-04	EPI_ISL_900170	France/PAC-IHUCOVID-1608/2020	2020-09-04	2020-09-04	Europe	FRA	Provence-Alpes-Côte d'Azur	FRA	20A	B.1.416.1	MEPHI, Aix Marseille University	MEPHI, Aix Marseille University	Anthony LEVASSEUR et al	B.1.416.1	FALSE	TRUE	FALSE
EPI_ISL_900563|2020-12-31	EPI_ISL_900563	France/ARA-126943/2020	2020-12-31	2020-12-31	Europe	FRA	Auvergne-Rhône-Alpes	FRA	20A	B.1.416.1	CNR Virus des Infections Respiratoires - France SUD	CNR Virus des Infections Respiratoires - France SUD	Antonin Bal et al	B.1.416.1	FALSE	TRUE	FALSE
EPI_ISL_930928|2020-10-19	EPI_ISL_930928	Switzerland/BS-UHB-42491501/2020	2020-10-19	2020-10-19	Europe	CHE	Aargau	CHE	20A	B.1.416.1	University Hospital Basel, Clinical Virology	University Hospital Basel, Clinical Bacteriology	Tim Roloff et al	B.1.416.1	FALSE	FALSE	TRUE
EPI_ISL_931131|2020-10-24	EPI_ISL_931131	Switzerland/AG-UHB-42502178/2020	2020-10-24	2020-10-24	Europe	FRA	Auvergne-Rhône-Alpes	FRA	20A	B.1.416.1	University Hospital Basel, Clinical Virology	University Hospital Basel, Clinical Bacteriology	Tim Roloff et al	B.1.416.1	FALSE	TRUE	FALSE
