tree_label	gisaid_epi_isl	strain	date_str	date	region	iso_country	division	iso_country_exposure	nextstrain_clade	pangolin_lineage	originating_lab	submitting_lab	authors	tree_pangolin_lineage	travel_context	similarity_context	focal_sequence
EPI_ISL_1039086|2020-11-27	EPI_ISL_1039086	Russia/BEL-RII-MH12763S/2020	2020-11-27	2020-11-27	Europe	RUS	Belgorod Region	RUS	20B	B.1.1.397	Center of Hygiene and Epidemiology in Belgorod Region	WHO National Influenza Centre Russian Federation	Andrey Komissarov et al	B.1.1.397	FALSE	TRUE	FALSE
EPI_ISL_1039121|2020-11-30	EPI_ISL_1039121	Russia/BEL-RII-MH12848S/2020	2020-11-30	2020-11-30	Europe	RUS	Belgorod Region	RUS	20B	B.1.1.397	Center of Hygiene and Epidemiology in Belgorod Region	WHO National Influenza Centre Russian Federation	Andrey Komissarov et al	B.1.1.397	FALSE	TRUE	FALSE
EPI_ISL_1682918|2020-12-16	EPI_ISL_1682918	Switzerland/ZH-ETHZ-560545/2020	2020-12-16	2020-12-16	Europe	CHE	Zürich	CHE	20B	B.1.1.397	Viollier AG	Department of Biosystems Science and Engineering, ETH Zürich	Chaoran Chen et al	B.1.1.397	FALSE	FALSE	TRUE
EPI_ISL_1682972|2020-12-23	EPI_ISL_1682972	Switzerland/ZH-ETHZ-560762/2020	2020-12-23	2020-12-23	Europe	CHE	Zürich	CHE	20B	B.1.1.397	Viollier AG	Department of Biosystems Science and Engineering, ETH Zürich	Chaoran Chen et al	B.1.1.397	FALSE	FALSE	TRUE
EPI_ISL_402125|2019-12-26	EPI_ISL_402125	Wuhan/Hu-1/2019	2019-12-26	2019-12-26	Asia	CHN	Hubei	CHN	19A	B	National Institute for Communicable Disease Control and Prevention (ICDC) Chinese Center for Disease Control and Prevention (China CDC)	National Institute for Communicable Disease Control and Prevention (ICDC) Chinese Center for Disease Control and Prevention (China CDC)	Zhang et al	B	FALSE	FALSE	FALSE
EPI_ISL_406798|2019-12-26	EPI_ISL_406798	Wuhan/WH01/2019	2019-12-26	2019-12-26	Asia	CHN	Hubei	CHN	19A	B	General Hospital of Central Theater Command of People's Liberation Army of China	BGI & Institute of Microbiology, Chinese Academy of Sciences & Shandong First Medical University & Shandong Academy of Medical Sciences & General Hospital of Central Theater Command of People's Liberation Army of China	Weijun Chen et al	B	FALSE	FALSE	FALSE
EPI_ISL_717968|2020-11-06	EPI_ISL_717968	Russia/MOS-CRIE-13297130/2020	2020-11-06	2020-11-06	Europe	RUS	Moscow Oblast	RUS	20B	B.1.1.397	Molecular diagnostic laboratory of Federal Budget Institution of Science "Central Research Institute of Epidemiology" of The Federal Service on Customers' Rights Protection and Human Well-being Surveillance	Group of Genomics and Postgenomic Technologies of Central Research Institute of Epidemilology	Samoilov AE et al	B.1.1.397	FALSE	TRUE	FALSE
EPI_ISL_717970|2020-11-06	EPI_ISL_717970	Russia/MOS-CRIE-13379339/2020	2020-11-06	2020-11-06	Europe	RUS	Moscow Oblast	RUS	20B	B.1.1.397	Molecular diagnostic laboratory of Federal Budget Institution of Science "Central Research Institute of Epidemiology" of The Federal Service on Customers' Rights Protection and Human Well-being Surveillance	Group of Genomics and Postgenomic Technologies of Central Research Institute of Epidemilology	Samoilov AE et al	B.1.1.397	FALSE	TRUE	FALSE
EPI_ISL_732671|2020-11-06	EPI_ISL_732671	Russia/MOS-CRIE-13431175/2020	2020-11-06	2020-11-06	Europe	RUS	Moscow Oblast	RUS	20B	B.1.1.397	Molecular diagnostic laboratory of Federal Budget Institution of Science "Central Research Institute of Epidemiology" of The Federal Service on Customers' Rights Protection and Human Well-being Surveillance	Group of Genomics and Postgenomic Technologies of Central Research Institute of Epidemilology	Samoilov AE et al	B.1.1.397	FALSE	TRUE	FALSE
EPI_ISL_733403|2020-09-26	EPI_ISL_733403	Russia/KGD-RII-MH7049S/2020	2020-09-26	2020-09-26	Europe	RUS	Kaliningrad Region	RUS	20B	B.1.1.397	WHO National Influenza Centre Russian Federation	WHO National Influenza Centre Russian Federation	Andrey Komissarov et al	B.1.1.397	FALSE	TRUE	FALSE
EPI_ISL_899931|2020-12-25	EPI_ISL_899931	Switzerland/ZH-ETHZ-430873/2020	2020-12-25	2020-12-25	Europe	CHE	Zürich	CHE	20B	B.1.1.397	Viollier AG	Department of Biosystems Science and Engineering, ETH Zürich	Christian Beisel et al	B.1.1.397	FALSE	FALSE	TRUE
