tree_label	gisaid_epi_isl	strain	date_str	date	region	iso_country	division	iso_country_exposure	nextstrain_clade	pangolin_lineage	originating_lab	submitting_lab	authors	tree_pangolin_lineage	travel_context	similarity_context	focal_sequence
EPI_ISL_1118995|2020-11-12	EPI_ISL_1118995	Switzerland/VS-ETHZ-500092/2020	2020-11-12	2020-11-12	Europe	CHE	Valais	CHE	20B	B.1.1.277	Viollier AG	Department of Biosystems Science and Engineering, ETH Zürich	Chaoran Chen et al	B.1.1.277	FALSE	FALSE	TRUE
EPI_ISL_1119493|2020-11-02	EPI_ISL_1119493	Switzerland/BS-ETHZ-500945/2020	2020-11-02	2020-11-02	Europe	CHE	Basel-Stadt	CHE	20B	B.1.1.277	Viollier AG	Department of Biosystems Science and Engineering, ETH Zürich	Chaoran Chen et al	B.1.1.277	FALSE	FALSE	TRUE
EPI_ISL_1119527|2020-11-04	EPI_ISL_1119527	Switzerland/AG-ETHZ-500977/2020	2020-11-04	2020-11-04	Europe	CHE	Aargau	CHE	20B	B.1.1.277	Viollier AG	Department of Biosystems Science and Engineering, ETH Zürich	Chaoran Chen et al	B.1.1.277	FALSE	FALSE	TRUE
EPI_ISL_1119529|2020-11-04	EPI_ISL_1119529	Switzerland/AG-ETHZ-500057/2020	2020-11-04	2020-11-04	Europe	CHE	Aargau	CHE	20B	B.1.1.277	Viollier AG	Department of Biosystems Science and Engineering, ETH Zürich	Chaoran Chen et al	B.1.1.277	FALSE	FALSE	TRUE
EPI_ISL_1129724|2020-10-30	EPI_ISL_1129724	Switzerland/BE-ETHZ-350290/2020	2020-10-30	2020-10-30	Europe	CHE	Bern	CHE	20B	B.1.1.277	Viollier AG	Department of Biosystems Science and Engineering, ETH Zürich	Chaoran Chen et al	B.1.1.277	FALSE	FALSE	TRUE
EPI_ISL_1194888|2020-11-15	EPI_ISL_1194888	Switzerland/BE-ETHZ-510012/2020	2020-11-15	2020-11-15	Europe	CHE	Bern	CHE	20B	B.1.1.277	Viollier AG	Department of Biosystems Science and Engineering, ETH Zürich	Chaoran Chen et al	B.1.1.277	FALSE	FALSE	TRUE
EPI_ISL_1194891|2020-11-15	EPI_ISL_1194891	Switzerland/BE-ETHZ-510017/2020	2020-11-15	2020-11-15	Europe	CHE	Bern	CHE	20B	B.1.1.277	Viollier AG	Department of Biosystems Science and Engineering, ETH Zürich	Chaoran Chen et al	B.1.1.277	FALSE	FALSE	TRUE
EPI_ISL_1195349|2020-12-21	EPI_ISL_1195349	Germany/BW-FR0581/2020	2020-12-21	2020-12-21	Europe	DEU	Baden-Wuerttemberg	DEU	20B	B.1.1.277	Institute of Virology, Medical Center, University of Freiburg, Freiburg, Germany	Institute of Virology, Clinial Virus Genomics, Medical Center, University of Freiburg, Freiburg, Germany	Jonas Fuchs et al	B.1.1.277	FALSE	TRUE	FALSE
EPI_ISL_1195350|2020-12-21	EPI_ISL_1195350	Germany/BW-FR0582/2020	2020-12-21	2020-12-21	Europe	DEU	Baden-Wuerttemberg	DEU	20B	B.1.1.277	Institute of Virology, Medical Center, University of Freiburg, Freiburg, Germany	Institute of Virology, Clinial Virus Genomics, Medical Center, University of Freiburg, Freiburg, Germany	Jonas Fuchs et al	B.1.1.277	FALSE	TRUE	FALSE
EPI_ISL_1195358|2020-12-09	EPI_ISL_1195358	Germany/BW-FR0592/2020	2020-12-09	2020-12-09	Europe	DEU	Baden-Wuerttemberg	DEU	20B	B.1.1.277	Institute of Virology, Medical Center, University of Freiburg, Freiburg, Germany	Institute of Virology, Clinial Virus Genomics, Medical Center, University of Freiburg, Freiburg, Germany	Jonas Fuchs et al	B.1.1.277	FALSE	TRUE	FALSE
EPI_ISL_1260193|2020-11-25	EPI_ISL_1260193	Switzerland/BS-ETHZ-520149/2020	2020-11-25	2020-11-25	Europe	CHE	Basel-Stadt	CHE	20B	B.1.1.277	Viollier AG	Department of Biosystems Science and Engineering, ETH Zürich	Christian Beisel et al	B.1.1.277	FALSE	FALSE	TRUE
EPI_ISL_1260427|2020-11-30	EPI_ISL_1260427	Switzerland/SZ-ETHZ-520247/2020	2020-11-30	2020-11-30	Europe	CHE	Schwyz	CHE	20B	B.1.1.277	Viollier AG	Department of Biosystems Science and Engineering, ETH Zürich	Christian Beisel et al	B.1.1.277	FALSE	FALSE	TRUE
EPI_ISL_1260498|2020-11-16	EPI_ISL_1260498	Switzerland/ZH-ETHZ-510540/2020	2020-11-16	2020-11-16	Europe	CHE	Zürich	CHE	20B	B.1.1.277	Viollier AG	Department of Biosystems Science and Engineering, ETH Zürich	Christian Beisel et al	B.1.1.277	FALSE	FALSE	TRUE
EPI_ISL_1260551|2020-11-21	EPI_ISL_1260551	Switzerland/ZH-ETHZ-521230/2020	2020-11-21	2020-11-21	Europe	CHE	Zürich	CHE	20B	B.1.1.277	Viollier AG	Department of Biosystems Science and Engineering, ETH Zürich	Chaoran Chen et al	B.1.1.277	FALSE	FALSE	TRUE
EPI_ISL_1273729|2020-11-23	EPI_ISL_1273729	Switzerland/ZH-UHB-42553946/2020	2020-11-23	2020-11-23	Europe	CHE	Zürich	CHE	20B	B.1.1.277	University Hospital Basel, Clinical Virology	University Hospital Basel, Clinical Bacteriology	Tim Roloff et al	B.1.1.277	FALSE	FALSE	TRUE
EPI_ISL_1361044|2020-11-08	EPI_ISL_1361044	Switzerland/SH-ETHZ-531385/2020	2020-11-08	2020-11-08	Europe	CHE	Schaffhausen	CHE	20B	B.1.1.277	Viollier AG	Department of Biosystems Science and Engineering, ETH Zürich	Chaoran Chen et al	B.1.1.277	FALSE	FALSE	TRUE
EPI_ISL_1361121|2020-11-07	EPI_ISL_1361121	Switzerland/SO-ETHZ-531301/2020	2020-11-07	2020-11-07	Europe	CHE	Solothurn	CHE	20B	B.1.1.277	Viollier AG	Department of Biosystems Science and Engineering, ETH Zürich	Chaoran Chen et al	B.1.1.277	FALSE	FALSE	TRUE
EPI_ISL_1388922|2020-11-16	EPI_ISL_1388922	Switzerland/BS-UHB-42540717/2020	2020-11-16	2020-11-16	Europe	CHE	Basel-Stadt	CHE	20B	B.1.1.277	University Hospital Basel, Clinical Virology	University Hospital Basel, Clinical Bacteriology	Tim Roloff et al	B.1.1.277	FALSE	FALSE	TRUE
EPI_ISL_1407637|2020-11-30	EPI_ISL_1407637	Switzerland/ZH-ETHZ-520789/2020	2020-11-30	2020-11-30	Europe	CHE	Zürich	CHE	20B	B.1.1.277	Viollier AG	Department of Biosystems Science and Engineering, ETH Zürich	Chaoran Chen et al	B.1.1.277	FALSE	FALSE	TRUE
EPI_ISL_1408880|2020-11-29	EPI_ISL_1408880	Switzerland/ZH-ETHZ-520723/2020	2020-11-29	2020-11-29	Europe	CHE	Zürich	CHE	20B	B.1.1.277	Viollier AG	Department of Biosystems Science and Engineering, ETH Zürich	Chaoran Chen et al	B.1.1.277	FALSE	FALSE	TRUE
EPI_ISL_1496643|2020-10-21	EPI_ISL_1496643	Switzerland/VS-ETHZ-331380/2020	2020-10-21	2020-10-21	Europe	CHE	Valais	CHE	20B	B.1.1.277	Viollier AG	Department of Biosystems Science and Engineering, ETH Zürich	Christian Beisel et al	B.1.1.277	FALSE	FALSE	TRUE
EPI_ISL_1496680|2020-10-18	EPI_ISL_1496680	Switzerland/ZH-ETHZ-330354/2020	2020-10-18	2020-10-18	Europe	CHE	Zürich	CHE	20B	B.1.1.277	Viollier AG	Department of Biosystems Science and Engineering, ETH Zürich	Christian Beisel et al	B.1.1.277	FALSE	FALSE	TRUE
EPI_ISL_1496709|2020-10-18	EPI_ISL_1496709	Switzerland/ZH-ETHZ-330361/2020	2020-10-18	2020-10-18	Europe	CHE	Zürich	CHE	20B	B.1.1.277	Viollier AG	Department of Biosystems Science and Engineering, ETH Zürich	Christian Beisel et al	B.1.1.277	FALSE	FALSE	TRUE
EPI_ISL_1659244|2020-12-20	EPI_ISL_1659244	Switzerland/AG-ETHZ-571336/2020	2020-12-20	2020-12-20	Europe	CHE	Aargau	CHE	20B	B.1.1.277	Viollier AG	Department of Biosystems Science and Engineering, ETH Zürich	Chaoran Chen et al	B.1.1.277	FALSE	FALSE	TRUE
EPI_ISL_1760825|2020-11-12	EPI_ISL_1760825	Switzerland/AG-ETHZ-530805/2020	2020-11-12	2020-11-12	Europe	CHE	Aargau	CHE	20B	B.1.1.277	Viollier AG	Department of Biosystems Science and Engineering, ETH Zürich	Chaoran Chen et al	B.1.1.277	FALSE	FALSE	TRUE
EPI_ISL_1760975|2020-11-11	EPI_ISL_1760975	Switzerland/SH-ETHZ-530692/2020	2020-11-11	2020-11-11	Europe	CHE	Schaffhausen	CHE	20B	B.1.1.277	Viollier AG	Department of Biosystems Science and Engineering, ETH Zürich	Chaoran Chen et al	B.1.1.277	FALSE	FALSE	TRUE
EPI_ISL_1761113|2020-11-12	EPI_ISL_1761113	Switzerland/ZH-ETHZ-530818/2020	2020-11-12	2020-11-12	Europe	CHE	Zürich	CHE	20B	B.1.1.277	Viollier AG	Department of Biosystems Science and Engineering, ETH Zürich	Chaoran Chen et al	B.1.1.277	FALSE	FALSE	TRUE
EPI_ISL_402125|2019-12-26	EPI_ISL_402125	Wuhan/Hu-1/2019	2019-12-26	2019-12-26	Asia	CHN	Hubei	CHN	19A	B	National Institute for Communicable Disease Control and Prevention (ICDC) Chinese Center for Disease Control and Prevention (China CDC)	National Institute for Communicable Disease Control and Prevention (ICDC) Chinese Center for Disease Control and Prevention (China CDC)	Zhang et al	B	FALSE	FALSE	FALSE
EPI_ISL_406798|2019-12-26	EPI_ISL_406798	Wuhan/WH01/2019	2019-12-26	2019-12-26	Asia	CHN	Hubei	CHN	19A	B	General Hospital of Central Theater Command of People's Liberation Army of China	BGI & Institute of Microbiology, Chinese Academy of Sciences & Shandong First Medical University & Shandong Academy of Medical Sciences & General Hospital of Central Theater Command of People's Liberation Army of China	Weijun Chen et al	B	FALSE	FALSE	FALSE
EPI_ISL_530926|2020-08-13	EPI_ISL_530926	England/QEUH-96C24F/2020	2020-08-13	2020-08-13	Europe	GBR	England	GBR	20B	B.1.1.277	Lighthouse Lab in Glasgow	Wellcome Sanger Institute for the COVID-19 Genomics UK (COG-UK) consortium	Harper VanSteenhouse et al	B.1.1.277	FALSE	TRUE	FALSE
EPI_ISL_531171|2020-08-12	EPI_ISL_531171	England/QEUH-969B92/2020	2020-08-12	2020-08-12	Europe	GBR	England	GBR	20B	B.1.1.277	Lighthouse Lab in Glasgow	Wellcome Sanger Institute for the COVID-19 Genomics UK (COG-UK) consortium	Harper VanSteenhouse et al	B.1.1.277	FALSE	TRUE	FALSE
EPI_ISL_532323|2020-08-06	EPI_ISL_532323	England/QEUH-95F86B/2020	2020-08-06	2020-08-06	Europe	GBR	England	GBR	20B	B.1.1.277	Lighthouse Lab in Glasgow	Wellcome Sanger Institute for the COVID-19 Genomics UK (COG-UK) consortium	Harper VanSteenhouse et al	B.1.1.277	FALSE	TRUE	FALSE
EPI_ISL_532504|2020-08-07	EPI_ISL_532504	England/QEUH-95F31F/2020	2020-08-07	2020-08-07	Europe	GBR	England	GBR	20B	B.1.1.277	Lighthouse Lab in Glasgow	Wellcome Sanger Institute for the COVID-19 Genomics UK (COG-UK) consortium	Harper VanSteenhouse et al	B.1.1.277	FALSE	TRUE	FALSE
EPI_ISL_532618|2020-07-30	EPI_ISL_532618	England/QEUH-943615/2020	2020-07-30	2020-07-30	Europe	GBR	England	GBR	20B	B.1.1.277	Lighthouse Lab in Glasgow	Wellcome Sanger Institute for the COVID-19 Genomics UK (COG-UK) consortium	Harper VanSteenhouse et al	B.1.1.277	FALSE	TRUE	FALSE
EPI_ISL_534493|2020-08-19	EPI_ISL_534493	Scotland/QEUH-96E544/2020	2020-08-19	2020-08-19	Europe	GBR	Scotland	GBR	20B	B.1.1.277	NHSGGC West of Scotland Specialist Virology Centre / MRC-University of Glasgow Centre for Virus Research	Wellcome Sanger Institute for the COVID-19 Genomics UK (COG-UK) consortium	Ana da Silva Filipe et al	B.1.1.277	FALSE	TRUE	FALSE
EPI_ISL_534549|2020-08-20	EPI_ISL_534549	Scotland/QEUH-96D703/2020	2020-08-20	2020-08-20	Europe	GBR	Scotland	GBR	20B	B.1.1.277	NHSGGC West of Scotland Specialist Virology Centre / MRC-University of Glasgow Centre for Virus Research	Wellcome Sanger Institute for the COVID-19 Genomics UK (COG-UK) consortium	Ana da Silva Filipe et al	B.1.1.277	FALSE	TRUE	FALSE
EPI_ISL_534583|2020-08-20	EPI_ISL_534583	Scotland/QEUH-96D7E5/2020	2020-08-20	2020-08-20	Europe	GBR	Scotland	GBR	20B	B.1.1.277	NHSGGC West of Scotland Specialist Virology Centre / MRC-University of Glasgow Centre for Virus Research	Wellcome Sanger Institute for the COVID-19 Genomics UK (COG-UK) consortium	Ana da Silva Filipe et al	B.1.1.277	FALSE	TRUE	FALSE
EPI_ISL_537081|2020-07-30	EPI_ISL_537081	England/QEUH-961E73/2020	2020-07-30	2020-07-30	Europe	GBR	England	GBR	20B	B.1.1.277	Lighthouse Lab in Glasgow	Wellcome Sanger Institute for the COVID-19 Genomics UK (COG-UK) consortium	Harper VanSteenhouse et al	B.1.1.277	FALSE	TRUE	FALSE
EPI_ISL_541112|2020-07-15	EPI_ISL_541112	Spain/PV-IBV-98006721/2020	2020-07-15	2020-07-15	Europe	ESP	Basque Country	ESP	20B	B.1.1.277	Servicio de Microbiología. Hospital Universitario Donostia. OSI Donostialdea. Área de Enfermedades Infecciosas, Grupo de Infección Respiratoria y Resistencia Antimicrobiana. Instituto de Investigación Sanitaria Biodonostia	SeqCOVID-SPAIN consortium/Institute of Biomedicine of Valencia, IBV-CSIC	Gustavo Cilla et al	B.1.1.277	FALSE	TRUE	FALSE
EPI_ISL_541115|2020-07-16	EPI_ISL_541115	Spain/PV-IBV-98006727/2020	2020-07-16	2020-07-16	Europe	ESP	Basque Country	ESP	20B	B.1.1.277	Servicio de Microbiología. Hospital Universitario Donostia. OSI Donostialdea. Área de Enfermedades Infecciosas, Grupo de Infección Respiratoria y Resistencia Antimicrobiana. Instituto de Investigación Sanitaria Biodonostia	SeqCOVID-SPAIN consortium/Institute of Biomedicine of Valencia, IBV-CSIC	Gustavo Cilla et al	B.1.1.277	FALSE	TRUE	FALSE
EPI_ISL_541415|2020-08-29	EPI_ISL_541415	Switzerland/AG-ETHZ-270180/2020	2020-08-29	2020-08-29	Europe	CHE	Aargau	CHE	20B	B.1.1.277	Viollier AG	Department of Biosystems Science and Engineering, ETH Zürich	Christian Beisel et al	B.1.1.277	FALSE	FALSE	TRUE
EPI_ISL_541469|2020-08-31	EPI_ISL_541469	Switzerland/SG-ETHZ-270204/2020	2020-08-31	2020-08-31	Europe	CHE	Sankt Gallen	CHE	20B	B.1.1.277	Viollier AG	Department of Biosystems Science and Engineering, ETH Zürich	Christian Beisel et al	B.1.1.277	FALSE	FALSE	TRUE
EPI_ISL_549166|2020-08-12	EPI_ISL_549166	Norway/3147/2020	2020-08-12	2020-08-12	Europe	NOR	Viken	NOR	20B	B.1.1.277	Medical Microbiology Unit, Department for Laboratory Medicine, Drammen Hospital, Vestre Viken Health Trust,	Norwegian Institute of Public Health, Department of Virology	Kathrine Stene-Johansen et al	B.1.1.277	FALSE	TRUE	FALSE
EPI_ISL_552750|2020-08-10	EPI_ISL_552750	England/ALDP-981E8C/2020	2020-08-10	2020-08-10	Europe	GBR	England	GBR	20B	B.1.1.277	Lighthouse Lab in Alderley Park	Wellcome Sanger Institute for the COVID-19 Genomics UK (COG-UK) consortium	The Lighthouse Lab in Alderley Park et al	B.1.1.277	FALSE	TRUE	FALSE
EPI_ISL_552776|2020-08-10	EPI_ISL_552776	England/ALDP-981E9B/2020	2020-08-10	2020-08-10	Europe	GBR	England	GBR	20B	B.1.1.277	Lighthouse Lab in Alderley Park	Wellcome Sanger Institute for the COVID-19 Genomics UK (COG-UK) consortium	The Lighthouse Lab in Alderley Park et al	B.1.1.277	FALSE	TRUE	FALSE
EPI_ISL_559810|2020-09-02	EPI_ISL_559810	England/QEUH-9ACE21/2020	2020-09-02	2020-09-02	Europe	GBR	England	GBR	20B	B.1.1.277	Oxford Viromics, NDM, University of Oxford; Oxford University Hospitals; Basingstoke and North Hampshire Hospital	COVID-19 Genomics UK (COG-UK) Consortium	Tanya Golubchik et al	B.1.1.277	FALSE	TRUE	FALSE
EPI_ISL_559876|2020-09-03	EPI_ISL_559876	England/QEUH-9B4011/2020	2020-09-03	2020-09-03	Europe	GBR	England	GBR	20B	B.1.1.277	Oxford Viromics, NDM, University of Oxford; Oxford University Hospitals; Basingstoke and North Hampshire Hospital	COVID-19 Genomics UK (COG-UK) Consortium	Tanya Golubchik et al	B.1.1.277	FALSE	TRUE	FALSE
EPI_ISL_560418|2020-09-07	EPI_ISL_560418	Switzerland/SO-ETHZ-280083/2020	2020-09-07	2020-09-07	Europe	CHE	Solothurn	CHE	20B	B.1.1.277	Viollier AG	Department of Biosystems Science and Engineering, ETH Zürich	Christian Beisel et al	B.1.1.277	FALSE	FALSE	TRUE
EPI_ISL_560546|2020-09-08	EPI_ISL_560546	Switzerland/ZH-ETHZ-280169/2020	2020-09-08	2020-09-08	Europe	CHE	Zürich	CHE	20B	B.1.1.277	Viollier AG	Department of Biosystems Science and Engineering, ETH Zürich	Christian Beisel et al	B.1.1.277	FALSE	FALSE	TRUE
EPI_ISL_566661|2020-09-04	EPI_ISL_566661	England/CAMC-9B1AF8/2020	2020-09-04	2020-09-04	Europe	GBR	England	GBR	20B	B.1.1.277	Lighthouse Lab in Cambridge	Wellcome Sanger Institute for the COVID-19 Genomics UK (COG-UK) consortium	Rob Howes et al	B.1.1.277	FALSE	TRUE	FALSE
EPI_ISL_568346|2020-08-26	EPI_ISL_568346	Scotland/QEUH-998DFE/2020	2020-08-26	2020-08-26	Europe	GBR	Scotland	GBR	20B	B.1.1.277	Lighthouse Lab in Glasgow	Wellcome Sanger Institute for the COVID-19 Genomics UK (COG-UK) consortium	Harper VanSteenhouse et al	B.1.1.277	FALSE	TRUE	FALSE
EPI_ISL_573205|2020-09-08	EPI_ISL_573205	England/CAMC-9C1819/2020	2020-09-08	2020-09-08	Europe	GBR	England	GBR	20B	B.1.1.277	Oxford Viromics, NDM, University of Oxford; Oxford University Hospitals; Basingstoke and North Hampshire Hospital	COVID-19 Genomics UK (COG-UK) Consortium	Tanya Golubchik et al	B.1.1.277	FALSE	TRUE	FALSE
EPI_ISL_575923|2020-08-19	EPI_ISL_575923	England/MILK-97348B/2020	2020-08-19	2020-08-19	Europe	GBR	England	GBR	20B	B.1.1.277	Lighthouse Lab in Milton Keynes	Wellcome Sanger Institute for the COVID-19 Genomics UK (COG-UK) consortium	The Lighthouse Lab in Milton Keynes et al	B.1.1.277	FALSE	TRUE	FALSE
EPI_ISL_577634|2020-08-24	EPI_ISL_577634	CzechRepublic/NRL_8458/2020	2020-08-24	2020-08-24	Europe	CZE	Prague	CZE	20B	B.1.1.277	The National Institute of Public Health	State Veterinary Institute Prague	Nagy et al	B.1.1.277	FALSE	TRUE	FALSE
EPI_ISL_577939|2020-08-26	EPI_ISL_577939	Netherlands/ZH-EMC-510/2020	2020-08-26	2020-08-26	Europe	NLD	South Holland	NLD	20B	B.1.1.277	Dutch COVID-19 response team	Erasmus Medical Center	Bas Oude Munnink et al	B.1.1.277	FALSE	TRUE	FALSE
EPI_ISL_581140|2020-09-20	EPI_ISL_581140	England/MILK-9E2988/2020	2020-09-20	2020-09-20	Europe	GBR	England	GBR	20B	B.1.1.277	Lighthouse Lab in Milton Keynes	Wellcome Sanger Institute for the COVID-19 Genomics UK (COG-UK) consortium	The Lighthouse Lab in Milton Keynes et al	B.1.1.277	FALSE	TRUE	FALSE
EPI_ISL_590220|2020-08-28	EPI_ISL_590220	England/ALDP-9B5A5E/2020	2020-08-28	2020-08-28	Europe	GBR	England	GBR	20B	B.1.1.277	Lighthouse Lab in Alderley Park	Wellcome Sanger Institute for the COVID-19 Genomics UK (COG-UK) consortium	Jacquelyn Wynn et al	B.1.1.277	FALSE	TRUE	FALSE
EPI_ISL_590670|2020-09-07	EPI_ISL_590670	England/QEUH-9B6EE8/2020	2020-09-07	2020-09-07	Europe	GBR	England	GBR	20B	B.1.1.277	Lighthouse Lab in Glasgow	Wellcome Sanger Institute for the COVID-19 Genomics UK (COG-UK) consortium	Harper VanSteenhouse et al	B.1.1.277	FALSE	TRUE	FALSE
EPI_ISL_614971|2020-10-20	EPI_ISL_614971	Switzerland/ZH-ETHZ-331077/2020	2020-10-20	2020-10-20	Europe	CHE	Zürich	CHE	20B	B.1.1.277	Viollier AG	Department of Biosystems Science and Engineering, ETH Zürich	Christian Beisel et al	B.1.1.277	FALSE	FALSE	TRUE
EPI_ISL_614974|2020-10-21	EPI_ISL_614974	Switzerland/ZH-ETHZ-331451/2020	2020-10-21	2020-10-21	Europe	CHE	Zürich	CHE	20B	B.1.1.277	Viollier AG	Department of Biosystems Science and Engineering, ETH Zürich	Christian Beisel et al	B.1.1.277	FALSE	FALSE	TRUE
EPI_ISL_615727|2020-09-07	EPI_ISL_615727	Denmark/DCGC-4290/2020	2020-09-07	2020-09-07	Europe	DNK	Hovedstaden	DNK	20B	B.1.1.277	Department of Virus and Microbiological Special Diagnostics, Statens Serum Institut, Denmark	Albertsen lab, Department of Chemistry and Bioscience, Aalborg University, Denmark	Danish Covid-19 Genome Consortia et al	B.1.1.277	FALSE	TRUE	FALSE
EPI_ISL_615924|2020-08-31	EPI_ISL_615924	Denmark/DCGC-3107/2020	2020-08-31	2020-08-31	Europe	DNK	Hovedstaden	DNK	20B	B.1.1.277	Department of Virus and Microbiological Special Diagnostics, Statens Serum Institut, Denmark	Albertsen lab, Department of Chemistry and Bioscience, Aalborg University, Denmark	Danish Covid-19 Genome Consortia et al	B.1.1.277	FALSE	TRUE	FALSE
EPI_ISL_616013|2020-08-31	EPI_ISL_616013	Denmark/DCGC-3190/2020	2020-08-31	2020-08-31	Europe	DNK	Hovedstaden	DNK	20B	B.1.1.277	Department of Virus and Microbiological Special Diagnostics, Statens Serum Institut, Denmark	Albertsen lab, Department of Chemistry and Bioscience, Aalborg University, Denmark	Danish Covid-19 Genome Consortia et al	B.1.1.277	FALSE	TRUE	FALSE
EPI_ISL_616055|2020-08-31	EPI_ISL_616055	Denmark/DCGC-3303/2020	2020-08-31	2020-08-31	Europe	DNK	Hovedstaden	DNK	20B	B.1.1.277	Department of Virus and Microbiological Special Diagnostics, Statens Serum Institut, Denmark	Albertsen lab, Department of Chemistry and Bioscience, Aalborg University, Denmark	Danish Covid-19 Genome Consortia et al	B.1.1.277	FALSE	TRUE	FALSE
EPI_ISL_616092|2020-08-31	EPI_ISL_616092	Denmark/DCGC-3338/2020	2020-08-31	2020-08-31	Europe	DNK	Hovedstaden	DNK	20B	B.1.1.277	Department of Virus and Microbiological Special Diagnostics, Statens Serum Institut, Denmark	Albertsen lab, Department of Chemistry and Bioscience, Aalborg University, Denmark	Danish Covid-19 Genome Consortia et al	B.1.1.277	FALSE	TRUE	FALSE
EPI_ISL_616100|2020-08-31	EPI_ISL_616100	Denmark/DCGC-3346/2020	2020-08-31	2020-08-31	Europe	DNK	Hovedstaden	DNK	20B	B.1.1.277	Department of Virus and Microbiological Special Diagnostics, Statens Serum Institut, Denmark	Albertsen lab, Department of Chemistry and Bioscience, Aalborg University, Denmark	Danish Covid-19 Genome Consortia et al	B.1.1.277	FALSE	TRUE	FALSE
EPI_ISL_616117|2020-08-31	EPI_ISL_616117	Denmark/DCGC-3360/2020	2020-08-31	2020-08-31	Europe	DNK	Syddanmark	DNK	20B	B.1.1.277	Department of Virus and Microbiological Special Diagnostics, Statens Serum Institut, Denmark	Albertsen lab, Department of Chemistry and Bioscience, Aalborg University, Denmark	Danish Covid-19 Genome Consortia et al	B.1.1.277	FALSE	TRUE	FALSE
EPI_ISL_616137|2020-08-31	EPI_ISL_616137	Denmark/DCGC-3378/2020	2020-08-31	2020-08-31	Europe	DNK	Hovedstaden	DNK	20B	B.1.1.277	Department of Virus and Microbiological Special Diagnostics, Statens Serum Institut, Denmark	Albertsen lab, Department of Chemistry and Bioscience, Aalborg University, Denmark	Danish Covid-19 Genome Consortia et al	B.1.1.277	FALSE	TRUE	FALSE
EPI_ISL_616177|2020-08-31	EPI_ISL_616177	Denmark/DCGC-3418/2020	2020-08-31	2020-08-31	Europe	DNK	Syddanmark	DNK	20B	B.1.1.277	Department of Virus and Microbiological Special Diagnostics, Statens Serum Institut, Denmark	Albertsen lab, Department of Chemistry and Bioscience, Aalborg University, Denmark	Danish Covid-19 Genome Consortia et al	B.1.1.277	FALSE	TRUE	FALSE
EPI_ISL_616277|2020-08-31	EPI_ISL_616277	Denmark/DCGC-3489/2020	2020-08-31	2020-08-31	Europe	DNK	Hovedstaden	DNK	20B	B.1.1.277	Department of Virus and Microbiological Special Diagnostics, Statens Serum Institut, Denmark	Albertsen lab, Department of Chemistry and Bioscience, Aalborg University, Denmark	Danish Covid-19 Genome Consortia et al	B.1.1.277	FALSE	TRUE	FALSE
EPI_ISL_616364|2020-08-31	EPI_ISL_616364	Denmark/DCGC-3569/2020	2020-08-31	2020-08-31	Europe	DNK	Hovedstaden	DNK	20B	B.1.1.277	Department of Virus and Microbiological Special Diagnostics, Statens Serum Institut, Denmark	Albertsen lab, Department of Chemistry and Bioscience, Aalborg University, Denmark	Danish Covid-19 Genome Consortia et al	B.1.1.277	FALSE	TRUE	FALSE
EPI_ISL_616457|2020-08-17	EPI_ISL_616457	Denmark/DCGC-2821/2020	2020-08-17	2020-08-17	Europe	DNK	Hovedstaden	DNK	20B	B.1.1.277	Department of Virus and Microbiological Special Diagnostics, Statens Serum Institut, Denmark	Albertsen lab, Department of Chemistry and Bioscience, Aalborg University, Denmark	Danish Covid-19 Genome Consortia et al	B.1.1.277	FALSE	TRUE	FALSE
EPI_ISL_616471|2020-08-17	EPI_ISL_616471	Denmark/DCGC-2726/2020	2020-08-17	2020-08-17	Europe	DNK	Hovedstaden	DNK	20B	B.1.1.277	Department of Virus and Microbiological Special Diagnostics, Statens Serum Institut, Denmark	Albertsen lab, Department of Chemistry and Bioscience, Aalborg University, Denmark	Danish Covid-19 Genome Consortia et al	B.1.1.277	FALSE	TRUE	FALSE
EPI_ISL_616591|2020-08-24	EPI_ISL_616591	Denmark/DCGC-2757/2020	2020-08-24	2020-08-24	Europe	DNK	Hovedstaden	DNK	20B	B.1.1.277	Department of Virus and Microbiological Special Diagnostics, Statens Serum Institut, Denmark	Albertsen lab, Department of Chemistry and Bioscience, Aalborg University, Denmark	Danish Covid-19 Genome Consortia et al	B.1.1.277	FALSE	TRUE	FALSE
EPI_ISL_616604|2020-08-24	EPI_ISL_616604	Denmark/DCGC-2770/2020	2020-08-24	2020-08-24	Europe	DNK	Hovedstaden	DNK	20B	B.1.1.277	Department of Virus and Microbiological Special Diagnostics, Statens Serum Institut, Denmark	Albertsen lab, Department of Chemistry and Bioscience, Aalborg University, Denmark	Danish Covid-19 Genome Consortia et al	B.1.1.277	FALSE	TRUE	FALSE
EPI_ISL_616631|2020-08-24	EPI_ISL_616631	Denmark/DCGC-2796/2020	2020-08-24	2020-08-24	Europe	DNK	Syddanmark	DNK	20B	B.1.1.277	Department of Virus and Microbiological Special Diagnostics, Statens Serum Institut, Denmark	Albertsen lab, Department of Chemistry and Bioscience, Aalborg University, Denmark	Danish Covid-19 Genome Consortia et al	B.1.1.277	FALSE	TRUE	FALSE
EPI_ISL_616653|2020-08-24	EPI_ISL_616653	Denmark/DCGC-2827/2020	2020-08-24	2020-08-24	Europe	DNK	Hovedstaden	DNK	20B	B.1.1.277	Department of Virus and Microbiological Special Diagnostics, Statens Serum Institut, Denmark	Albertsen lab, Department of Chemistry and Bioscience, Aalborg University, Denmark	Danish Covid-19 Genome Consortia et al	B.1.1.277	FALSE	TRUE	FALSE
EPI_ISL_616825|2020-08-31	EPI_ISL_616825	Denmark/DCGC-3045/2020	2020-08-31	2020-08-31	Europe	DNK	Hovedstaden	DNK	20B	B.1.1.277	Department of Virus and Microbiological Special Diagnostics, Statens Serum Institut, Denmark	Albertsen lab, Department of Chemistry and Bioscience, Aalborg University, Denmark	Danish Covid-19 Genome Consortia et al	B.1.1.277	FALSE	TRUE	FALSE
EPI_ISL_616881|2020-08-31	EPI_ISL_616881	Denmark/DCGC-3221/2020	2020-08-31	2020-08-31	Europe	DNK	Syddanmark	DNK	20B	B.1.1.277	Department of Virus and Microbiological Special Diagnostics, Statens Serum Institut, Denmark	Albertsen lab, Department of Chemistry and Bioscience, Aalborg University, Denmark	Danish Covid-19 Genome Consortia et al	B.1.1.277	FALSE	TRUE	FALSE
EPI_ISL_617564|2020-08-10	EPI_ISL_617564	Denmark/DCGC-2384/2020	2020-08-10	2020-08-10	Europe	DNK	Midtjylland	DNK	20B	B.1.1.277	Department of Virus and Microbiological Special Diagnostics, Statens Serum Institut, Denmark	Albertsen lab, Department of Chemistry and Bioscience, Aalborg University, Denmark	Danish Covid-19 Genome Consortia et al	B.1.1.277	FALSE	TRUE	FALSE
EPI_ISL_617726|2020-08-10	EPI_ISL_617726	Denmark/DCGC-2301/2020	2020-08-10	2020-08-10	Europe	DNK	Midtjylland	DNK	20B	B.1.1.277	Department of Virus and Microbiological Special Diagnostics, Statens Serum Institut, Denmark	Albertsen lab, Department of Chemistry and Bioscience, Aalborg University, Denmark	Danish Covid-19 Genome Consortia et al	B.1.1.277	FALSE	TRUE	FALSE
EPI_ISL_619496|2020-10-12	EPI_ISL_619496	Denmark/DCGC-6799/2020	2020-10-12	2020-10-12	Europe	DNK	Midtjylland	DNK	20B	B.1.1.277	Department of Virus and Microbiological Special Diagnostics, Statens Serum Institut, Denmark	Albertsen lab, Department of Chemistry and Bioscience, Aalborg University, Denmark	Danish Covid-19 Genome Consortia et al	B.1.1.277	FALSE	TRUE	FALSE
EPI_ISL_620838|2020-09-21	EPI_ISL_620838	Denmark/DCGC-5513/2020	2020-09-21	2020-09-21	Europe	DNK	Hovedstaden	DNK	20B	B.1.1.277	Department of Virus and Microbiological Special Diagnostics, Statens Serum Institut, Denmark	Albertsen lab, Department of Chemistry and Bioscience, Aalborg University, Denmark	Danish Covid-19 Genome Consortia et al	B.1.1.277	FALSE	TRUE	FALSE
EPI_ISL_626576|2020-09-11	EPI_ISL_626576	CzechRepublic/NRL_8814/2020	2020-09-11	2020-09-11	Europe	CZE	Central Bohemian Region	CZE	20B	B.1.1.277	The National Institute of Public Health	State Veterinary Institute Prague	Nagy et al	B.1.1.277	FALSE	TRUE	FALSE
EPI_ISL_634021|2020-10-26	EPI_ISL_634021	England/QEUH-AD487C/2020	2020-10-26	2020-10-26	Europe	GBR	England	GBR	20B	B.1.1.277	Lighthouse Lab in Glasgow	Wellcome Sanger Institute for the COVID-19 Genomics UK (COG-UK) consortium	Harper VanSteenhouse et al	B.1.1.277	FALSE	TRUE	FALSE
EPI_ISL_639657|2020-08-30	EPI_ISL_639657	Latvia/160/2020	2020-08-30	2020-08-30	Europe	LVA	Latvia	LVA	20B	B.1.1.277	Centrālā Laboratorija	Latvian Biomedical Research and Study Centre	Ivars Silamiķelis et al	B.1.1.277	FALSE	TRUE	FALSE
EPI_ISL_645058|2020-06-06	EPI_ISL_645058	Poland/PL_MCB_59/2020	2020-06-06	2020-06-06	Europe	POL	Poland	POL	20B	B.1.1.277	Human Genome Variation Research Group, Malopolska Centre of Biotechnology	Human Genome Variation Research Group, Malopolska Centre of Biotechnology	Kowalski et al	B.1.1.277	FALSE	TRUE	FALSE
EPI_ISL_645063|2020-06-06	EPI_ISL_645063	Poland/PL_MCB_64/2020	2020-06-06	2020-06-06	Europe	POL	Poland	POL	20B	B.1.1.277	Human Genome Variation Research Group, Malopolska Centre of Biotechnology	Human Genome Variation Research Group, Malopolska Centre of Biotechnology	Kowalski et al	B.1.1.277	FALSE	TRUE	FALSE
EPI_ISL_645065|2020-06-06	EPI_ISL_645065	Poland/PL_MCB_66/2020	2020-06-06	2020-06-06	Europe	POL	Poland	POL	20B	B.1.1.277	Human Genome Variation Research Group, Malopolska Centre of Biotechnology	Human Genome Variation Research Group, Malopolska Centre of Biotechnology	Kowalski et al	B.1.1.277	FALSE	TRUE	FALSE
EPI_ISL_653784|2020-09-22	EPI_ISL_653784	Italy/APU-IZSPB_265PT/2020	2020-09-22	2020-09-22	Europe	ITA	Apulia	ITA	20B	B.1.1.277	Istituto Zooprofilattico Sperimentale della Puglia e della Basilicata	Istituto Zooprofilattico Sperimentale della Puglia e della Basilicata	Parisi A. et al	B.1.1.277	FALSE	TRUE	FALSE
EPI_ISL_671427|2020-08-31	EPI_ISL_671427	Hungary/UD-56311/2020	2020-08-31	2020-08-31	Europe	HUN	Hajdú-Bihar County	HUN	20B	B.1.1.277	University of Debrecen, Department of Medical Microbiology	National Laboratory of Virology, Szentágothai Research Centre	Endre Gábor Tóth et al	B.1.1.277	FALSE	TRUE	FALSE
EPI_ISL_677739|2020-09-01	EPI_ISL_677739	Hungary/US-32269w/2020	2020-09-01	2020-09-01	Europe	HUN	Csongrád County	HUN	20B	B.1.1.277	University of Szeged, Institute of Clinical Microbiology	National Laboratory of Virology, Szentágothai Research Centre	Endre Gábor Tóth et al	B.1.1.277	FALSE	TRUE	FALSE
EPI_ISL_677766|2020-09-03	EPI_ISL_677766	Hungary/US-33755w/2020	2020-09-03	2020-09-03	Europe	HUN	Csongrád County	HUN	20B	B.1.1.277	University of Szeged, Institute of Clinical Microbiology	National Laboratory of Virology, Szentágothai Research Centre	Endre Gábor Tóth et al	B.1.1.277	FALSE	TRUE	FALSE
EPI_ISL_678389|2020-10-08	EPI_ISL_678389	Hungary/UD-94347/2020	2020-10-08	2020-10-08	Europe	HUN	Borsod-Abaúj-Zemplén County	HUN	20B	B.1.1.277	University of Debrecen, Department of Medical Microbiology	National Laboratory of Virology, Szentágothai Research Centre	Endre Gábor Tóth et al	B.1.1.277	FALSE	TRUE	FALSE
EPI_ISL_728924|2020-11-30	EPI_ISL_728924	Switzerland/SO-ETHZ-390131/2020	2020-11-30	2020-11-30	Europe	CHE	Solothurn	CHE	20B	B.1.1.277	Viollier AG	Department of Biosystems Science and Engineering, ETH Zürich	Chaoran Chen et al	B.1.1.277	FALSE	FALSE	TRUE
EPI_ISL_728939|2020-12-02	EPI_ISL_728939	Switzerland/SO-ETHZ-390179/2020	2020-12-02	2020-12-02	Europe	CHE	Solothurn	CHE	20B	B.1.1.277	Viollier AG	Department of Biosystems Science and Engineering, ETH Zürich	Chaoran Chen et al	B.1.1.277	FALSE	FALSE	TRUE
EPI_ISL_729107|2020-12-04	EPI_ISL_729107	Switzerland/SO-ETHZ-400048/2020	2020-12-04	2020-12-04	Europe	CHE	Solothurn	CHE	20B	B.1.1.277	Viollier AG	Department of Biosystems Science and Engineering, ETH Zürich	Chaoran Chen et al	B.1.1.277	FALSE	FALSE	TRUE
EPI_ISL_732885|2020-11	EPI_ISL_732885	Poland/79330/2020	2020-11	2020-11-01	Europe	POL	Poland	POL	20B	B.1.1.277	genXone SA, Molecular Diagnostics Laboratory / NZOZ	genXone SA, Research & Development Laboratory	Maciej Sykulski et al	B.1.1.277	FALSE	TRUE	FALSE
EPI_ISL_754012|2020-08-20	EPI_ISL_754012	Germany/BE-ChVir-W1725-8201/2020	2020-08-20	2020-08-20	Europe	DEU	Berlin	DEU	20B	B.1.1.277	Charité Universitätsmedizin Berlin, Institut für Virologie/Labor Berlin	Charité Universitätsmedizin Berlin, Institut für Virologie	Victor M Corman et al	B.1.1.277	FALSE	TRUE	FALSE
EPI_ISL_788952|2020-09-03	EPI_ISL_788952	Italy/APU-PODV-15961609/2020	2020-09-03	2020-09-03	Europe	ITA	Apulia	ITA	20B	B.1.1.277	Ospedale "Di Venere"	Beaconlab (Bioinformatics, Evolution and Comparative Genomics lab), Dept of Biosciences, University on Milan	Iacobellis M et al	B.1.1.277	FALSE	TRUE	FALSE
EPI_ISL_815381|2020-08-20	EPI_ISL_815381	Germany/MV-Cento-70219267/2020	2020-08-20	2020-08-20	Europe	DEU	Mecklenburg-Vorpommern	DEU	20B	B.1.1.277	Centogene	Centogene	Peter Bauer et al	B.1.1.277	FALSE	TRUE	FALSE
EPI_ISL_830044|2020-09-01	EPI_ISL_830044	Iceland/6369/2020	2020-09-01	2020-09-01	Europe	ISL	Reykjavik	HUN	20B	B.1.1.277	deCODE genetics	deCODE genetics	Daniel F Gudbjartsson et al	B.1.1.277	FALSE	TRUE	FALSE
EPI_ISL_830048|2020-09-01	EPI_ISL_830048	Iceland/6373/2020	2020-09-01	2020-09-01	Europe	ISL	Reykjavik	POL	20B	B.1.1.277	deCODE genetics	deCODE genetics	Daniel F Gudbjartsson et al	B.1.1.277	FALSE	TRUE	FALSE
EPI_ISL_830881|2020-10-10	EPI_ISL_830881	Switzerland/BS-42478288/2020	2020-10-10	2020-10-10	Europe	CHE	Basel-Stadt	CHE	20B	B.1.1.277	University Hospital Basel, Clinical Virology	University Hospital Basel, Clinical Bacteriology	Tim Roloff et al	B.1.1.277	FALSE	FALSE	TRUE
EPI_ISL_830903|2020-10-12	EPI_ISL_830903	Switzerland/BS-42480395/2020	2020-10-12	2020-10-12	Europe	CHE	Basel-Stadt	CHE	20B	B.1.1.277	University Hospital Basel, Clinical Virology	University Hospital Basel, Clinical Bacteriology	Tim Roloff et al	B.1.1.277	FALSE	FALSE	TRUE
EPI_ISL_864580|2020-12-15	EPI_ISL_864580	Poland/NIPH-NIH-03/2020	2020-12-15	2020-12-15	Europe	POL	Mazowieckie	POL	20B	B.1.1.277	National Institute of Public Health - National Institute of Hygiene	National Institute of Public Health - National Institute of Hygiene, DNA Sequencing and Synthesis Facility (oligo.pl) - Institute of Biochemistry and Biophysics PAS	Wołkowicz Tomasz et al	B.1.1.277	FALSE	TRUE	FALSE
EPI_ISL_872005|2020-09-06	EPI_ISL_872005	Italy/APU-PODV-15965382/2020	2020-09-06	2020-09-06	Europe	ITA	Apulia	ITA	20B	B.1.1.277	Ospedale "Di Venere"	Beaconlab (Bioinformatics, Evolution and Comparative Genomics lab), Dept of Biosciences, University on Milan	Iacobellis M et al	B.1.1.277	FALSE	TRUE	FALSE
EPI_ISL_872018|2020-08-24	EPI_ISL_872018	Italy/APU-PODV-15935787/2020	2020-08-24	2020-08-24	Europe	ITA	Apulia	ITA	20B	B.1.1.277	Ospedale "Di Venere"	Beaconlab (Bioinformatics, Evolution and Comparative Genomics lab), Dept of Biosciences, University on Milan	Iacobellis M et al	B.1.1.277	FALSE	TRUE	FALSE
EPI_ISL_913095|2020-10-16	EPI_ISL_913095	Austria/MUW_1327056/2020	2020-10-16	2020-10-16	Europe	AUT	Austria	AUT	20B	B.1.1.277	Center for Virology	Center for Virology	Jeremy V. Camp et al	B.1.1.277	FALSE	TRUE	FALSE
EPI_ISL_931084|2020-10-23	EPI_ISL_931084	Switzerland/BS-UHB-42500526/2020	2020-10-23	2020-10-23	Europe	CHE	Bern	CHE	20B	B.1.1.277	University Hospital Basel, Clinical Virology	University Hospital Basel, Clinical Bacteriology	Tim Roloff et al	B.1.1.277	FALSE	FALSE	TRUE
EPI_ISL_931170|2020-10-25	EPI_ISL_931170	Switzerland/BS-UHB-42503112/2020	2020-10-25	2020-10-25	Europe	FRA	Grand Est	FRA	20B	B.1.1.277	University Hospital Basel, Clinical Virology	University Hospital Basel, Clinical Bacteriology	Tim Roloff et al	B.1.1.277	FALSE	TRUE	FALSE
EPI_ISL_931234|2020-10-27	EPI_ISL_931234	Switzerland/BS-UHB-42506630/2020	2020-10-27	2020-10-27	Europe	DEU	Baden-Wuerttemberg	DEU	20B	B.1.1.277	University Hospital Basel, Clinical Virology	University Hospital Basel, Clinical Bacteriology	Tim Roloff et al	B.1.1.277	FALSE	TRUE	FALSE
EPI_ISL_931293|2020-10-28	EPI_ISL_931293	Switzerland/BS-UHB-42508392/2020	2020-10-28	2020-10-28	Europe	CHE	Bern	CHE	20B	B.1.1.277	University Hospital Basel, Clinical Virology	University Hospital Basel, Clinical Bacteriology	Tim Roloff et al	B.1.1.277	FALSE	FALSE	TRUE
