tree_label	gisaid_epi_isl	strain	date_str	date	region	iso_country	division	iso_country_exposure	nextstrain_clade	pangolin_lineage	originating_lab	submitting_lab	authors	tree_pangolin_lineage	travel_context	similarity_context	focal_sequence
EPI_ISL_402125|2019-12-26	EPI_ISL_402125	Wuhan/Hu-1/2019	2019-12-26	2019-12-26	Asia	CHN	Hubei	CHN	19A	B	National Institute for Communicable Disease Control and Prevention (ICDC) Chinese Center for Disease Control and Prevention (China CDC)	National Institute for Communicable Disease Control and Prevention (ICDC) Chinese Center for Disease Control and Prevention (China CDC)	Zhang et al	B	FALSE	FALSE	FALSE
EPI_ISL_406798|2019-12-26	EPI_ISL_406798	Wuhan/WH01/2019	2019-12-26	2019-12-26	Asia	CHN	Hubei	CHN	19A	B	General Hospital of Central Theater Command of People's Liberation Army of China	BGI & Institute of Microbiology, Chinese Academy of Sciences & Shandong First Medical University & Shandong Academy of Medical Sciences & General Hospital of Central Theater Command of People's Liberation Army of China	Weijun Chen et al	B	FALSE	FALSE	FALSE
EPI_ISL_763382|2020-12-14	EPI_ISL_763382	England/EXET-13EE1D/2020	2020-12-14	2020-12-14	Europe	GBR	England	GBR	20E (EU1)	B.1.177.47	University of Exeter	COVID-19 Genomics UK (COG-UK) Consortium	Ben Temperton et al	B.1.177.47	FALSE	TRUE	FALSE
EPI_ISL_763564|2020-12-14	EPI_ISL_763564	England/EXET-13ED5C/2020	2020-12-14	2020-12-14	Europe	GBR	England	GBR	20E (EU1)	B.1.177.47	University of Exeter	COVID-19 Genomics UK (COG-UK) Consortium	Ben Temperton et al	B.1.177.47	FALSE	TRUE	FALSE
EPI_ISL_931098|2020-10-24	EPI_ISL_931098	Switzerland/BS-UHB-42501767/2020	2020-10-24	2020-10-24	Europe	CHE	Basel-Land	CHE	20E (EU1)	B.1.177.47	University Hospital Basel, Clinical Virology	University Hospital Basel, Clinical Bacteriology	Tim Roloff et al	B.1.177.47	FALSE	FALSE	TRUE
