tree_label	gisaid_epi_isl	strain	date_str	date	region	iso_country	division	iso_country_exposure	nextstrain_clade	pangolin_lineage	originating_lab	submitting_lab	authors	tree_pangolin_lineage	travel_context	similarity_context	focal_sequence
EPI_ISL_1015319|2020-11-25	EPI_ISL_1015319	France/IDF_PSL_590/2020	2020-11-25	2020-11-25	Europe	FRA	Ile de France	FRA	20B	B.1.1.269	Department of Virology, Pitié-Salpêtrière hospital	Department of Virology, Pitié-Salpêtrière hospital	Valentin Leducq et al	B.1.1.269	FALSE	TRUE	FALSE
EPI_ISL_1015320|2020-11-27	EPI_ISL_1015320	France/IDF_PSL_597/2020	2020-11-27	2020-11-27	Europe	FRA	Ile de France	FRA	20B	B.1.1.269	Department of Virology, Pitié-Salpêtrière hospital	Department of Virology, Pitié-Salpêtrière hospital	Valentin Leducq et al	B.1.1.269	FALSE	TRUE	FALSE
EPI_ISL_1119494|2020-11-02	EPI_ISL_1119494	Switzerland/GE-ETHZ-500947/2020	2020-11-02	2020-11-02	Europe	CHE	Geneva	CHE	20B	B.1.1.269	Viollier AG	Department of Biosystems Science and Engineering, ETH Zürich	Chaoran Chen et al	B.1.1.269	FALSE	FALSE	TRUE
EPI_ISL_1119708|2020-11-07	EPI_ISL_1119708	Switzerland/VS-ETHZ-501067/2020	2020-11-07	2020-11-07	Europe	CHE	Valais	CHE	20B	B.1.1.269	Viollier AG	Department of Biosystems Science and Engineering, ETH Zürich	Chaoran Chen et al	B.1.1.269	FALSE	FALSE	TRUE
EPI_ISL_1159175|2020-11-04	EPI_ISL_1159175	Spain/CT-ISCIII-210896/2020	2020-11-04	2020-11-04	Europe	ESP	Catalunya	ESP	20B	B.1.1.269	HOSPITAL CLINIC	Instituto de Salud Carlos III	Sandonís et al	B.1.1.269	FALSE	TRUE	FALSE
EPI_ISL_1496653|2020-10-24	EPI_ISL_1496653	Switzerland/VS-ETHZ-340064/2020	2020-10-24	2020-10-24	Europe	CHE	Valais	CHE	20B	B.1.1.269	Viollier AG	Department of Biosystems Science and Engineering, ETH Zürich	Christian Beisel et al	B.1.1.269	FALSE	FALSE	TRUE
EPI_ISL_1496657|2020-10-17	EPI_ISL_1496657	Switzerland/VS-ETHZ-330208/2020	2020-10-17	2020-10-17	Europe	CHE	Valais	CHE	20B	B.1.1.269	Viollier AG	Department of Biosystems Science and Engineering, ETH Zürich	Christian Beisel et al	B.1.1.269	FALSE	FALSE	TRUE
EPI_ISL_1682319|2020-12-23	EPI_ISL_1682319	Switzerland/BE-ETHZ-560765/2020	2020-12-23	2020-12-23	Europe	CHE	Bern	CHE	20B	B.1.1.269	Viollier AG	Department of Biosystems Science and Engineering, ETH Zürich	Chaoran Chen et al	B.1.1.269	FALSE	FALSE	TRUE
EPI_ISL_1682864|2020-12-24	EPI_ISL_1682864	Switzerland/TI-ETHZ-560774/2020	2020-12-24	2020-12-24	Europe	CHE	Ticino	CHE	20B	B.1.1.269	Viollier AG	Department of Biosystems Science and Engineering, ETH Zürich	Chaoran Chen et al	B.1.1.269	FALSE	FALSE	TRUE
EPI_ISL_1682888|2020-12-30	EPI_ISL_1682888	Switzerland/VS-ETHZ-560909/2020	2020-12-30	2020-12-30	Europe	CHE	Valais	CHE	20B	B.1.1.269	Viollier AG	Department of Biosystems Science and Engineering, ETH Zürich	Chaoran Chen et al	B.1.1.269	FALSE	FALSE	TRUE
EPI_ISL_1750733|2020-12-17	EPI_ISL_1750733	Switzerland/AG-ETHZ-580464/2020	2020-12-17	2020-12-17	Europe	CHE	Aargau	CHE	20B	B.1.1.269	Viollier AG	Department of Biosystems Science and Engineering, ETH Zürich	Chaoran Chen et al	B.1.1.269	FALSE	FALSE	TRUE
EPI_ISL_1760856|2020-11-03	EPI_ISL_1760856	Switzerland/BE-ETHZ-530472/2020	2020-11-03	2020-11-03	Europe	CHE	Bern	CHE	20B	B.1.1.269	Viollier AG	Department of Biosystems Science and Engineering, ETH Zürich	Chaoran Chen et al	B.1.1.269	FALSE	FALSE	TRUE
EPI_ISL_1819046|2020-08-13	EPI_ISL_1819046	Spain/AN-IBV-97014013/2020	2020-08-13	2020-08-13	Europe	ESP	Andalusia	ESP	20B	B.1.1.269	Servicio de Microbiología. HRU de Málaga. Servicio Andaluz de Salud	SeqCOVID-SPAIN consortium/IBV(CSIC)	Inmaculada de Toro Peinado et al	B.1.1.269	FALSE	TRUE	FALSE
EPI_ISL_1819048|2020-08-13	EPI_ISL_1819048	Spain/AN-IBV-97014017/2020	2020-08-13	2020-08-13	Europe	ESP	Andalusia	ESP	20B	B.1.1.269	Servicio de Microbiología. HRU de Málaga. Servicio Andaluz de Salud	SeqCOVID-SPAIN consortium/IBV(CSIC)	Inmaculada de Toro Peinado et al	B.1.1.269	FALSE	TRUE	FALSE
EPI_ISL_1819065|2020-08-15	EPI_ISL_1819065	Spain/AN-IBV-97014046/2020	2020-08-15	2020-08-15	Europe	ESP	Andalusia	ESP	20B	B.1.1.269	Servicio de Microbiología. HRU de Málaga. Servicio Andaluz de Salud	SeqCOVID-SPAIN consortium/IBV(CSIC)	Inmaculada de Toro Peinado et al	B.1.1.269	FALSE	TRUE	FALSE
EPI_ISL_1819070|2020-08-14	EPI_ISL_1819070	Spain/AN-IBV-97014068/2020	2020-08-14	2020-08-14	Europe	ESP	Andalusia	ESP	20B	B.1.1.269	Servicio de Microbiología. HRU de Málaga. Servicio Andaluz de Salud	SeqCOVID-SPAIN consortium/IBV(CSIC)	Inmaculada de Toro Peinado et al	B.1.1.269	FALSE	TRUE	FALSE
EPI_ISL_1871806|2020-11-09	EPI_ISL_1871806	Denmark/DCGC-63235/2020	2020-11-09	2020-11-09	Europe	DNK	Hovedstaden	DNK	20B	B.1.1.269	Department of Virus and Microbiological Special Diagnostics, Statens Serum Institut, Copenhagen, Denmark	Aalborg University	Danish Covid-19 Genome Consortium et al	B.1.1.269	FALSE	TRUE	FALSE
EPI_ISL_402125|2019-12-26	EPI_ISL_402125	Wuhan/Hu-1/2019	2019-12-26	2019-12-26	Asia	CHN	Hubei	CHN	19A	B	National Institute for Communicable Disease Control and Prevention (ICDC) Chinese Center for Disease Control and Prevention (China CDC)	National Institute for Communicable Disease Control and Prevention (ICDC) Chinese Center for Disease Control and Prevention (China CDC)	Zhang et al	B	FALSE	FALSE	FALSE
EPI_ISL_406798|2019-12-26	EPI_ISL_406798	Wuhan/WH01/2019	2019-12-26	2019-12-26	Asia	CHN	Hubei	CHN	19A	B	General Hospital of Central Theater Command of People's Liberation Army of China	BGI & Institute of Microbiology, Chinese Academy of Sciences & Shandong First Medical University & Shandong Academy of Medical Sciences & General Hospital of Central Theater Command of People's Liberation Army of China	Weijun Chen et al	B	FALSE	FALSE	FALSE
EPI_ISL_491176|2020-05-19	EPI_ISL_491176	Portugal/IGC2980/2020	2020-05-19	2020-05-19	Europe	PRT	Lisbon	PRT	20B	B.1.1.269	Instituto Gulbenkian de Ciência	Instituto Gulbenkian de Ciência	João Costa et al	B.1.1.269	FALSE	TRUE	FALSE
EPI_ISL_531132|2020-08-13	EPI_ISL_531132	NorthernIreland/QEUH-965176/2020	2020-08-13	2020-08-13	Europe	GBR	Northern Ireland	GBR	20B	B.1.1.269	Lighthouse Lab in Glasgow	Wellcome Sanger Institute for the COVID-19 Genomics UK (COG-UK) consortium	Harper VanSteenhouse et al	B.1.1.269	FALSE	TRUE	FALSE
EPI_ISL_539998|2020-08-26	EPI_ISL_539998	England/QEUH-9903A9/2020	2020-08-26	2020-08-26	Europe	GBR	England	GBR	20B	B.1.1.269	Lighthouse Lab in Glasgow	Wellcome Sanger Institute for the COVID-19 Genomics UK (COG-UK) consortium	Harper VanSteenhouse et al	B.1.1.269	FALSE	TRUE	FALSE
EPI_ISL_547439|2020-08-07	EPI_ISL_547439	Gibraltar/203360724/2020	2020-08-07	2020-08-07	Europe	GBR	Gibraltar	GBR	20B	B.1.1.269	Microbiology, Department of Pathology, St. Bernard's Hospital, Gibraltar Health Authority	Respiratory Virus Unit, Microbiology Services Colindale, Public Health England	PHE Covid Sequencing Team et al	B.1.1.269	FALSE	TRUE	FALSE
EPI_ISL_547440|2020-08-07	EPI_ISL_547440	Gibraltar/203360725/2020	2020-08-07	2020-08-07	Europe	GBR	Gibraltar	GBR	20B	B.1.1.269	Microbiology, Department of Pathology, St. Bernard's Hospital, Gibraltar Health Authority	Respiratory Virus Unit, Microbiology Services Colindale, Public Health England	PHE Covid Sequencing Team et al	B.1.1.269	FALSE	TRUE	FALSE
EPI_ISL_547443|2020-08-06	EPI_ISL_547443	Gibraltar/203360728/2020	2020-08-06	2020-08-06	Europe	GBR	Gibraltar	GBR	20B	B.1.1.269	Microbiology, Department of Pathology, St. Bernard's Hospital, Gibraltar Health Authority	Respiratory Virus Unit, Microbiology Services Colindale, Public Health England	PHE Covid Sequencing Team et al	B.1.1.269	FALSE	TRUE	FALSE
EPI_ISL_560501|2020-09-08	EPI_ISL_560501	Switzerland/VD-ETHZ-280123/2020	2020-09-08	2020-09-08	Europe	CHE	Vaud	CHE	20B	B.1.1.269	Viollier AG	Department of Biosystems Science and Engineering, ETH Zürich	Christian Beisel et al	B.1.1.269	FALSE	FALSE	TRUE
EPI_ISL_560502|2020-09-08	EPI_ISL_560502	Switzerland/VD-ETHZ-280125/2020	2020-09-08	2020-09-08	Europe	CHE	Vaud	CHE	20B	B.1.1.269	Viollier AG	Department of Biosystems Science and Engineering, ETH Zürich	Christian Beisel et al	B.1.1.269	FALSE	FALSE	TRUE
EPI_ISL_560511|2020-09-09	EPI_ISL_560511	Switzerland/VD-ETHZ-280158/2020	2020-09-09	2020-09-09	Europe	CHE	Vaud	CHE	20B	B.1.1.269	Viollier AG	Department of Biosystems Science and Engineering, ETH Zürich	Christian Beisel et al	B.1.1.269	FALSE	FALSE	TRUE
EPI_ISL_569051|2020-08-05	EPI_ISL_569051	France/PAC-IHU-1097/2020	2020-08-05	2020-08-05	Europe	FRA	Provence-Alpes-Côte d'Azur	FRA	20B	B.1.1.269	MEPHI, Aix Marseille University	MEPHI, Aix Marseille University	Anthony LEVASSEUR et al	B.1.1.269	FALSE	TRUE	FALSE
EPI_ISL_569112|2020-08-18	EPI_ISL_569112	France/PAC-IHU-1297/2020	2020-08-18	2020-08-18	Europe	FRA	Provence-Alpes-Côte d'Azur	FRA	20B	B.1.1.269	MEPHI, Aix Marseille University	MEPHI, Aix Marseille University	Anthony LEVASSEUR et al	B.1.1.269	FALSE	TRUE	FALSE
EPI_ISL_569214|2020-09-08	EPI_ISL_569214	France/PAC-IHU-1585/2020	2020-09-08	2020-09-08	Europe	FRA	Provence-Alpes-Côte d'Azur	FRA	20B	B.1.1.269	MEPHI, Aix Marseille University	MEPHI, Aix Marseille University	Anthony LEVASSEUR et al	B.1.1.269	FALSE	TRUE	FALSE
EPI_ISL_569218|2020-09-01	EPI_ISL_569218	France/PAC-IHU-1589/2020	2020-09-01	2020-09-01	Europe	FRA	Provence-Alpes-Côte d'Azur	FRA	20B	B.1.1.269	MEPHI, Aix Marseille University	MEPHI, Aix Marseille University	Anthony LEVASSEUR et al	B.1.1.269	FALSE	TRUE	FALSE
EPI_ISL_569223|2020-09-02	EPI_ISL_569223	France/PAC-IHU-1599/2020	2020-09-02	2020-09-02	Europe	FRA	Provence-Alpes-Côte d'Azur	FRA	20B	B.1.1.269	MEPHI, Aix Marseille University	MEPHI, Aix Marseille University	Anthony LEVASSEUR et al	B.1.1.269	FALSE	TRUE	FALSE
EPI_ISL_569236|2020-09-10	EPI_ISL_569236	France/PAC-IHU-1627/2020	2020-09-10	2020-09-10	Europe	FRA	Provence-Alpes-Côte d'Azur	FRA	20B	B.1.1.269	MEPHI, Aix Marseille University	MEPHI, Aix Marseille University	Anthony LEVASSEUR et al	B.1.1.269	FALSE	TRUE	FALSE
EPI_ISL_603418|2020-09-30	EPI_ISL_603418	Switzerland/VD-ETHZ-300471/2020	2020-09-30	2020-09-30	Europe	CHE	Vaud	CHE	20A	B.1.1.269	Viollier AG	Department of Biosystems Science and Engineering, ETH Zürich	Christian Beisel et al	B.1.1.269	FALSE	FALSE	TRUE
EPI_ISL_603446|2020-10-08	EPI_ISL_603446	Switzerland/VD-ETHZ-310372/2020	2020-10-08	2020-10-08	Europe	CHE	Vaud	CHE	20B	B.1.1.269	Viollier AG	Department of Biosystems Science and Engineering, ETH Zürich	Christian Beisel et al	B.1.1.269	FALSE	FALSE	TRUE
EPI_ISL_603523|2020-10-07	EPI_ISL_603523	Switzerland/VD-ETHZ-310451/2020	2020-10-07	2020-10-07	Europe	CHE	Vaud	CHE	20B	B.1.1.269	Viollier AG	Department of Biosystems Science and Engineering, ETH Zürich	Christian Beisel et al	B.1.1.269	FALSE	FALSE	TRUE
EPI_ISL_603690|2020-10-15	EPI_ISL_603690	Switzerland/VS-ETHZ-321478/2020	2020-10-15	2020-10-15	Europe	CHE	Valais	CHE	20B	B.1.1.269	Viollier AG	Department of Biosystems Science and Engineering, ETH Zürich	Christian Beisel et al	B.1.1.269	FALSE	FALSE	TRUE
EPI_ISL_603707|2020-10-15	EPI_ISL_603707	Switzerland/VD-ETHZ-321495/2020	2020-10-15	2020-10-15	Europe	CHE	Vaud	CHE	20B	B.1.1.269	Viollier AG	Department of Biosystems Science and Engineering, ETH Zürich	Christian Beisel et al	B.1.1.269	FALSE	FALSE	TRUE
EPI_ISL_603754|2020-10-15	EPI_ISL_603754	Switzerland/VD-ETHZ-321545/2020	2020-10-15	2020-10-15	Europe	CHE	Vaud	CHE	20B	B.1.1.269	Viollier AG	Department of Biosystems Science and Engineering, ETH Zürich	Christian Beisel et al	B.1.1.269	FALSE	FALSE	TRUE
EPI_ISL_614894|2020-10-20	EPI_ISL_614894	Switzerland/AG-ETHZ-331076/2020	2020-10-20	2020-10-20	Europe	CHE	Aargau	CHE	20B	B.1.1.269	Viollier AG	Department of Biosystems Science and Engineering, ETH Zürich	Christian Beisel et al	B.1.1.269	FALSE	FALSE	TRUE
EPI_ISL_626240|2020-08-31	EPI_ISL_626240	Belgium/ULG-10615/2020	2020-08-31	2020-08-31	Europe	BEL	Liège	BEL	20B	B.1.1.269	Department of Clinical Microbiology	GIGA Medical Genomics	Keith Durkin et al	B.1.1.269	FALSE	TRUE	FALSE
EPI_ISL_626320|2020-10-23	EPI_ISL_626320	Belgium/ULG-10532/2020	2020-10-23	2020-10-23	Europe	BEL	Liège	BEL	20B	B.1.1.269	Department of Clinical Microbiology	GIGA Medical Genomics	Keith Durkin et al	B.1.1.269	FALSE	TRUE	FALSE
EPI_ISL_641579|2020-09-18	EPI_ISL_641579	Belgium/ULG-10737/2020	2020-09-18	2020-09-18	Europe	BEL	Liège	BEL	20B	B.1.1.269	Department of Clinical Microbiology	GIGA Medical Genomics	Keith Durkin et al	B.1.1.269	FALSE	TRUE	FALSE
EPI_ISL_643852|2020-10-29	EPI_ISL_643852	England/CAMC-B0746C/2020	2020-10-29	2020-10-29	Europe	GBR	England	GBR	20B	B.1.1.269	Lighthouse Lab in Cambridge	Wellcome Sanger Institute for the COVID-19 Genomics UK (COG-UK) Consortium	Rob Howes et al	B.1.1.269	FALSE	TRUE	FALSE
EPI_ISL_644421|2020-09-14	EPI_ISL_644421	France/PAC-MEPHI-1677/2020	2020-09-14	2020-09-14	Europe	FRA	Provence-Alpes-Côte d'Azur	FRA	20B	B.1.1.269	MEPHI, Aix Marseille University	MEPHI, Aix Marseille University	Anthony LEVASSEUR et al	B.1.1.269	FALSE	TRUE	FALSE
EPI_ISL_644492|2020-08-30	EPI_ISL_644492	France/PAC-MEPHI-2086/2020	2020-08-30	2020-08-30	Europe	FRA	Provence-Alpes-Côte d'Azur	FRA	20B	B.1.1.269	MEPHI, Aix Marseille University	MEPHI, Aix Marseille University	Anthony LEVASSEUR et al	B.1.1.269	FALSE	TRUE	FALSE
EPI_ISL_644496|2020-09-23	EPI_ISL_644496	France/PAC-MEPHI-2101/2020	2020-09-23	2020-09-23	Europe	FRA	Provence-Alpes-Côte d'Azur	FRA	20B	B.1.1.269	MEPHI, Aix Marseille University	MEPHI, Aix Marseille University	Anthony LEVASSEUR et al	B.1.1.269	FALSE	TRUE	FALSE
EPI_ISL_644510|2020-09-28	EPI_ISL_644510	France/PAC-MEPHI-2144/2020	2020-09-28	2020-09-28	Europe	FRA	Provence-Alpes-Côte d'Azur	FRA	20B	B.1.1.269	MEPHI, Aix Marseille University	MEPHI, Aix Marseille University	Anthony LEVASSEUR et al	B.1.1.269	FALSE	TRUE	FALSE
EPI_ISL_644547|2020-10-10	EPI_ISL_644547	France/PAC-MEPHI-2375/2020	2020-10-10	2020-10-10	Europe	FRA	Provence-Alpes-Côte d'Azur	FRA	20B	B.1.1.269	MEPHI, Aix Marseille University	MEPHI, Aix Marseille University	Anthony LEVASSEUR et al	B.1.1.269	FALSE	TRUE	FALSE
EPI_ISL_644553|2020-10-12	EPI_ISL_644553	France/PAC-MEPHI-2390/2020	2020-10-12	2020-10-12	Europe	FRA	Provence-Alpes-Côte d'Azur	FRA	20B	B.1.1.269	MEPHI, Aix Marseille University	MEPHI, Aix Marseille University	Anthony LEVASSEUR et al	B.1.1.269	FALSE	TRUE	FALSE
EPI_ISL_654369|2020-08-06	EPI_ISL_654369	Spain/MD-IBV-99009632/2020	2020-08-06	2020-08-06	Europe	ESP	Madrid	ESP	20B	B.1.1.269	Hospital General Universitario Gregorio Marañón	SeqCOVID-SPAIN consortium/IBV(CSIC)	Darío García de Viedma et al	B.1.1.269	FALSE	TRUE	FALSE
EPI_ISL_693498|2020-09-14	EPI_ISL_693498	France/ARA-72266/2020	2020-09-14	2020-09-14	Europe	FRA	Auvergne-Rhône-Alpes	FRA	20B	B.1.1.269	CNR Virus des Infections Respiratoires - France SUD	CNR Virus des Infections Respiratoires - France SUD	Antonin Bal et al	B.1.1.269	FALSE	TRUE	FALSE
EPI_ISL_693507|2020-09-23	EPI_ISL_693507	France/ARA-77036/2020	2020-09-23	2020-09-23	Europe	FRA	Auvergne-Rhône-Alpes	FRA	20B	B.1.1.269	CNR Virus des Infections Respiratoires - France SUD	CNR Virus des Infections Respiratoires - France SUD	Antonin Bal et al	B.1.1.269	FALSE	TRUE	FALSE
EPI_ISL_693600|2020-07-04	EPI_ISL_693600	Portugal/PT1595/2020	2020-07-04	2020-07-04	Europe	PRT	Portugal	PRT	20B	B.1.1.269	Instituto Nacional de Saude (INSA)	Instituto Nacional de Saude (INSA)	Borges et al	B.1.1.269	FALSE	TRUE	FALSE
EPI_ISL_707732|2020-09-06	EPI_ISL_707732	Belgium/ULG-10953/2020	2020-09-06	2020-09-06	Europe	BEL	Liège	BEL	20B	B.1.1.269	Department of Clinical Microbiology	GIGA Medical Genomics	Keith Durkin et al	B.1.1.269	FALSE	TRUE	FALSE
EPI_ISL_707756|2020-09-09	EPI_ISL_707756	Belgium/ULG-10985/2020	2020-09-09	2020-09-09	Europe	BEL	Liège	BEL	20B	B.1.1.269	Department of Clinical Microbiology	GIGA Medical Genomics	Keith Durkin et al	B.1.1.269	FALSE	TRUE	FALSE
EPI_ISL_728810|2020-11-03	EPI_ISL_728810	Switzerland/NE-ETHZ-350455/2020	2020-11-03	2020-11-03	Europe	CHE	Neuchâtel	CHE	20B	B.1.1.269	Viollier AG	Department of Biosystems Science and Engineering, ETH Zürich	Chaoran Chen et al	B.1.1.269	FALSE	FALSE	TRUE
EPI_ISL_737851|2020-11-25	EPI_ISL_737851	Switzerland/VS-ETHZ-410386/2020	2020-11-25	2020-11-25	Europe	CHE	Valais	CHE	20B	B.1.1.269	Viollier AG	Department of Biosystems Science and Engineering, ETH Zürich	Chaoran Chen et al	B.1.1.269	FALSE	FALSE	TRUE
EPI_ISL_740001|2020-10-28	EPI_ISL_740001	Luxembourg/LNS1829518/2020	2020-10-28	2020-10-28	Europe	LUX	Luxembourg	LUX	20B	B.1.1.269	Laboratoire national de santé, Microbiology, Virology	Laboratoire national de santé, Microbiology, Microbial Genomics Platform	Anke Wienecke-Baldacchino et al	B.1.1.269	FALSE	TRUE	FALSE
EPI_ISL_744187|2020-08-31	EPI_ISL_744187	Luxembourg/LNS5121437/2020	2020-08-31	2020-08-31	Europe	LUX	Luxembourg	LUX	20B	B.1.1.269	Laboratoire national de santé, Microbiology, Virology	Laboratoire national de santé, Microbiology, Microbial Genomics Platform	Anke Wienecke-Baldacchino et al	B.1.1.269	FALSE	TRUE	FALSE
EPI_ISL_796634|2020-12-31	EPI_ISL_796634	Switzerland/ZH-ETHZ-430759/2020	2020-12-31	2020-12-31	Europe	CHE	Zürich	CHE	20B	B.1.1.269	Viollier AG	Department of Biosystems Science and Engineering, ETH Zürich	Chaoran Chen et al	B.1.1.269	FALSE	FALSE	TRUE
EPI_ISL_804514|2020-10-19	EPI_ISL_804514	France/PAC-IHUCOVID-2553/2020	2020-10-19	2020-10-19	Europe	FRA	Provence-Alpes-Côte d'Azur	FRA	20B	B.1.1.269	MEPHI, Aix Marseille University	MEPHI, Aix Marseille University	Anthony LEVASSEUR et al	B.1.1.269	FALSE	TRUE	FALSE
EPI_ISL_804515|2020-10-20	EPI_ISL_804515	France/PAC-IHUCOVID-2569/2020	2020-10-20	2020-10-20	Europe	FRA	Provence-Alpes-Côte d'Azur	FRA	20B	B.1.1.269	MEPHI, Aix Marseille University	MEPHI, Aix Marseille University	Anthony LEVASSEUR et al	B.1.1.269	FALSE	TRUE	FALSE
EPI_ISL_804568|2020-10-30	EPI_ISL_804568	France/PAC-IHUCOVID-2712/2020	2020-10-30	2020-10-30	Europe	FRA	Provence-Alpes-Côte d'Azur	FRA	20B	B.1.1.269	MEPHI, Aix Marseille University	MEPHI, Aix Marseille University	Anthony LEVASSEUR et al	B.1.1.269	FALSE	TRUE	FALSE
EPI_ISL_824478|2020-08-31	EPI_ISL_824478	Spain/CT-HUVH-97173/2020	2020-08-31	2020-08-31	Europe	ESP	Catalunya	ESP	20B	B.1.1.269	Hospital Universitari Vall d'Hebron - Vall d'Hebron Institut de Recerca	Hospital Universitari Vall d'Hebron - Vall d'Hebron Institut de Recerca	Cristina Andrés et al	B.1.1.269	FALSE	TRUE	FALSE
EPI_ISL_824508|2020-10-06	EPI_ISL_824508	Spain/CT-HUVH-69395/2020	2020-10-06	2020-10-06	Europe	ESP	Catalunya	ESP	20B	B.1.1.269	Hospital Universitari Vall d'Hebron - Vall d'Hebron Institut de Recerca	Hospital Universitari Vall d'Hebron - Vall d'Hebron Institut de Recerca	Cristina Andrés et al	B.1.1.269	FALSE	TRUE	FALSE
EPI_ISL_824510|2020-10-12	EPI_ISL_824510	Spain/CT-HUVH-14989/2020	2020-10-12	2020-10-12	Europe	ESP	Catalunya	ESP	20B	B.1.1.269	Hospital Universitari Vall d'Hebron - Vall d'Hebron Institut de Recerca	Hospital Universitari Vall d'Hebron - Vall d'Hebron Institut de Recerca	Cristina Andrés et al	B.1.1.269	FALSE	TRUE	FALSE
EPI_ISL_900074|2020-09-30	EPI_ISL_900074	France/PAC-IHUCOVID-2146/2020	2020-09-30	2020-09-30	Europe	FRA	Provence-Alpes-Côte d'Azur	FRA	20B	B.1.1.269	MEPHI, Aix Marseille University	MEPHI, Aix Marseille University	Anthony LEVASSEUR et al	B.1.1.269	FALSE	TRUE	FALSE
EPI_ISL_925420|2020-09-23	EPI_ISL_925420	Belgium/ULG-11465/2020	2020-09-23	2020-09-23	Europe	BEL	Liège	BEL	20B	B.1.1.269	Department of Clinical Microbiology	GIGA Medical Genomics	Keith Durkin et al	B.1.1.269	FALSE	TRUE	FALSE
EPI_ISL_931020|2020-10-22	EPI_ISL_931020	Switzerland/BS-UHB-42498711/2020	2020-10-22	2020-10-22	Europe	CHE	Solothurn	CHE	20B	B.1.1.269	University Hospital Basel, Clinical Virology	University Hospital Basel, Clinical Bacteriology	Tim Roloff et al	B.1.1.269	FALSE	FALSE	TRUE
