tree_label	gisaid_epi_isl	strain	date_str	date	region	iso_country	division	iso_country_exposure	nextstrain_clade	pangolin_lineage	originating_lab	submitting_lab	authors	tree_pangolin_lineage	travel_context	similarity_context	focal_sequence
EPI_ISL_1055818|2020-12-21	EPI_ISL_1055818	Italy/ABR-IZSGC-TE358911/2020	2020-12-21	2020-12-21	Europe	ITA	Abruzzo	ITA	20E (EU1)	B.1.177.83	DIP. PREV. AVEZZANO SERVIZIO DI IGIENE EPIDEMIOLOGIAE SANITA' PUBBLICA	Istituto Zooprofilattico Sperimentale dell’Abruzzo e Molise “G. Caporale”	Lorusso A et al	B.1.177.83	FALSE	TRUE	FALSE
EPI_ISL_1119506|2020-11-02	EPI_ISL_1119506	Switzerland/TI-ETHZ-500949/2020	2020-11-02	2020-11-02	Europe	CHE	Ticino	CHE	20E (EU1)	B.1.177.83	Viollier AG	Department of Biosystems Science and Engineering, ETH Zürich	Chaoran Chen et al	B.1.177.83	FALSE	FALSE	TRUE
EPI_ISL_1119508|2020-11-02	EPI_ISL_1119508	Switzerland/VD-ETHZ-500939/2020	2020-11-02	2020-11-02	Europe	CHE	Vaud	CHE	20E (EU1)	B.1.177.83	Viollier AG	Department of Biosystems Science and Engineering, ETH Zürich	Chaoran Chen et al	B.1.177.83	FALSE	FALSE	TRUE
EPI_ISL_1130124|2020-08-29	EPI_ISL_1130124	Switzerland/GR-ETHZ-270208/2020	2020-08-29	2020-08-29	Europe	CHE	Graubünden	CHE	20E (EU1)	B.1.177.83	Viollier AG	Department of Biosystems Science and Engineering, ETH Zürich	Christian Beisel et al	B.1.177.83	FALSE	FALSE	TRUE
EPI_ISL_1408679|2020-11-24	EPI_ISL_1408679	Switzerland/GE-ETHZ-520514/2020	2020-11-24	2020-11-24	Europe	CHE	Geneva	CHE	20E (EU1)	B.1.177.83	Viollier AG	Department of Biosystems Science and Engineering, ETH Zürich	Chaoran Chen et al	B.1.177.83	FALSE	FALSE	TRUE
EPI_ISL_402125|2019-12-26	EPI_ISL_402125	Wuhan/Hu-1/2019	2019-12-26	2019-12-26	Asia	CHN	Hubei	CHN	19A	B	National Institute for Communicable Disease Control and Prevention (ICDC) Chinese Center for Disease Control and Prevention (China CDC)	National Institute for Communicable Disease Control and Prevention (ICDC) Chinese Center for Disease Control and Prevention (China CDC)	Zhang et al	B	FALSE	FALSE	FALSE
EPI_ISL_406798|2019-12-26	EPI_ISL_406798	Wuhan/WH01/2019	2019-12-26	2019-12-26	Asia	CHN	Hubei	CHN	19A	B	General Hospital of Central Theater Command of People's Liberation Army of China	BGI & Institute of Microbiology, Chinese Academy of Sciences & Shandong First Medical University & Shandong Academy of Medical Sciences & General Hospital of Central Theater Command of People's Liberation Army of China	Weijun Chen et al	B	FALSE	FALSE	FALSE
EPI_ISL_653819|2020-11-04	EPI_ISL_653819	Italy/APU-IZSPB_326PT/2020	2020-11-04	2020-11-04	Europe	ITA	Apulia	ITA	20E (EU1)	B.1.177.83	I.R.C.C.S. "S. De Bellis" - Ente Ospedaliero	Istituto Zooprofilattico Sperimentale della Puglia e della Basilicata	Parisi A. et al	B.1.177.83	FALSE	TRUE	FALSE
EPI_ISL_736870|2020-10-26	EPI_ISL_736870	Italy/CAM-TIGEM-144/2020	2020-10-26	2020-10-26	Europe	ITA	Campania	ITA	20E (EU1)	B.1.177.83	Istituto Zooprofilattico Sperimentale del Mezzogiorno	TIGEM	Antonio Grimaldi et al	B.1.177.83	FALSE	TRUE	FALSE
EPI_ISL_751335|2020-08-28	EPI_ISL_751335	Italy/VEN-UniVR-11/2020	2020-08-28	2020-08-28	Europe	ITA	Veneto	ITA	20E (EU1)	B.1.177.83	IRCCS Sacro Cuore Don Calabria Hospital, Department of Infectious, Tropical Diseases & Microbiology	University of Verona, Department of Biotechnology	Antonio Mori et al	B.1.177.83	FALSE	TRUE	FALSE
EPI_ISL_776903|2020-10-26	EPI_ISL_776903	Italy/CAM-TIGEM-226/2020	2020-10-26	2020-10-26	Europe	ITA	Campania	ITA	20E (EU1)	B.1.177.83	Istituto Zooprofilattico Sperimentale del Mezzogiorno	TIGEM	Antonio Grimaldi et al	B.1.177.83	FALSE	TRUE	FALSE
EPI_ISL_837472|2020-11-25	EPI_ISL_837472	Italy/CAM-TIGEM-1172/2020	2020-11-25	2020-11-25	Europe	ITA	Campania	ITA	20E (EU1)	B.1.177.83	Istituto Zooprofilattico Sperimentale del Mezzogiorno	TIGEM	Antonio Grimaldi et al	B.1.177.83	FALSE	TRUE	FALSE
EPI_ISL_960510|2020-12-09	EPI_ISL_960510	Italy/CAM-TIGEM-1639/2020	2020-12-09	2020-12-09	Europe	ITA	Campania	ITA	20E (EU1)	B.1.177.83	Istituto Zooprofilattico Sperimentale del Mezzogiorno	TIGEM	Antonio Grimaldi et al	B.1.177.83	FALSE	TRUE	FALSE
EPI_ISL_960511|2020-12-09	EPI_ISL_960511	Italy/CAM-TIGEM-1655/2020	2020-12-09	2020-12-09	Europe	ITA	Campania	ITA	20E (EU1)	B.1.177.83	Istituto Zooprofilattico Sperimentale del Mezzogiorno	TIGEM	Antonio Grimaldi et al	B.1.177.83	FALSE	TRUE	FALSE
