tree_label	gisaid_epi_isl	strain	date_str	date	region	iso_country	division	iso_country_exposure	nextstrain_clade	pangolin_lineage	originating_lab	submitting_lab	authors	tree_pangolin_lineage	travel_context	similarity_context	focal_sequence
EPI_ISL_1306147|2020-09-04	EPI_ISL_1306147	USA/MD-NIH-00026/2020	2020-09-04	2020-09-04	North America	USA	Maryland	USA	20A	B.1.565	Department of Laboratory Medicine, Clinical Center, National Institutes of Health	Laboratory of Parasitic Diseases, Systems Genomics Section, National Institute of Allergy and Infectious Diseases, National Institutes of Health	Allison Roder et al	B.1.565	FALSE	TRUE	FALSE
EPI_ISL_1658339|2020-12-16	EPI_ISL_1658339	Switzerland/BE-ETHZ-570047/2020	2020-12-16	2020-12-16	Europe	CHE	Bern	CHE	20A	B.1.565	Viollier AG	Department of Biosystems Science and Engineering, ETH Zürich	Christian Beisel et al	B.1.565	FALSE	FALSE	TRUE
EPI_ISL_1658364|2020-12-16	EPI_ISL_1658364	Switzerland/BL-ETHZ-570060/2020	2020-12-16	2020-12-16	Europe	CHE	Basel-Land	CHE	20A	B.1.565	Viollier AG	Department of Biosystems Science and Engineering, ETH Zürich	Christian Beisel et al	B.1.565	FALSE	FALSE	TRUE
EPI_ISL_2035516|2020-08-10	EPI_ISL_2035516	USA/MO-MSPHL-000905/2020	2020-08-10	2020-08-10	North America	USA	Missouri	USA	20A	B.1.565	Missouri State Public Health Laboratory	Missouri State Public Health Laboratory	Matthew Sinn et al	B.1.565	FALSE	TRUE	FALSE
EPI_ISL_402125|2019-12-26	EPI_ISL_402125	Wuhan/Hu-1/2019	2019-12-26	2019-12-26	Asia	CHN	Hubei	CHN	19A	B	National Institute for Communicable Disease Control and Prevention (ICDC) Chinese Center for Disease Control and Prevention (China CDC)	National Institute for Communicable Disease Control and Prevention (ICDC) Chinese Center for Disease Control and Prevention (China CDC)	Zhang et al	B	FALSE	FALSE	FALSE
EPI_ISL_406798|2019-12-26	EPI_ISL_406798	Wuhan/WH01/2019	2019-12-26	2019-12-26	Asia	CHN	Hubei	CHN	19A	B	General Hospital of Central Theater Command of People's Liberation Army of China	BGI & Institute of Microbiology, Chinese Academy of Sciences & Shandong First Medical University & Shandong Academy of Medical Sciences & General Hospital of Central Theater Command of People's Liberation Army of China	Weijun Chen et al	B	FALSE	FALSE	FALSE
EPI_ISL_509977|2020-07-21	EPI_ISL_509977	USA/WI-UW-981/2020	2020-07-21	2020-07-21	North America	USA	Wisconsin	USA	20A	B.1.565	University of Wisconsin-Madison AIDS Vaccine Research Laboratories	University of Wisconsin-Madison AIDS Vaccine Research Laboratories	Gage Moreno et al	B.1.565	FALSE	TRUE	FALSE
EPI_ISL_514626|2020-06-26	EPI_ISL_514626	USA/MN-MDH-1407/2020	2020-06-26	2020-06-26	North America	USA	Minnesota	USA	20A	B.1.565	Mayo Clinic & Mayo Clinic Laboratories	Minnesota Department of Health, Public Health Laboratory	Matt Plumb et al	B.1.565	FALSE	TRUE	FALSE
EPI_ISL_541617|2020-09-16	EPI_ISL_541617	USA/WI-UW-1487/2020	2020-09-16	2020-09-16	North America	USA	Wisconsin	USA	20A	B.1.565	University of Wisconsin-Madison AIDS Vaccine Research Laboratories	University of Wisconsin-Madison AIDS Vaccine Research Laboratories	Gage Moreno et al	B.1.565	FALSE	TRUE	FALSE
EPI_ISL_547627|2020-07-18	EPI_ISL_547627	USA/IA-GMF-11334/2020	2020-07-18	2020-07-18	North America	USA	Iowa	USA	20A	B.1.565	Gundersen Molecular Diagnostics Laboratory	Kabara Cancer Research Institute	Craig S. Richmond et al	B.1.565	FALSE	TRUE	FALSE
EPI_ISL_547754|2020-08-31	EPI_ISL_547754	USA/IA-GMF-18219/2020	2020-08-31	2020-08-31	North America	USA	Iowa	USA	20A	B.1.565	Gundersen Molecular Diagnostics Laboratory	Kabara Cancer Research Institute	Craig S. Richmond et al	B.1.565	FALSE	TRUE	FALSE
EPI_ISL_729132|2020-12-06	EPI_ISL_729132	Switzerland/BE-ETHZ-400083/2020	2020-12-06	2020-12-06	Europe	CHE	Bern	CHE	20A	B.1.565	Viollier AG	Department of Biosystems Science and Engineering, ETH Zürich	Chaoran Chen et al	B.1.565	FALSE	FALSE	TRUE
EPI_ISL_737496|2020-12-15	EPI_ISL_737496	Switzerland/BL-ETHZ-410310/2020	2020-12-15	2020-12-15	Europe	CHE	Basel-Land	CHE	20A	B.1.565	Viollier AG	Department of Biosystems Science and Engineering, ETH Zürich	Chaoran Chen et al	B.1.565	FALSE	FALSE	TRUE
EPI_ISL_756371|2020-08-31	EPI_ISL_756371	USA/NE-CUMC-20244087/2020	2020-08-31	2020-08-31	North America	USA	Nebraska	USA	20A	B.1.565	CUMC - CHI Bergan Mercy	Creighton University School of Medicine, Departments of Medical Microbiology and Pharmacology and Neuroscience	Michael Belshan et al	B.1.565	FALSE	TRUE	FALSE
