tree_label	gisaid_epi_isl	strain	date_str	date	region	iso_country	division	iso_country_exposure	nextstrain_clade	pangolin_lineage	originating_lab	submitting_lab	authors	tree_pangolin_lineage	travel_context	similarity_context	focal_sequence
EPI_ISL_1129515|2020-10-12	EPI_ISL_1129515	Switzerland/BE-ETHZ-320583/2020	2020-10-12	2020-10-12	Europe	CHE	Bern	CHE	20B	B.1.1.219	Viollier AG	Department of Biosystems Science and Engineering, ETH Zürich	Chaoran Chen et al	B.1.1.219	FALSE	FALSE	TRUE
EPI_ISL_402125|2019-12-26	EPI_ISL_402125	Wuhan/Hu-1/2019	2019-12-26	2019-12-26	Asia	CHN	Hubei	CHN	19A	B	National Institute for Communicable Disease Control and Prevention (ICDC) Chinese Center for Disease Control and Prevention (China CDC)	National Institute for Communicable Disease Control and Prevention (ICDC) Chinese Center for Disease Control and Prevention (China CDC)	Zhang et al	B	FALSE	FALSE	FALSE
EPI_ISL_406798|2019-12-26	EPI_ISL_406798	Wuhan/WH01/2019	2019-12-26	2019-12-26	Asia	CHN	Hubei	CHN	19A	B	General Hospital of Central Theater Command of People's Liberation Army of China	BGI & Institute of Microbiology, Chinese Academy of Sciences & Shandong First Medical University & Shandong Academy of Medical Sciences & General Hospital of Central Theater Command of People's Liberation Army of China	Weijun Chen et al	B	FALSE	FALSE	FALSE
EPI_ISL_670943|2020-11-02	EPI_ISL_670943	Denmark/DCGC-11478/2020	2020-11-02	2020-11-02	Europe	DNK	Hovedstaden	DNK	20B	B.1.1.219	Department of Virus and Microbiological Special Diagnostics, Statens Serum Institut, Copenhagen, Denmark	Albertsen Lab, Department of Chemistry and Bioscience, Aalborg University, Denmark	Danish Covid-19 Genome Consortium et al	B.1.1.219	FALSE	TRUE	FALSE
EPI_ISL_670955|2020-11-02	EPI_ISL_670955	Denmark/DCGC-11492/2020	2020-11-02	2020-11-02	Europe	DNK	Hovedstaden	DNK	20B	B.1.1.219	Department of Virus and Microbiological Special Diagnostics, Statens Serum Institut, Copenhagen, Denmark	Albertsen Lab, Department of Chemistry and Bioscience, Aalborg University, Denmark	Danish Covid-19 Genome Consortium et al	B.1.1.219	FALSE	TRUE	FALSE
EPI_ISL_694004|2020-11-19	EPI_ISL_694004	Switzerland/AG-ETHZ-370522/2020	2020-11-19	2020-11-19	Europe	CHE	Aargau	CHE	20B	B.1.1.219	Viollier AG	Department of Biosystems Science and Engineering, ETH Zürich	Christian Beisel et al	B.1.1.219	FALSE	FALSE	TRUE
EPI_ISL_713886|2020-11-23	EPI_ISL_713886	Denmark/DCGC-15551/2020	2020-11-23	2020-11-23	Europe	DNK	Syddanmark	DNK	20B	B.1.1.219	Department of Virus and Microbiological Special Diagnostics, Statens Serum Institut, Copenhagen, Denmark	Albertsen Lab, Department of Chemistry and Bioscience, Aalborg University, Denmark	Danish Covid-19 Genome Consortium et al	B.1.1.219	FALSE	TRUE	FALSE
EPI_ISL_714655|2020-11-16	EPI_ISL_714655	Denmark/DCGC-16234/2020	2020-11-16	2020-11-16	Europe	DNK	Sjaelland	DNK	20B	B.1.1.219	Department of Virus and Microbiological Special Diagnostics, Statens Serum Institut, Copenhagen, Denmark	Albertsen Lab, Department of Chemistry and Bioscience, Aalborg University, Denmark	Danish Covid-19 Genome Consortium et al	B.1.1.219	FALSE	TRUE	FALSE
