tree_label	gisaid_epi_isl	strain	date_str	date	region	iso_country	division	iso_country_exposure	nextstrain_clade	pangolin_lineage	originating_lab	submitting_lab	authors	tree_pangolin_lineage	travel_context	similarity_context	focal_sequence
EPI_ISL_1130979|2020-08-27	EPI_ISL_1130979	Switzerland/ZH-ETHZ-260189/2020	2020-08-27	2020-08-27	Europe	CHE	Zürich	CHE	20A	B.1.9.4	Viollier AG	Department of Biosystems Science and Engineering, ETH Zürich	Christian Beisel et al	B.1.9.4	FALSE	FALSE	TRUE
EPI_ISL_402125|2019-12-26	EPI_ISL_402125	Wuhan/Hu-1/2019	2019-12-26	2019-12-26	Asia	CHN	Hubei	CHN	19A	B	National Institute for Communicable Disease Control and Prevention (ICDC) Chinese Center for Disease Control and Prevention (China CDC)	National Institute for Communicable Disease Control and Prevention (ICDC) Chinese Center for Disease Control and Prevention (China CDC)	Zhang et al	B	FALSE	FALSE	FALSE
EPI_ISL_406798|2019-12-26	EPI_ISL_406798	Wuhan/WH01/2019	2019-12-26	2019-12-26	Asia	CHN	Hubei	CHN	19A	B	General Hospital of Central Theater Command of People's Liberation Army of China	BGI & Institute of Microbiology, Chinese Academy of Sciences & Shandong First Medical University & Shandong Academy of Medical Sciences & General Hospital of Central Theater Command of People's Liberation Army of China	Weijun Chen et al	B	FALSE	FALSE	FALSE
EPI_ISL_500920|2020-07-09	EPI_ISL_500920	Switzerland/BL-ETHZ-190059/2020	2020-07-09	2020-07-09	Europe	CHE	Basel-Land	CHE	20A	B.1.9.4	Viollier AG	Department of Biosystems Science and Engineering, ETH Zürich	Christian Beisel et al	B.1.9.4	FALSE	FALSE	TRUE
EPI_ISL_534419|2020-08-02	EPI_ISL_534419	Scotland/QEUH-961BB8/2020	2020-08-02	2020-08-02	Europe	GBR	Scotland	GBR	20A	B.1.9.4	NHSGGC West of Scotland Specialist Virology Centre / MRC-University of Glasgow Centre for Virus Research	Wellcome Sanger Institute for the COVID-19 Genomics UK (COG-UK) consortium	Ana da Silva Filipe et al	B.1.9.4	FALSE	TRUE	FALSE
EPI_ISL_535609|2020-08-19	EPI_ISL_535609	Switzerland/ZH-ETHZ-250091/2020	2020-08-19	2020-08-19	Europe	CHE	Zürich	CHE	20A	B.1.9.4	Viollier AG	Department of Biosystems Science and Engineering, ETH Zürich	Christian Beisel et al	B.1.9.4	FALSE	FALSE	TRUE
EPI_ISL_550527|2020-08-30	EPI_ISL_550527	England/MILK-99DB95/2020	2020-08-30	2020-08-30	Europe	GBR	England	GBR	20A	B.1.9.4	Lighthouse Lab in Milton Keynes	Wellcome Sanger Institute for the COVID-19 Genomics UK (COG-UK) consortium	The Lighthouse Lab in Milton Keynes et al	B.1.9.4	FALSE	TRUE	FALSE
EPI_ISL_567024|2020-09-11	EPI_ISL_567024	England/QEUH-9C8F68/2020	2020-09-11	2020-09-11	Europe	GBR	England	GBR	20A	B.1.9.4	Lighthouse Lab in Glasgow	Wellcome Sanger Institute for the COVID-19 Genomics UK (COG-UK) Consortium	Harper VanSteenhouse et al	B.1.9.4	FALSE	TRUE	FALSE
EPI_ISL_617480|2020-08-10	EPI_ISL_617480	Denmark/DCGC-2181/2020	2020-08-10	2020-08-10	Europe	DNK	Hovedstaden	DNK	20A	B.1.9.4	Department of Virus and Microbiological Special Diagnostics, Statens Serum Institut, Denmark	Albertsen lab, Department of Chemistry and Bioscience, Aalborg University, Denmark	Danish Covid-19 Genome Consortia et al	B.1.9.4	FALSE	TRUE	FALSE
EPI_ISL_671079|2020-10-26	EPI_ISL_671079	Denmark/DCGC-11701/2020	2020-10-26	2020-10-26	Europe	DNK	Hovedstaden	DNK	20A	B.1.9.4	Department of Virus and Microbiological Special Diagnostics, Statens Serum Institut, Copenhagen, Denmark	Albertsen Lab, Department of Chemistry and Bioscience, Aalborg University, Denmark	Danish Covid-19 Genome Consortium et al	B.1.9.4	FALSE	TRUE	FALSE
EPI_ISL_960010|2020-09-13	EPI_ISL_960010	Germany/HH-HPI-p2966/2020	2020-09-13	2020-09-13	Europe	DEU	Hamburg	DEU	20A	B.1.9.4	University Medical Center Hamburg Eppendorf	Heinrich Pette Institute, Leibniz Institute for Experimental Virology	Alexis Robitaille et al	B.1.9.4	FALSE	TRUE	FALSE
