tree_label	gisaid_epi_isl	strain	date_str	date	region	iso_country	division	iso_country_exposure	nextstrain_clade	pangolin_lineage	originating_lab	submitting_lab	authors	tree_pangolin_lineage	travel_context	similarity_context	focal_sequence
EPI_ISL_1233649|2020-12-24	EPI_ISL_1233649	Switzerland/ZH-UHB-0717460501/2020	2020-12-24	2020-12-24	Europe	CHE	Zürich	CHE	20A	B.1.258.11	Labormedizinisches Zentrum Dr Risch	University Hospital Basel, Clinical Bacteriology	Tim Roloff et al	B.1.258.11	FALSE	FALSE	TRUE
EPI_ISL_1406787|2020-12-28	EPI_ISL_1406787	Switzerland/BE-ETHZ-430415/2020	2020-12-28	2020-12-28	Europe	CHE	Bern	CHE	20A	B.1.258.11	Viollier AG	Department of Biosystems Science and Engineering, ETH Zürich	Chaoran Chen et al	B.1.258.11	FALSE	FALSE	TRUE
EPI_ISL_1886139|2020-12-07	EPI_ISL_1886139	Denmark/DCGC-77519/2020	2020-12-07	2020-12-07	Europe	DNK	Sjaelland	DNK	20A	B.1.258.11	Department of Virus and Microbiological Special Diagnostics, Statens Serum Institut, Copenhagen, Denmark	Aalborg University	Danish Covid-19 Genome Consortium et al	B.1.258.11	FALSE	TRUE	FALSE
EPI_ISL_402125|2019-12-26	EPI_ISL_402125	Wuhan/Hu-1/2019	2019-12-26	2019-12-26	Asia	CHN	Hubei	CHN	19A	B	National Institute for Communicable Disease Control and Prevention (ICDC) Chinese Center for Disease Control and Prevention (China CDC)	National Institute for Communicable Disease Control and Prevention (ICDC) Chinese Center for Disease Control and Prevention (China CDC)	Zhang et al	B	FALSE	FALSE	FALSE
EPI_ISL_406798|2019-12-26	EPI_ISL_406798	Wuhan/WH01/2019	2019-12-26	2019-12-26	Asia	CHN	Hubei	CHN	19A	B	General Hospital of Central Theater Command of People's Liberation Army of China	BGI & Institute of Microbiology, Chinese Academy of Sciences & Shandong First Medical University & Shandong Academy of Medical Sciences & General Hospital of Central Theater Command of People's Liberation Army of China	Weijun Chen et al	B	FALSE	FALSE	FALSE
EPI_ISL_758028|2020-12-14	EPI_ISL_758028	Denmark/DCGC-22013/2020	2020-12-14	2020-12-14	Europe	DNK	Hovedstaden	DNK	20A	B.1.258.11	Department of Virus and Microbiological Special Diagnostics, Statens Serum Institut, Copenhagen, Denmark	Albertsen Lab, Department of Chemistry and Bioscience, Aalborg University, Denmark	Danish Covid-19 Genome Consortium et al	B.1.258.11	FALSE	TRUE	FALSE
EPI_ISL_758993|2020-12-21	EPI_ISL_758993	Denmark/DCGC-20571/2020	2020-12-21	2020-12-21	Europe	DNK	Sjaelland	DNK	20A	B.1.258.11	Department of Virus and Microbiological Special Diagnostics, Statens Serum Institut, Copenhagen, Denmark	Albertsen Lab, Department of Chemistry and Bioscience, Aalborg University, Denmark	Danish Covid-19 Genome Consortium et al	B.1.258.11	FALSE	TRUE	FALSE
EPI_ISL_795292|2020-12-28	EPI_ISL_795292	Denmark/DCGC-24328/2020	2020-12-28	2020-12-28	Europe	DNK	Sjaelland	DNK	20A	B.1.258.11	Department of Virus and Microbiological Special Diagnostics, Statens Serum Institut, Copenhagen, Denmark	Albertsen Lab, Department of Chemistry and Bioscience, Aalborg University, Denmark	Danish Covid-19 Genome Consortium et al	B.1.258.11	FALSE	TRUE	FALSE
