tree_label	gisaid_epi_isl	strain	date_str	date	region	iso_country	division	iso_country_exposure	nextstrain_clade	pangolin_lineage	originating_lab	submitting_lab	authors	tree_pangolin_lineage	travel_context	similarity_context	focal_sequence
EPI_ISL_1259502|2020-12-02	EPI_ISL_1259502	Switzerland/ZH-ETHZ-521487/2020	2020-12-02	2020-12-02	Europe	CHE	Zürich	CHE	20A	B.1.406	Viollier AG	Department of Biosystems Science and Engineering, ETH Zürich	Chaoran Chen et al	B.1.406	FALSE	FALSE	TRUE
EPI_ISL_1408278|2020-11-23	EPI_ISL_1408278	Switzerland/ZH-ETHZ-520481/2020	2020-11-23	2020-11-23	Europe	CHE	Zürich	CHE	20A	B.1.406	Viollier AG	Department of Biosystems Science and Engineering, ETH Zürich	Chaoran Chen et al	B.1.406	FALSE	FALSE	TRUE
EPI_ISL_402125|2019-12-26	EPI_ISL_402125	Wuhan/Hu-1/2019	2019-12-26	2019-12-26	Asia	CHN	Hubei	CHN	19A	B	National Institute for Communicable Disease Control and Prevention (ICDC) Chinese Center for Disease Control and Prevention (China CDC)	National Institute for Communicable Disease Control and Prevention (ICDC) Chinese Center for Disease Control and Prevention (China CDC)	Zhang et al	B	FALSE	FALSE	FALSE
EPI_ISL_406798|2019-12-26	EPI_ISL_406798	Wuhan/WH01/2019	2019-12-26	2019-12-26	Asia	CHN	Hubei	CHN	19A	B	General Hospital of Central Theater Command of People's Liberation Army of China	BGI & Institute of Microbiology, Chinese Academy of Sciences & Shandong First Medical University & Shandong Academy of Medical Sciences & General Hospital of Central Theater Command of People's Liberation Army of China	Weijun Chen et al	B	FALSE	FALSE	FALSE
EPI_ISL_550502|2020-07-24	EPI_ISL_550502	England/MILK-977654/2020	2020-07-24	2020-07-24	Europe	GBR	England	GBR	20A	B.1.406	Lighthouse Lab in Milton Keynes	Wellcome Sanger Institute for the COVID-19 Genomics UK (COG-UK) consortium	The Lighthouse Lab in Milton Keynes et al	B.1.406	FALSE	TRUE	FALSE
EPI_ISL_550504|2020-07-24	EPI_ISL_550504	England/MILK-977645/2020	2020-07-24	2020-07-24	Europe	GBR	England	GBR	20A	B.1.406	Lighthouse Lab in Milton Keynes	Wellcome Sanger Institute for the COVID-19 Genomics UK (COG-UK) consortium	The Lighthouse Lab in Milton Keynes et al	B.1.406	FALSE	TRUE	FALSE
EPI_ISL_648171|2020-09-04	EPI_ISL_648171	Sweden/20-53127/2020	2020-09-04	2020-09-04	Europe	SWE	Sweden	SWE	20A	B.1.406	The Public Health Agency of Sweden	The Public Health Agency of Sweden	Anna-Malin Linde et al	B.1.406	FALSE	TRUE	FALSE
EPI_ISL_648174|2020-09-28	EPI_ISL_648174	Sweden/20-53130/2020	2020-09-28	2020-09-28	Europe	SWE	Sweden	SWE	20A	B.1.406	The Public Health Agency of Sweden	The Public Health Agency of Sweden	Anna-Malin Linde et al	B.1.406	FALSE	TRUE	FALSE
EPI_ISL_659125|2020-11-05	EPI_ISL_659125	England/CAMC-B325A1/2020	2020-11-05	2020-11-05	Europe	GBR	England	GBR	20A	B.1.406	Lighthouse Lab in Cambridge	Wellcome Sanger Institute for the COVID-19 Genomics UK (COG-UK) Consortium	Rob Howes et al	B.1.406	FALSE	TRUE	FALSE
EPI_ISL_659190|2020-11-05	EPI_ISL_659190	England/CAMC-B32583/2020	2020-11-05	2020-11-05	Europe	GBR	England	GBR	20A	B.1.406	Lighthouse Lab in Cambridge	Wellcome Sanger Institute for the COVID-19 Genomics UK (COG-UK) Consortium	Rob Howes et al	B.1.406	FALSE	TRUE	FALSE
EPI_ISL_679632|2020-11-02	EPI_ISL_679632	England/MILK-B3966B/2020	2020-11-02	2020-11-02	Europe	GBR	England	GBR	20A	B.1.406	Oxford Viromics, NDM, University of Oxford; Oxford University Hospitals; Basingstoke and North Hampshire Hospital	COVID-19 Genomics UK (COG-UK) Consortium	Tanya Golubchik et al	B.1.406	FALSE	TRUE	FALSE
EPI_ISL_857506|2020-12-04	EPI_ISL_857506	Switzerland/GR-SNRCI-3453/2020	2020-12-04	2020-12-04	Europe	CHE	Graubünden	CHE	20A	B.1.406	Swiss National Reference Centre for Influenza	Swiss National Reference Centre for Influenza	Ana Rita Goncalves et al	B.1.406	FALSE	FALSE	TRUE
EPI_ISL_899925|2020-12-25	EPI_ISL_899925	Switzerland/ZH-ETHZ-430838/2020	2020-12-25	2020-12-25	Europe	CHE	Zürich	CHE	20A	B.1.406	Viollier AG	Department of Biosystems Science and Engineering, ETH Zürich	Christian Beisel et al	B.1.406	FALSE	FALSE	TRUE
EPI_ISL_899926|2020-12-25	EPI_ISL_899926	Switzerland/ZH-ETHZ-430839/2020	2020-12-25	2020-12-25	Europe	CHE	Zürich	CHE	20A	B.1.406	Viollier AG	Department of Biosystems Science and Engineering, ETH Zürich	Christian Beisel et al	B.1.406	FALSE	FALSE	TRUE
EPI_ISL_918488|2020-10-15	EPI_ISL_918488	NorthMacedonia/16351/2020	2020-10-15	2020-10-15	Europe	MKD	Southeastern Region	MKD	20A	B.1.406	General Hospital - Strumica	Research Center for Genetic Engineering and Biotechnology "Georgi D. Efremov” , Macedonian Academy of Sciences and Arts	RCGEB - MASA et al	B.1.406	FALSE	TRUE	FALSE
EPI_ISL_933579|2020-10-28	EPI_ISL_933579	NorthMacedonia/17359/2020	2020-10-28	2020-10-28	Europe	MKD	Southeastern Region	MKD	20A	B.1.406	General Hospital - Strumica	Research Center for Genetic Engineering and Biotechnology "Georgi D. Efremov” , Macedonian Academy of Sciences and Arts	RCGEB - MASA et al	B.1.406	FALSE	TRUE	FALSE
EPI_ISL_944106|2020-12-18	EPI_ISL_944106	NorthMacedonia/28492/2020	2020-12-18	2020-12-18	Europe	MKD	Southeastern Region	MKD	20A	B.1.406	General Hospital - Strumica	Research Center for Genetic Engineering and Biotechnology "Georgi D. Efremov” , Macedonian Academy of Sciences and Arts	Aleksandar J. Dimovski et al	B.1.406	FALSE	TRUE	FALSE
