tree_label	gisaid_epi_isl	strain	date_str	date	region	iso_country	division	iso_country_exposure	nextstrain_clade	pangolin_lineage	originating_lab	submitting_lab	authors	tree_pangolin_lineage	travel_context	similarity_context	focal_sequence
EPI_ISL_1018191|2020-07-16	EPI_ISL_1018191	HongKong/HKPU-01608/2020	2020-07-16	2020-07-16	Asia	HKG	Hong Kong	HKG	20B	B.1.1.47	Department of Health Technology and Informatics, The Hong Kong Polytechnic University	Department of Health Technology and Informatics, The Hong Kong Polytechnic University	Gilman Kit-Hang Siu et al	B.1.1.47	FALSE	TRUE	FALSE
EPI_ISL_1018196|2020-07-17	EPI_ISL_1018196	HongKong/HKPU-01661/2020	2020-07-17	2020-07-17	Asia	HKG	Hong Kong	HKG	20B	B.1.1.47	Department of Health Technology and Informatics, The Hong Kong Polytechnic University	Department of Health Technology and Informatics, The Hong Kong Polytechnic University	Gilman Kit-Hang Siu et al	B.1.1.47	FALSE	TRUE	FALSE
EPI_ISL_1018231|2020-07-24	EPI_ISL_1018231	HongKong/HKPU-02269/2020	2020-07-24	2020-07-24	Asia	HKG	Hong Kong	HKG	20B	B.1.1.47	Department of Health Technology and Informatics, The Hong Kong Polytechnic University	Department of Health Technology and Informatics, The Hong Kong Polytechnic University	Gilman Kit-Hang Siu et al	B.1.1.47	FALSE	TRUE	FALSE
EPI_ISL_1018262|2020-08-02	EPI_ISL_1018262	HongKong/HKPU-03491/2020	2020-08-02	2020-08-02	Asia	HKG	Hong Kong	HKG	20B	B.1.1.47	Department of Health Technology and Informatics, The Hong Kong Polytechnic University	Department of Health Technology and Informatics, The Hong Kong Polytechnic University	Gilman Kit-Hang Siu et al	B.1.1.47	FALSE	TRUE	FALSE
EPI_ISL_1034438|2020-07-27	EPI_ISL_1034438	HongKong/HKU-201216-145/2020	2020-07-27	2020-07-27	Asia	HKG	Hong Kong	HKG	20B	B.1.1.47	Department of Microbiology, The University of Hong Kong	Department of Microbiology, The University of Hong Kong	Kelvin K.W. To et al	B.1.1.47	FALSE	TRUE	FALSE
EPI_ISL_1034692|2020-08-02	EPI_ISL_1034692	HongKong/HKU-201216-163/2020	2020-08-02	2020-08-02	Asia	HKG	Hong Kong	HKG	20B	B.1.1.47	Department of Microbiology, The University of Hong Kong	Department of Microbiology, The University of Hong Kong	Kelvin K.W. To et al	B.1.1.47	FALSE	TRUE	FALSE
EPI_ISL_1119848|2020-11-09	EPI_ISL_1119848	Switzerland/NE-ETHZ-500072/2020	2020-11-09	2020-11-09	Europe	CHE	Neuchâtel	CHE	20B	B.1.1.47	Viollier AG	Department of Biosystems Science and Engineering, ETH Zürich	Chaoran Chen et al	B.1.1.47	FALSE	FALSE	TRUE
EPI_ISL_1259953|2020-11-20	EPI_ISL_1259953	Switzerland/AG-ETHZ-520112/2020	2020-11-20	2020-11-20	Europe	CHE	Aargau	CHE	20B	B.1.1.47	Viollier AG	Department of Biosystems Science and Engineering, ETH Zürich	Christian Beisel et al	B.1.1.47	FALSE	FALSE	TRUE
EPI_ISL_1260000|2020-11-16	EPI_ISL_1260000	Switzerland/BE-ETHZ-510579/2020	2020-11-16	2020-11-16	Europe	CHE	Bern	CHE	20B	B.1.1.47	Viollier AG	Department of Biosystems Science and Engineering, ETH Zürich	Christian Beisel et al	B.1.1.47	FALSE	FALSE	TRUE
EPI_ISL_1260177|2020-11-25	EPI_ISL_1260177	Switzerland/BL-ETHZ-520179/2020	2020-11-25	2020-11-25	Europe	CHE	Basel-Land	CHE	20B	B.1.1.47	Viollier AG	Department of Biosystems Science and Engineering, ETH Zürich	Christian Beisel et al	B.1.1.47	FALSE	FALSE	TRUE
EPI_ISL_1260269|2020-11-20	EPI_ISL_1260269	Switzerland/OW-ETHZ-520109/2020	2020-11-20	2020-11-20	Europe	CHE	Obwalden	CHE	20B	B.1.1.47	Viollier AG	Department of Biosystems Science and Engineering, ETH Zürich	Christian Beisel et al	B.1.1.47	FALSE	FALSE	TRUE
EPI_ISL_1289899|2020-10-06	EPI_ISL_1289899	Slovenia/21-9344/2020	2020-10-06	2020-10-06	Europe	SVN	Koroska	SVN	20B	B.1.1.47	Department of Public Health Microbiology Ljubljana, National Laboratory for Health, Environment and Food	Department of Public Health Microbiology Ljubljana, National Laboratory for Health, Environment and Food	José Gonçalves et al	B.1.1.47	FALSE	TRUE	FALSE
EPI_ISL_1402204|2020-09-28	EPI_ISL_1402204	Slovenia/21-8449/2020	2020-09-28	2020-09-28	Europe	SVN	Koroska	SVN	20B	B.1.1.47	Department of Public Health Microbiology Ljubljana, National Laboratory for Health, Environment and Food	Department of Public Health Microbiology Ljubljana, National Laboratory for Health, Environment and Food	Tom Koritnik et al	B.1.1.47	FALSE	TRUE	FALSE
EPI_ISL_1408265|2020-11-23	EPI_ISL_1408265	Switzerland/BL-ETHZ-520519/2020	2020-11-23	2020-11-23	Europe	CHE	Basel-Land	CHE	20B	B.1.1.47	Viollier AG	Department of Biosystems Science and Engineering, ETH Zürich	Chaoran Chen et al	B.1.1.47	FALSE	FALSE	TRUE
EPI_ISL_1496231|2020-10-31	EPI_ISL_1496231	Switzerland/BL-ETHZ-350041/2020	2020-10-31	2020-10-31	Europe	CHE	Basel-Land	CHE	20B	B.1.1.47	Viollier AG	Department of Biosystems Science and Engineering, ETH Zürich	Christian Beisel et al	B.1.1.47	FALSE	FALSE	TRUE
EPI_ISL_1510942|2020-07-20	EPI_ISL_1510942	Slovenia/58395/2020	2020-07-20	2020-07-20	Europe	SVN	Slovenia	SVN	20B	B.1.1.47	Institute of Microbiology and Immunology, Faculty of Medicine, University of Ljubljana	Institute of Microbiology and Immunology, Faculty of Medicine, University of Ljubljana	Alen Suljič et al	B.1.1.47	FALSE	TRUE	FALSE
EPI_ISL_1599043|2020-12-13	EPI_ISL_1599043	Switzerland/SO-ETHZ-550690/2020	2020-12-13	2020-12-13	Europe	CHE	Solothurn	CHE	20B	B.1.1.47	Viollier AG	Department of Biosystems Science and Engineering, ETH Zürich	Chaoran Chen et al	B.1.1.47	FALSE	FALSE	TRUE
EPI_ISL_1750917|2020-12-28	EPI_ISL_1750917	Switzerland/ZH-ETHZ-580862/2020	2020-12-28	2020-12-28	Europe	CHE	Zürich	CHE	20B	B.1.1.47	Viollier AG	Department of Biosystems Science and Engineering, ETH Zürich	Chaoran Chen et al	B.1.1.47	FALSE	FALSE	TRUE
EPI_ISL_1811332|2020-07	EPI_ISL_1811332	HongKong/VM20044258/2020	2020-07	2020-07-01	Asia	HKG	Hong Kong	HKG	20B	B.1.1.47	Hong Kong Department of Health	School of Public Health, The University of Hong Kong	Dominic N.C. Tsang et al	B.1.1.47	FALSE	TRUE	FALSE
EPI_ISL_1820793|2020-10-23	EPI_ISL_1820793	Norway/5089/2020	2020-10-23	2020-10-23	Europe	NOR	Viken	NOR	20B	B.1.1.47	Norwegian Institute of Public Health, Department of Virology	Norwegian Institute of Public Health, Department of Virology	Kathrine Stene-Johansen et al	B.1.1.47	FALSE	TRUE	FALSE
EPI_ISL_1914442|2020-07	EPI_ISL_1914442	HongKong/VM200-44233/2020	2020-07	2020-07-01	Asia	HKG	Hong Kong	HKG	20B	B.1.1.47	Hong Kong Department of Health	School of Public Health, The University of Hong Kong	Dominic N.C. Tsang et al	B.1.1.47	FALSE	TRUE	FALSE
EPI_ISL_1930644|2020-07	EPI_ISL_1930644	HongKong/VM20070129/2020	2020-07	2020-07-01	Asia	HKG	Hong Kong	HKG	20B	B.1.1.47	Hong Kong Department of Health	School of Public Health, The University of Hong Kong	Dominic N.C. Tsang et al	B.1.1.47	FALSE	TRUE	FALSE
EPI_ISL_2142845|2020-07	EPI_ISL_2142845	HongKong/VM20029490-1/2020	2020-07	2020-07-01	Asia	HKG	Hong Kong	HKG	20B	B.1.1.47	Hong Kong Department of Health	School of Public Health, The University of Hong Kong	Dominic N.C. Tsang et al	B.1.1.47	FALSE	TRUE	FALSE
EPI_ISL_402125|2019-12-26	EPI_ISL_402125	Wuhan/Hu-1/2019	2019-12-26	2019-12-26	Asia	CHN	Hubei	CHN	19A	B	National Institute for Communicable Disease Control and Prevention (ICDC) Chinese Center for Disease Control and Prevention (China CDC)	National Institute for Communicable Disease Control and Prevention (ICDC) Chinese Center for Disease Control and Prevention (China CDC)	Zhang et al	B	FALSE	FALSE	FALSE
EPI_ISL_406798|2019-12-26	EPI_ISL_406798	Wuhan/WH01/2019	2019-12-26	2019-12-26	Asia	CHN	Hubei	CHN	19A	B	General Hospital of Central Theater Command of People's Liberation Army of China	BGI & Institute of Microbiology, Chinese Academy of Sciences & Shandong First Medical University & Shandong Academy of Medical Sciences & General Hospital of Central Theater Command of People's Liberation Army of China	Weijun Chen et al	B	FALSE	FALSE	FALSE
EPI_ISL_489977|2020-07-01	EPI_ISL_489977	Switzerland/VD-ETHZ-180039/2020	2020-07-01	2020-07-01	Europe	CHE	Vaud	CHE	20B	B.1.1.47	Viollier AG	Department of Biosystems Science and Engineering, ETH Zürich	Christian Beisel et al	B.1.1.47	FALSE	FALSE	TRUE
EPI_ISL_498562|2020-07-07	EPI_ISL_498562	Italy/FVG-ICGEB-S217/2020	2020-07-07	2020-07-07	Europe	ITA	Friuli Venezia Giulia	KOS	20B	B.1.1.47	Laboratory of Molecular Virology International Center for Genetic Engineering and Biotechnology (ICGEB)	ARGO Open Lab Platform for Genome Sequencing	Licastro D et al	B.1.1.47	FALSE	TRUE	FALSE
EPI_ISL_510538|2020-07-21	EPI_ISL_510538	HongKong/HKU-200723-107/2020	2020-07-21	2020-07-21	Asia	HKG	Hong Kong	HKG	20B	B.1.1.47	Department of Microbiology, The University of Hong Kong	Department of Microbiology, The University of Hong Kong	Kelvin K.W. To et al	B.1.1.47	FALSE	TRUE	FALSE
EPI_ISL_510706|2020-07-14	EPI_ISL_510706	Switzerland/ZH-ETHZ-200017/2020	2020-07-14	2020-07-14	Europe	CHE	Zürich	CHE	20B	B.1.1.47	Viollier AG	Department of Biosystems Science and Engineering, ETH Zürich	Christian Beisel et al	B.1.1.47	FALSE	FALSE	TRUE
EPI_ISL_510719|2020-07-14	EPI_ISL_510719	Switzerland/AG-ETHZ-200030/2020	2020-07-14	2020-07-14	Europe	CHE	Aargau	CHE	20B	B.1.1.47	Viollier AG	Department of Biosystems Science and Engineering, ETH Zürich	Christian Beisel et al	B.1.1.47	FALSE	FALSE	TRUE
EPI_ISL_510722|2020-07-15	EPI_ISL_510722	Switzerland/ZH-ETHZ-200033/2020	2020-07-15	2020-07-15	Europe	CHE	Zürich	CHE	20B	B.1.1.47	Viollier AG	Department of Biosystems Science and Engineering, ETH Zürich	Christian Beisel et al	B.1.1.47	FALSE	FALSE	TRUE
EPI_ISL_510738|2020-07-12	EPI_ISL_510738	Switzerland/ZH-ETHZ-200054/2020	2020-07-12	2020-07-12	Europe	CHE	Zürich	CHE	20B	B.1.1.47	Viollier AG	Department of Biosystems Science and Engineering, ETH Zürich	Christian Beisel et al	B.1.1.47	FALSE	FALSE	TRUE
EPI_ISL_510746|2020-07-14	EPI_ISL_510746	Switzerland/VD-ETHZ-200065/2020	2020-07-14	2020-07-14	Europe	CHE	Vaud	CHE	20B	B.1.1.47	Viollier AG	Department of Biosystems Science and Engineering, ETH Zürich	Christian Beisel et al	B.1.1.47	FALSE	FALSE	TRUE
EPI_ISL_510760|2020-07-20	EPI_ISL_510760	Switzerland/ZH-ETHZ-210013/2020	2020-07-20	2020-07-20	Europe	CHE	Zürich	CHE	20B	B.1.1.47	Viollier AG	Department of Biosystems Science and Engineering, ETH Zürich	Christian Beisel et al	B.1.1.47	FALSE	FALSE	TRUE
EPI_ISL_510779|2020-07-23	EPI_ISL_510779	Switzerland/BE-ETHZ-210038/2020	2020-07-23	2020-07-23	Europe	CHE	Bern	CHE	20B	B.1.1.47	Viollier AG	Department of Biosystems Science and Engineering, ETH Zürich	Christian Beisel et al	B.1.1.47	FALSE	FALSE	TRUE
EPI_ISL_510785|2020-07-17	EPI_ISL_510785	Switzerland/ZH-ETHZ-210047/2020	2020-07-17	2020-07-17	Europe	CHE	Zürich	CHE	20B	B.1.1.47	Viollier AG	Department of Biosystems Science and Engineering, ETH Zürich	Christian Beisel et al	B.1.1.47	FALSE	FALSE	TRUE
EPI_ISL_510800|2020-07-22	EPI_ISL_510800	Switzerland/SO-ETHZ-210070/2020	2020-07-22	2020-07-22	Europe	CHE	Solothurn	CHE	20B	B.1.1.47	Viollier AG	Department of Biosystems Science and Engineering, ETH Zürich	Christian Beisel et al	B.1.1.47	FALSE	FALSE	TRUE
EPI_ISL_512005|2020-07-27	EPI_ISL_512005	Switzerland/VD-ETHZ-220022/2020	2020-07-27	2020-07-27	Europe	CHE	Vaud	CHE	20B	B.1.1.47	Viollier AG	Department of Biosystems Science and Engineering, ETH Zürich	Christian Beisel et al	B.1.1.47	FALSE	FALSE	TRUE
EPI_ISL_512009|2020-07-28	EPI_ISL_512009	Switzerland/BE-ETHZ-220026/2020	2020-07-28	2020-07-28	Europe	CHE	Bern	CHE	20B	B.1.1.47	Viollier AG	Department of Biosystems Science and Engineering, ETH Zürich	Christian Beisel et al	B.1.1.47	FALSE	FALSE	TRUE
EPI_ISL_512012|2020-07-28	EPI_ISL_512012	Switzerland/ZH-ETHZ-220029/2020	2020-07-28	2020-07-28	Europe	CHE	Zürich	CHE	20B	B.1.1.47	Viollier AG	Department of Biosystems Science and Engineering, ETH Zürich	Christian Beisel et al	B.1.1.47	FALSE	FALSE	TRUE
EPI_ISL_512020|2020-07-30	EPI_ISL_512020	Switzerland/ZH-ETHZ-220040/2020	2020-07-30	2020-07-30	Europe	CHE	Zürich	CHE	20B	B.1.1.47	Viollier AG	Department of Biosystems Science and Engineering, ETH Zürich	Christian Beisel et al	B.1.1.47	FALSE	FALSE	TRUE
EPI_ISL_512032|2020-07-25	EPI_ISL_512032	Switzerland/AG-ETHZ-220063/2020	2020-07-25	2020-07-25	Europe	CHE	Aargau	CHE	20B	B.1.1.47	Viollier AG	Department of Biosystems Science and Engineering, ETH Zürich	Christian Beisel et al	B.1.1.47	FALSE	FALSE	TRUE
EPI_ISL_512040|2020-07-26	EPI_ISL_512040	Switzerland/ZH-ETHZ-220071/2020	2020-07-26	2020-07-26	Europe	CHE	Zürich	CHE	20B	B.1.1.47	Viollier AG	Department of Biosystems Science and Engineering, ETH Zürich	Christian Beisel et al	B.1.1.47	FALSE	FALSE	TRUE
EPI_ISL_532586|2020-07-27	EPI_ISL_532586	England/QEUH-943ED1/2020	2020-07-27	2020-07-27	Europe	GBR	England	GBR	20B	B.1.1.47	Lighthouse Lab in Glasgow	Wellcome Sanger Institute for the COVID-19 Genomics UK (COG-UK) consortium	Harper VanSteenhouse et al	B.1.1.47	FALSE	TRUE	FALSE
EPI_ISL_556537|2020-07-17	EPI_ISL_556537	England/CAMC-9491D2/2020	2020-07-17	2020-07-17	Europe	GBR	England	GBR	20B	B.1.1.47	Lighthouse Lab in Cambridge	Wellcome Sanger Institute for the COVID-19 Genomics UK (COG-UK) consortium	Rob Howes et al	B.1.1.47	FALSE	TRUE	FALSE
EPI_ISL_556652|2020-07-17	EPI_ISL_556652	England/CAMC-94C087/2020	2020-07-17	2020-07-17	Europe	GBR	England	GBR	20B	B.1.1.47	Lighthouse Lab in Cambridge	Wellcome Sanger Institute for the COVID-19 Genomics UK (COG-UK) consortium	Rob Howes et al	B.1.1.47	FALSE	TRUE	FALSE
EPI_ISL_557338|2020-07-18	EPI_ISL_557338	England/MILK-8262F7/2020	2020-07-18	2020-07-18	Europe	GBR	England	GBR	20B	B.1.1.47	Lighthouse Lab in Milton Keynes	Wellcome Sanger Institute for the COVID-19 Genomics UK (COG-UK) consortium	The Lighthouse Lab in Milton Keynes et al	B.1.1.47	FALSE	TRUE	FALSE
EPI_ISL_557508|2020-07-17	EPI_ISL_557508	England/MILK-871433/2020	2020-07-17	2020-07-17	Europe	GBR	England	GBR	20B	B.1.1.47	Lighthouse Lab in Milton Keynes	Wellcome Sanger Institute for the COVID-19 Genomics UK (COG-UK) consortium	The Lighthouse Lab in Milton Keynes et al	B.1.1.47	FALSE	TRUE	FALSE
EPI_ISL_557542|2020-07-17	EPI_ISL_557542	England/MILK-871530/2020	2020-07-17	2020-07-17	Europe	GBR	England	GBR	20B	B.1.1.47	Lighthouse Lab in Milton Keynes	Wellcome Sanger Institute for the COVID-19 Genomics UK (COG-UK) consortium	The Lighthouse Lab in Milton Keynes et al	B.1.1.47	FALSE	TRUE	FALSE
EPI_ISL_590892|2020-09-11	EPI_ISL_590892	Norway/3413/2020	2020-09-11	2020-09-11	Europe	NOR	Viken	NOR	20B	B.1.1.47	Akershus University Hospital, Department for Microbiology and Infectious Disease Control	Norwegian Institute of Public Health, Department of Virology	Kathrine Stene-Johansen et al	B.1.1.47	FALSE	TRUE	FALSE
EPI_ISL_618354|2020-07-27	EPI_ISL_618354	Denmark/DCGC-2095/2020	2020-07-27	2020-07-27	Europe	DNK	Sjaelland	DNK	20B	B.1.1.47	Department of Virus and Microbiological Special Diagnostics, Statens Serum Institut, Denmark	Albertsen lab, Department of Chemistry and Bioscience, Aalborg University, Denmark	Danish Covid-19 Genome Consortia et al	B.1.1.47	FALSE	TRUE	FALSE
EPI_ISL_618355|2020-07-27	EPI_ISL_618355	Denmark/DCGC-2096/2020	2020-07-27	2020-07-27	Europe	DNK	Sjaelland	DNK	20B	B.1.1.47	Department of Virus and Microbiological Special Diagnostics, Statens Serum Institut, Denmark	Albertsen lab, Department of Chemistry and Bioscience, Aalborg University, Denmark	Danish Covid-19 Genome Consortia et al	B.1.1.47	FALSE	TRUE	FALSE
EPI_ISL_618356|2020-07-27	EPI_ISL_618356	Denmark/DCGC-2097/2020	2020-07-27	2020-07-27	Europe	DNK	Sjaelland	DNK	20B	B.1.1.47	Department of Virus and Microbiological Special Diagnostics, Statens Serum Institut, Denmark	Albertsen lab, Department of Chemistry and Bioscience, Aalborg University, Denmark	Danish Covid-19 Genome Consortia et al	B.1.1.47	FALSE	TRUE	FALSE
EPI_ISL_635085|2020-10-22	EPI_ISL_635085	Norway/4993/2020	2020-10-22	2020-10-22	Europe	NOR	Oslo	NOR	20B	B.1.1.47	Oslo University Hospital, Department of Medical Microbiology	Norwegian Institute of Public Health, Department of Virology	Kathrine Stene-Johansen et al	B.1.1.47	FALSE	TRUE	FALSE
EPI_ISL_674259|2020-11-13	EPI_ISL_674259	England/MILK-B88427/2020	2020-11-13	2020-11-13	Europe	GBR	England	GBR	20B	B.1.1.47	Lighthouse Lab in Milton Keynes	Wellcome Sanger Institute for the COVID-19 Genomics UK (COG-UK) Consortium	The Lighthouse Lab in Milton Keynes et al	B.1.1.47	FALSE	TRUE	FALSE
EPI_ISL_676502|2020-11-20	EPI_ISL_676502	Sweden/20-53499/2020	2020-11-20	2020-11-20	Europe	SWE	Halland	SWE	20B	B.1.1.47	Klinisk mikrobiologi	The Public Health Agency of Sweden	Department of Microbiology et al	B.1.1.47	FALSE	TRUE	FALSE
EPI_ISL_693997|2020-11-19	EPI_ISL_693997	Switzerland/ZH-ETHZ-370515/2020	2020-11-19	2020-11-19	Europe	CHE	Zürich	CHE	20B	B.1.1.47	Viollier AG	Department of Biosystems Science and Engineering, ETH Zürich	Christian Beisel et al	B.1.1.47	FALSE	FALSE	TRUE
EPI_ISL_708033|2020-10-21	EPI_ISL_708033	Norway/4992/2020	2020-10-21	2020-10-21	Europe	NOR	Oslo	NOR	20B	B.1.1.47	Oslo University Hospital, Department of Medical Microbiology	Norwegian Institute of Public Health, Department of Virology	Kathrine Stene-Johansen et al	B.1.1.47	FALSE	TRUE	FALSE
EPI_ISL_737036|2020-08-10	EPI_ISL_737036	Finland/S24C2/2020	2020-08-10	2020-08-10	Europe	FIN	Uusimaa	FIN	20B	B.1.1.47	Department of Virology and Immunology, University of Helsinki and Helsinki University Hospital, Huslab Finland	Department of Virology, Faculty of Medicine, University of Helsinki, Helsinki, Finland	Teemu Smura et al	B.1.1.47	FALSE	TRUE	FALSE
EPI_ISL_737071|2020-10-11	EPI_ISL_737071	Finland/S11AF5/2020	2020-10-11	2020-10-11	Europe	FIN	Uusimaa	FIN	20B	B.1.1.47	Department of Virology and Immunology, University of Helsinki and Helsinki University Hospital, Huslab Finland	Department of Virology, Faculty of Medicine, University of Helsinki, Helsinki, Finland	Teemu Smura et al	B.1.1.47	FALSE	TRUE	FALSE
EPI_ISL_753977|2020-08-05	EPI_ISL_753977	Germany/BE-ChVir-W1642-6757/2020	2020-08-05	2020-08-05	Europe	DEU	Berlin	DEU	20B	B.1.1.47	Charité Universitätsmedizin Berlin, Institut für Virologie/Labor Berlin	Charité Universitätsmedizin Berlin, Institut für Virologie	Victor M Corman et al	B.1.1.47	FALSE	TRUE	FALSE
EPI_ISL_753978|2020-08-05	EPI_ISL_753978	Germany/BE-ChVir-W1644-6714/2020	2020-08-05	2020-08-05	Europe	DEU	Berlin	DEU	20B	B.1.1.47	Charité Universitätsmedizin Berlin, Institut für Virologie/Labor Berlin	Charité Universitätsmedizin Berlin, Institut für Virologie	Victor M Corman et al	B.1.1.47	FALSE	TRUE	FALSE
EPI_ISL_755951|2020-10-09	EPI_ISL_755951	Finland/9LS16AE12/2020	2020-10-09	2020-10-09	Europe	FIN	Uusimaa	FIN	20B	B.1.1.47	Department of Virology and Immunology, University of Helsinki and Helsinki University Hospital, Huslab Finland	Department of Virology, Faculty of Medicine, University of Helsinki, Helsinki, Finland	Teemu Smura et al	B.1.1.47	FALSE	TRUE	FALSE
EPI_ISL_756022|2020-10-07	EPI_ISL_756022	Finland/7LS13C3/2020	2020-10-07	2020-10-07	Europe	FIN	Uusimaa	FIN	20B	B.1.1.47	Department of Virology and Immunology, University of Helsinki and Helsinki University Hospital, Huslab Finland	Department of Virology, Faculty of Medicine, University of Helsinki, Helsinki, Finland	Teemu Smura et al	B.1.1.47	FALSE	TRUE	FALSE
EPI_ISL_756064|2020-10-05	EPI_ISL_756064	Finland/5LS5G3/2020	2020-10-05	2020-10-05	Europe	FIN	Uusimaa	FIN	20B	B.1.1.47	Department of Virology and Immunology, University of Helsinki and Helsinki University Hospital, Huslab Finland	Department of Virology, Faculty of Medicine, University of Helsinki, Helsinki, Finland	Teemu Smura et al	B.1.1.47	FALSE	TRUE	FALSE
EPI_ISL_756080|2020-10-06	EPI_ISL_756080	Finland/6LS18F5/2020	2020-10-06	2020-10-06	Europe	FIN	Uusimaa	FIN	20B	B.1.1.47	Department of Virology and Immunology, University of Helsinki and Helsinki University Hospital, Huslab Finland	Department of Virology, Faculty of Medicine, University of Helsinki, Helsinki, Finland	Teemu Smura et al	B.1.1.47	FALSE	TRUE	FALSE
EPI_ISL_756095|2020-10-03	EPI_ISL_756095	Finland/3LS14AG3/2020	2020-10-03	2020-10-03	Europe	FIN	Uusimaa	FIN	20B	B.1.1.47	Department of Virology and Immunology, University of Helsinki and Helsinki University Hospital, Huslab Finland	Department of Virology, Faculty of Medicine, University of Helsinki, Helsinki, Finland	Teemu Smura et al	B.1.1.47	FALSE	TRUE	FALSE
EPI_ISL_756102|2020-10-03	EPI_ISL_756102	Finland/3LS22E11/2020	2020-10-03	2020-10-03	Europe	FIN	Uusimaa	FIN	20B	B.1.1.47	Department of Virology and Immunology, University of Helsinki and Helsinki University Hospital, Huslab Finland	Department of Virology, Faculty of Medicine, University of Helsinki, Helsinki, Finland	Teemu Smura et al	B.1.1.47	FALSE	TRUE	FALSE
EPI_ISL_756166|2020-08-15	EPI_ISL_756166	Finland/15ES7C1/2020	2020-08-15	2020-08-15	Europe	FIN	Uusimaa	FIN	20B	B.1.1.47	Department of Virology and Immunology, University of Helsinki and Helsinki University Hospital, Huslab Finland	Department of Virology, Faculty of Medicine, University of Helsinki, Helsinki, Finland	Teemu Smura et al	B.1.1.47	FALSE	TRUE	FALSE
EPI_ISL_757347|2020-10-01	EPI_ISL_757347	Finland/1LS13B5/2020	2020-10-01	2020-10-01	Europe	FIN	Uusimaa	FIN	20B	B.1.1.47	Department of Virology and Immunology, University of Helsinki and Helsinki University Hospital, Huslab Finland	Department of Virology, Faculty of Medicine, University of Helsinki, Helsinki, Finland	Teemu Smura et al	B.1.1.47	FALSE	TRUE	FALSE
EPI_ISL_757348|2020-10-01	EPI_ISL_757348	Finland/1LS13C7/2020	2020-10-01	2020-10-01	Europe	FIN	Uusimaa	FIN	20B	B.1.1.47	Department of Virology and Immunology, University of Helsinki and Helsinki University Hospital, Huslab Finland	Department of Virology, Faculty of Medicine, University of Helsinki, Helsinki, Finland	Teemu Smura et al	B.1.1.47	FALSE	TRUE	FALSE
EPI_ISL_759808|2020-09-23	EPI_ISL_759808	Finland/23SS9F1/2020	2020-09-23	2020-09-23	Europe	FIN	Uusimaa	FIN	20B	B.1.1.47	Department of Virology and Immunology, University of Helsinki and Helsinki University Hospital, Huslab Finland	Department of Virology, Faculty of Medicine, University of Helsinki, Helsinki, Finland	Teemu Smura et al	B.1.1.47	FALSE	TRUE	FALSE
EPI_ISL_759946|2020-09-26	EPI_ISL_759946	Finland/26SS4F7/2020	2020-09-26	2020-09-26	Europe	FIN	Uusimaa	FIN	20B	B.1.1.47	Department of Virology and Immunology, University of Helsinki and Helsinki University Hospital, Huslab Finland	Department of Virology, Faculty of Medicine, University of Helsinki, Helsinki, Finland	Teemu Smura et al	B.1.1.47	FALSE	TRUE	FALSE
EPI_ISL_815279|2020-08-18	EPI_ISL_815279	Germany/HE-Cento-37501492/2020	2020-08-18	2020-08-18	Europe	DEU	Hesse	DEU	20B	B.1.1.47	Centogene	Centogene	Peter Bauer et al	B.1.1.47	FALSE	TRUE	FALSE
EPI_ISL_815316|2020-08-11	EPI_ISL_815316	Germany/HE-Cento-37830246/2020	2020-08-11	2020-08-11	Europe	DEU	Hesse	DEU	20B	B.1.1.47	Centogene	Centogene	Peter Bauer et al	B.1.1.47	FALSE	TRUE	FALSE
EPI_ISL_815321|2020-07-11	EPI_ISL_815321	Germany/TH-Cento-36547931/2020	2020-07-11	2020-07-11	Europe	DEU	Thuringia	DEU	20B	B.1.1.47	Centogene	Centogene	Peter Bauer et al	B.1.1.47	FALSE	TRUE	FALSE
EPI_ISL_853887|2020-07-13	EPI_ISL_853887	Austria/CeMM1329/2020	2020-07-13	2020-07-13	Europe	AUT	Vienna	AUT	20B	B.1.1.47	Center for Virology, Medical University of Vienna	Bergthaler laboratory, CeMM Research Center for Molecular Medicine of the Austrian Academy of Sciences	Lukas Endler et al	B.1.1.47	FALSE	TRUE	FALSE
EPI_ISL_862061|2020-09-30	EPI_ISL_862061	Finland/30SS18F7/2020	2020-09-30	2020-09-30	Europe	FIN	Uusimaa	FIN	20B	B.1.1.47	Department of Virology and Immunology, University of Helsinki and Helsinki University Hospital, Huslab Finland	Department of Virology, Faculty of Medicine, University of Helsinki, Helsinki, Finland	Teemu Smura et al	B.1.1.47	FALSE	TRUE	FALSE
EPI_ISL_862068|2020-09-30	EPI_ISL_862068	Finland/30SS4A11/2020	2020-09-30	2020-09-30	Europe	FIN	Uusimaa	FIN	20B	B.1.1.47	Department of Virology and Immunology, University of Helsinki and Helsinki University Hospital, Huslab Finland	Department of Virology, Faculty of Medicine, University of Helsinki, Helsinki, Finland	Teemu Smura et al	B.1.1.47	FALSE	TRUE	FALSE
EPI_ISL_862100|2020-09-29	EPI_ISL_862100	Finland/29SS9H5/2020	2020-09-29	2020-09-29	Europe	FIN	Uusimaa	FIN	20B	B.1.1.47	Department of Virology and Immunology, University of Helsinki and Helsinki University Hospital, Huslab Finland	Department of Virology, Faculty of Medicine, University of Helsinki, Helsinki, Finland	Teemu Smura et al	B.1.1.47	FALSE	TRUE	FALSE
EPI_ISL_931338|2020-10-31	EPI_ISL_931338	Switzerland/BS-UHB-42514743/2020	2020-10-31	2020-10-31	Europe	CHE	Basel-Land	CHE	20E (EU1)	B.1.1.47	University Hospital Basel, Clinical Virology	University Hospital Basel, Clinical Bacteriology	Tim Roloff et al	B.1.1.47	FALSE	FALSE	TRUE
EPI_ISL_960074|2020-08-09	EPI_ISL_960074	Germany/HH-HPI-p3002/2020	2020-08-09	2020-08-09	Europe	DEU	Hamburg	DEU	20B	B.1.1.47	University Medical Center Hamburg Eppendorf	Heinrich Pette Institute, Leibniz Institute for Experimental Virology	Alexis Robitaille et al	B.1.1.47	FALSE	TRUE	FALSE
EPI_ISL_960077|2020-08-07	EPI_ISL_960077	Germany/HH-HPI-p2820/2020	2020-08-07	2020-08-07	Europe	DEU	Hamburg	DEU	20B	B.1.1.47	University Medical Center Hamburg Eppendorf	Heinrich Pette Institute, Leibniz Institute for Experimental Virology	Alexis Robitaille et al	B.1.1.47	FALSE	TRUE	FALSE
