tree_label	gisaid_epi_isl	strain	date_str	date	region	iso_country	division	iso_country_exposure	nextstrain_clade	pangolin_lineage	originating_lab	submitting_lab	authors	tree_pangolin_lineage	travel_context	similarity_context	focal_sequence
EPI_ISL_402125|2019-12-26	EPI_ISL_402125	Wuhan/Hu-1/2019	2019-12-26	2019-12-26	Asia	CHN	Hubei	CHN	19A	B	National Institute for Communicable Disease Control and Prevention (ICDC) Chinese Center for Disease Control and Prevention (China CDC)	National Institute for Communicable Disease Control and Prevention (ICDC) Chinese Center for Disease Control and Prevention (China CDC)	Zhang et al	B	FALSE	FALSE	FALSE
EPI_ISL_406798|2019-12-26	EPI_ISL_406798	Wuhan/WH01/2019	2019-12-26	2019-12-26	Asia	CHN	Hubei	CHN	19A	B	General Hospital of Central Theater Command of People's Liberation Army of China	BGI & Institute of Microbiology, Chinese Academy of Sciences & Shandong First Medical University & Shandong Academy of Medical Sciences & General Hospital of Central Theater Command of People's Liberation Army of China	Weijun Chen et al	B	FALSE	FALSE	FALSE
EPI_ISL_733355|2020-11-13	EPI_ISL_733355	Russia/MUR-RII-MH6168S/2020	2020-11-13	2020-11-13	Europe	RUS	Murmansk	RUS	20B	B.1.1.336	HELIX LLC	WHO National Influenza Centre Russian Federation	Andrey Komissarov et al	B.1.1.336	FALSE	TRUE	FALSE
EPI_ISL_733389|2020-11-10	EPI_ISL_733389	Russia/SPE-RII-MH6358S/2020	2020-11-10	2020-11-10	Europe	RUS	Saint-Petersburg	RUS	20B	B.1.1.336	HELIX LLC	WHO National Influenza Centre Russian Federation	Andrey Komissarov et al	B.1.1.336	FALSE	TRUE	FALSE
EPI_ISL_737758|2020-11-30	EPI_ISL_737758	Switzerland/GE-ETHZ-410908/2020	2020-11-30	2020-11-30	Europe	CHE	Geneva	CHE	20B	B.1.1.336	Viollier AG	Department of Biosystems Science and Engineering, ETH Zürich	Chaoran Chen et al	B.1.1.336	FALSE	FALSE	TRUE
