tree_label	gisaid_epi_isl	strain	date_str	date	region	iso_country	division	iso_country_exposure	nextstrain_clade	pangolin_lineage	originating_lab	submitting_lab	authors	tree_pangolin_lineage	travel_context	similarity_context	focal_sequence
EPI_ISL_1005568|2020-11-23	EPI_ISL_1005568	Mexico/CMX-INMEGEN-12-04-10/2020	2020-11-23	2020-11-23	North America	MEX	Mexico City	MEX	20B	B.1.1.519	Instituto Nacional de Medicina Genomica	Instituto Nacional de Medicina Genomica	Hidalgo-Miranda A et al	B.1.1.519	FALSE	TRUE	FALSE
EPI_ISL_1005572|2020-12-22	EPI_ISL_1005572	Mexico/CMX-INMEGEN-12-04-14/2020	2020-12-22	2020-12-22	North America	MEX	Mexico City	MEX	20B	B.1.1.519	Instituto Nacional de Medicina Genomica	Instituto Nacional de Medicina Genomica	Hidalgo-Miranda A et al	B.1.1.519	FALSE	TRUE	FALSE
EPI_ISL_1005667|2020-12-26	EPI_ISL_1005667	Mexico/CMX-INMEGEN-01-01-17/2020	2020-12-26	2020-12-26	North America	MEX	Mexico City	MEX	20B	B.1.1.519	Instituto Nacional de Medicina Genomica	Instituto Nacional de Medicina Genomica	Hidalgo-Miranda A et al	B.1.1.519	FALSE	TRUE	FALSE
EPI_ISL_1027643|2020-12-27	EPI_ISL_1027643	Kosovo/ChVir23118/2020	2020-12-27	2020-12-27	Europe	KOS	Kosovo	KOS	20B	B.1.1.519	Department of Microbiology, National Institute for Public Health of Kosova	Charité Universitätsmedizin Berlin, Institut für Virologie	Victor M Corman et al	B.1.1.519	FALSE	TRUE	FALSE
EPI_ISL_1227649|2020-12-28	EPI_ISL_1227649	USA/NY-Wadsworth-21013994-01/2020	2020-12-28	2020-12-28	North America	USA	New York	USA	20B	B.1.1.519	MEMORIAL SLOAN KETTERING CANCER CENTER	Wadsworth Center, New York State Department of Health	Kirsten St. George et al	B.1.1.519	FALSE	TRUE	FALSE
EPI_ISL_1228072|2020-12-26	EPI_ISL_1228072	USA/NY-Wadsworth-21013984-01/2020	2020-12-26	2020-12-26	North America	USA	New York	USA	20B	B.1.1.519	MEMORIAL SLOAN KETTERING CANCER CENTER	Wadsworth Center, New York State Department of Health	Kirsten St. George et al	B.1.1.519	FALSE	TRUE	FALSE
EPI_ISL_1259992|2020-12-21	EPI_ISL_1259992	Switzerland/BE-ETHZ-420502/2020	2020-12-21	2020-12-21	Europe	CHE	Bern	CHE	20B	B.1.1.519	Viollier AG	Department of Biosystems Science and Engineering, ETH Zürich	Chaoran Chen et al	B.1.1.519	FALSE	FALSE	TRUE
EPI_ISL_1302383|2020-12-08	EPI_ISL_1302383	Mexico/CMX-INER-IBT-98/2020	2020-12-08	2020-12-08	North America	MEX	Mexico City	MEX	20B	B.1.1.519	Instituto Nacional de Enfermedades Respiratorias (INER)	Instituto de Biotecnología de la UNAM	Authors from IBT et al	B.1.1.519	FALSE	TRUE	FALSE
EPI_ISL_1302389|2020-12-03	EPI_ISL_1302389	Mexico/CMX-INER-IBT-102/2020	2020-12-03	2020-12-03	North America	MEX	Mexico City	MEX	20B	B.1.1.519	Instituto Nacional de Enfermedades Respiratorias (INER)	Instituto de Biotecnología de la UNAM	Authors from IBT et al	B.1.1.519	FALSE	TRUE	FALSE
EPI_ISL_1302391|2020-12-04	EPI_ISL_1302391	Mexico/CMX-INER-IBT-100/2020	2020-12-04	2020-12-04	North America	MEX	Mexico City	MEX	20B	B.1.1.519	Instituto Nacional de Enfermedades Respiratorias (INER)	Instituto de Biotecnología de la UNAM	Authors from IBT et al	B.1.1.519	FALSE	TRUE	FALSE
EPI_ISL_1302394|2020-12-05	EPI_ISL_1302394	Mexico/CMX-INER-IBT-94/2020	2020-12-05	2020-12-05	North America	MEX	Mexico City	MEX	20B	B.1.1.519	Instituto Nacional de Enfermedades Respiratorias (INER)	Instituto de Biotecnología de la UNAM	Authors from IBT et al	B.1.1.519	FALSE	TRUE	FALSE
EPI_ISL_1302397|2020-12-22	EPI_ISL_1302397	Mexico/PUE-InDRE-IBT-149/2020	2020-12-22	2020-12-22	North America	MEX	Puebla	MEX	20B	B.1.1.519	Instituto de Diagnostico y Referencia Epidemiologicos InDRE_RNLSP	Instituto de Biotecnología de la UNAM	Authors from IBT et al	B.1.1.519	FALSE	TRUE	FALSE
EPI_ISL_1304964|2020-12-24	EPI_ISL_1304964	USA/TX-HMH-MCoV-30411/2020	2020-12-24	2020-12-24	North America	USA	Texas	USA	20B	B.1.1.519	Houston Methodist Hospital	Houston Methodist Hospital	S. Wesley Long et al	B.1.1.519	FALSE	TRUE	FALSE
EPI_ISL_1523441|2020-12-18	EPI_ISL_1523441	Canada/QC-DYN-0621819/2020	2020-12-18	2020-12-18	North America	CAN	Quebec	CAN	20B	B.1.1.519	Laboratoire de santé publique du Québec	Laboratoire de santé publique du Québec	Sandrine Moreira et al	B.1.1.519	FALSE	TRUE	FALSE
EPI_ISL_1523462|2020-12-18	EPI_ISL_1523462	Canada/QC-DYN-0622618/2020	2020-12-18	2020-12-18	North America	CAN	Quebec	CAN	20B	B.1.1.519	Laboratoire de santé publique du Québec	Laboratoire de santé publique du Québec	Sandrine Moreira et al	B.1.1.519	FALSE	TRUE	FALSE
EPI_ISL_1523466|2020-12-18	EPI_ISL_1523466	Canada/QC-DYN-0622731/2020	2020-12-18	2020-12-18	North America	CAN	Quebec	CAN	20B	B.1.1.519	Laboratoire de santé publique du Québec	Laboratoire de santé publique du Québec	Sandrine Moreira et al	B.1.1.519	FALSE	TRUE	FALSE
EPI_ISL_1523491|2020-12-20	EPI_ISL_1523491	Canada/QC-DYN-0624832/2020	2020-12-20	2020-12-20	North America	CAN	Quebec	CAN	20B	B.1.1.519	Laboratoire de santé publique du Québec	Laboratoire de santé publique du Québec	Sandrine Moreira et al	B.1.1.519	FALSE	TRUE	FALSE
EPI_ISL_1523508|2020-12-27	EPI_ISL_1523508	Canada/QC-HCLM-7051569316/2020	2020-12-27	2020-12-27	North America	CAN	Quebec	CAN	20B	B.1.1.519	Laboratoire de santé publique du Québec	Laboratoire de santé publique du Québec	Sandrine Moreira et al	B.1.1.519	FALSE	TRUE	FALSE
EPI_ISL_1523509|2020-12-27	EPI_ISL_1523509	Canada/QC-HCLM-7051569353/2020	2020-12-27	2020-12-27	North America	CAN	Quebec	CAN	20B	B.1.1.519	Laboratoire de santé publique du Québec	Laboratoire de santé publique du Québec	Sandrine Moreira et al	B.1.1.519	FALSE	TRUE	FALSE
EPI_ISL_1595745|2020-11-01	EPI_ISL_1595745	USA/DC-DFS-PHL-0385/2020	2020-11-01	2020-11-01	North America	USA	Washington DC	USA	20B	B.1.1.519	DC Public Health Lab/ Dept. of Forensic Sciences	DC Public Health Lab/ Dept. of Forensic Sciences	Janis Doss et al	B.1.1.519	FALSE	TRUE	FALSE
EPI_ISL_1597898|2020-12-13	EPI_ISL_1597898	Switzerland/NE-ETHZ-550677/2020	2020-12-13	2020-12-13	Europe	CHE	Neuchâtel	CHE	20B	B.1.1.519	Viollier AG	Department of Biosystems Science and Engineering, ETH Zürich	Chaoran Chen et al	B.1.1.519	FALSE	FALSE	TRUE
EPI_ISL_1598738|2020-12-13	EPI_ISL_1598738	Switzerland/SO-ETHZ-550688/2020	2020-12-13	2020-12-13	Europe	CHE	Solothurn	CHE	20B	B.1.1.519	Viollier AG	Department of Biosystems Science and Engineering, ETH Zürich	Chaoran Chen et al	B.1.1.519	FALSE	FALSE	TRUE
EPI_ISL_1599058|2020-12-12	EPI_ISL_1599058	Switzerland/SO-ETHZ-551268/2020	2020-12-12	2020-12-12	Europe	CHE	Solothurn	CHE	20B	B.1.1.519	Viollier AG	Department of Biosystems Science and Engineering, ETH Zürich	Chaoran Chen et al	B.1.1.519	FALSE	FALSE	TRUE
EPI_ISL_1599080|2020-12-12	EPI_ISL_1599080	Switzerland/SO-ETHZ-551266/2020	2020-12-12	2020-12-12	Europe	CHE	Solothurn	CHE	20B	B.1.1.519	Viollier AG	Department of Biosystems Science and Engineering, ETH Zürich	Chaoran Chen et al	B.1.1.519	FALSE	FALSE	TRUE
EPI_ISL_1658373|2020-12-16	EPI_ISL_1658373	Switzerland/GE-ETHZ-560019/2020	2020-12-16	2020-12-16	Europe	CHE	Geneva	CHE	20B	B.1.1.519	Viollier AG	Department of Biosystems Science and Engineering, ETH Zürich	Christian Beisel et al	B.1.1.519	FALSE	FALSE	TRUE
EPI_ISL_1750877|2020-12-28	EPI_ISL_1750877	Switzerland/SO-ETHZ-580829/2020	2020-12-28	2020-12-28	Europe	CHE	Solothurn	CHE	20B	B.1.1.519	Viollier AG	Department of Biosystems Science and Engineering, ETH Zürich	Chaoran Chen et al	B.1.1.519	FALSE	FALSE	TRUE
EPI_ISL_1750919|2020-12-23	EPI_ISL_1750919	Switzerland/ZH-ETHZ-580706/2020	2020-12-23	2020-12-23	Europe	CHE	Zürich	CHE	20B	B.1.1.519	Viollier AG	Department of Biosystems Science and Engineering, ETH Zürich	Chaoran Chen et al	B.1.1.519	FALSE	FALSE	TRUE
EPI_ISL_1750945|2020-12-29	EPI_ISL_1750945	Switzerland/ZH-ETHZ-580898/2020	2020-12-29	2020-12-29	Europe	CHE	Zürich	CHE	20B	B.1.1.519	Viollier AG	Department of Biosystems Science and Engineering, ETH Zürich	Chaoran Chen et al	B.1.1.519	FALSE	FALSE	TRUE
EPI_ISL_1794584|2020-12-15	EPI_ISL_1794584	USA/CA-SEARCH-8643/2020	2020-12-15	2020-12-15	North America	USA	California	USA	20B	B.1.1.519	Scripps Medical Laboratory	Andersen lab at Scripps Research	SEARCH Alliance San Diego with Michael Quigley et al	B.1.1.519	FALSE	TRUE	FALSE
EPI_ISL_1822780|2020-12-27	EPI_ISL_1822780	Belize/BZ-CML-TCMC-BZ032-1220/2020	2020-12-27	2020-12-27	North America	BLZ	Belize	BLZ	20B	B.1.1.519	Central Medical Laboratory	Texas Children's Microbiome Center	Ruth Ann Luna et al	B.1.1.519	FALSE	TRUE	FALSE
EPI_ISL_1922762|2020-12-15	EPI_ISL_1922762	USA/NJ-NYULH1521/2020	2020-12-15	2020-12-15	North America	USA	New Jersey	USA	20B	B.1.1.519	NYU Langone Health	Departments of Pathology and Medicine, New York University School of Medicine	Adriana Heguy et al	B.1.1.519	FALSE	TRUE	FALSE
EPI_ISL_2008092|2020-12-21	EPI_ISL_2008092	USA/NJ-NYGC-JS-1742/2020	2020-12-21	2020-12-21	North America	USA	New Jersey	USA	20B	B.1.1.519	Hackensack Medical Center	New York Genome Center	Michael Zody et al	B.1.1.519	FALSE	TRUE	FALSE
EPI_ISL_2104757|2020-11-08	EPI_ISL_2104757	Argentina/INEI096535/2020	2020-11-08	2020-11-08	South America	ARG	Buenos Aires	ARG	20B	B.1.1.519	Servicio Virosis Respiratorias-Departamento Virología-INEI	Instituto Nacional Enfermedades Infecciosas C.G.Malbran	Baumeister E. et al	B.1.1.519	FALSE	TRUE	FALSE
EPI_ISL_402125|2019-12-26	EPI_ISL_402125	Wuhan/Hu-1/2019	2019-12-26	2019-12-26	Asia	CHN	Hubei	CHN	19A	B	National Institute for Communicable Disease Control and Prevention (ICDC) Chinese Center for Disease Control and Prevention (China CDC)	National Institute for Communicable Disease Control and Prevention (ICDC) Chinese Center for Disease Control and Prevention (China CDC)	Zhang et al	B	FALSE	FALSE	FALSE
EPI_ISL_406798|2019-12-26	EPI_ISL_406798	Wuhan/WH01/2019	2019-12-26	2019-12-26	Asia	CHN	Hubei	CHN	19A	B	General Hospital of Central Theater Command of People's Liberation Army of China	BGI & Institute of Microbiology, Chinese Academy of Sciences & Shandong First Medical University & Shandong Academy of Medical Sciences & General Hospital of Central Theater Command of People's Liberation Army of China	Weijun Chen et al	B	FALSE	FALSE	FALSE
EPI_ISL_737487|2020-12-12	EPI_ISL_737487	Switzerland/SO-ETHZ-410745/2020	2020-12-12	2020-12-12	Europe	CHE	Solothurn	CHE	20B	B.1.1.519	Viollier AG	Department of Biosystems Science and Engineering, ETH Zürich	Chaoran Chen et al	B.1.1.519	FALSE	FALSE	TRUE
EPI_ISL_754125|2020-12-20	EPI_ISL_754125	USA/CA-LACPHL-AF00050/2020	2020-12-20	2020-12-20	North America	USA	California	USA	20B	B.1.1.519	USC Clinical Lab	Los Angeles County PHL	P. Hemarajata et al.	B.1.1.519	FALSE	TRUE	FALSE
EPI_ISL_777083|2020-12-12	EPI_ISL_777083	England/ALDP-C8FDD9/2020	2020-12-12	2020-12-12	Europe	GBR	England	GBR	20B	B.1.1.519	Lighthouse Lab in Alderley Park	Wellcome Sanger Institute for the COVID-19 Genomics UK (COG-UK) Consortium	Jacquelyn Wynn et al	B.1.1.519	FALSE	TRUE	FALSE
EPI_ISL_785098|2020-11-21	EPI_ISL_785098	USA/TX-HMH-MCoV-18761/2020	2020-11-21	2020-11-21	North America	USA	Texas	USA	20B	B.1.1.519	Houston Methodist Hospital	Houston Methodist Hospital	S. Wesley Long et al	B.1.1.519	FALSE	TRUE	FALSE
EPI_ISL_796375|2020-12-26	EPI_ISL_796375	Switzerland/AG-ETHZ-430236/2020	2020-12-26	2020-12-26	Europe	CHE	Aargau	CHE	20B	B.1.1.519	Viollier AG	Department of Biosystems Science and Engineering, ETH Zürich	Chaoran Chen et al	B.1.1.519	FALSE	FALSE	TRUE
EPI_ISL_796396|2020-12-27	EPI_ISL_796396	Switzerland/BE-ETHZ-430371/2020	2020-12-27	2020-12-27	Europe	CHE	Bern	CHE	20B	B.1.1.519	Viollier AG	Department of Biosystems Science and Engineering, ETH Zürich	Chaoran Chen et al	B.1.1.519	FALSE	FALSE	TRUE
EPI_ISL_796523|2020-12-29	EPI_ISL_796523	Switzerland/SO-ETHZ-430550/2020	2020-12-29	2020-12-29	Europe	CHE	Solothurn	CHE	20B	B.1.1.519	Viollier AG	Department of Biosystems Science and Engineering, ETH Zürich	Chaoran Chen et al	B.1.1.519	FALSE	FALSE	TRUE
EPI_ISL_817395|2020-12-28	EPI_ISL_817395	Denmark/DCGC-26681/2020	2020-12-28	2020-12-28	Europe	DNK	Midtjylland	DNK	20B	B.1.1.519	Department of Virus and Microbiological Special Diagnostics, Statens Serum Institut, Copenhagen, Denmark	Albertsen Lab, Department of Chemistry and Bioscience, Aalborg University, Denmark	Danish Covid-19 Genome Consortium et al	B.1.1.519	FALSE	TRUE	FALSE
EPI_ISL_823943|2020-12-04	EPI_ISL_823943	USA/NY-NYCPHL-001598/2020	2020-12-04	2020-12-04	North America	USA	New York	USA	20B	B.1.1.519	DOHMH Corona	New York City Public Health Laboratory	Jade Wang et al	B.1.1.519	FALSE	TRUE	FALSE
EPI_ISL_832308|2020-12-21	EPI_ISL_832308	USA/NY-NYCPHL-001898/2020	2020-12-21	2020-12-21	North America	USA	New York	USA	20B	B.1.1.519	DOHMH Jamaica	New York City Public Health Laboratory	Jade Wang et al	B.1.1.519	FALSE	TRUE	FALSE
EPI_ISL_847873|2020-12-31	EPI_ISL_847873	Switzerland/GE-32842651/2020	2020-12-31	2020-12-31	Europe	CHE	Geneva	CHE	20B	B.1.1.519	University Hospitals of Geneva, Laboratory of Virology	HUG, Laboratory of Virology and the Health2030 Genome Center	Samuel Cordey et al	B.1.1.519	FALSE	FALSE	TRUE
EPI_ISL_847881|2020-12-31	EPI_ISL_847881	Switzerland/GE-32844262/2020	2020-12-31	2020-12-31	Europe	CHE	Geneva	CHE	20B	B.1.1.519	University Hospitals of Geneva, Laboratory of Virology	HUG, Laboratory of Virology and the Health2030 Genome Center	Samuel Cordey et al	B.1.1.519	FALSE	FALSE	TRUE
EPI_ISL_847883|2020-12-31	EPI_ISL_847883	Switzerland/GE-32846337/2020	2020-12-31	2020-12-31	Europe	CHE	Geneva	CHE	20B	B.1.1.519	University Hospitals of Geneva, Laboratory of Virology	HUG, Laboratory of Virology and the Health2030 Genome Center	Samuel Cordey et al	B.1.1.519	FALSE	FALSE	TRUE
EPI_ISL_847896|2020-12-28	EPI_ISL_847896	Switzerland/GE-32818652/2020	2020-12-28	2020-12-28	Europe	CHE	Geneva	CHE	20B	B.1.1.519	University Hospitals of Geneva, Laboratory of Virology	HUG, Laboratory of Virology and the Health2030 Genome Center	Samuel Cordey et al	B.1.1.519	FALSE	FALSE	TRUE
EPI_ISL_847897|2020-12-28	EPI_ISL_847897	Switzerland/GE-32818625/2020	2020-12-28	2020-12-28	Europe	CHE	Geneva	CHE	20B	B.1.1.519	University Hospitals of Geneva, Laboratory of Virology	HUG, Laboratory of Virology and the Health2030 Genome Center	Samuel Cordey et al	B.1.1.519	FALSE	FALSE	TRUE
EPI_ISL_847905|2020-12-25	EPI_ISL_847905	Switzerland/GE-32802777/2020	2020-12-25	2020-12-25	Europe	CHE	Geneva	CHE	20B	B.1.1.519	University Hospitals of Geneva, Laboratory of Virology	HUG, Laboratory of Virology and the Health2030 Genome Center	Samuel Cordey et al	B.1.1.519	FALSE	FALSE	TRUE
EPI_ISL_847957|2020-12-31	EPI_ISL_847957	Switzerland/GE-32843294/2020	2020-12-31	2020-12-31	Europe	CHE	Geneva	CHE	20B	B.1.1.519	University Hospitals of Geneva, Laboratory of Virology	HUG, Laboratory of Virology and the Health2030 Genome Center	Samuel Cordey et al	B.1.1.519	FALSE	FALSE	TRUE
EPI_ISL_847970|2020-12-25	EPI_ISL_847970	Switzerland/GE-32802923/2020	2020-12-25	2020-12-25	Europe	CHE	Geneva	CHE	20B	B.1.1.519	University Hospitals of Geneva, Laboratory of Virology	HUG, Laboratory of Virology and the Health2030 Genome Center	Samuel Cordey et al	B.1.1.519	FALSE	FALSE	TRUE
EPI_ISL_876555|2020-11-23	EPI_ISL_876555	USA/FL-BPHL-2798/2020	2020-11-23	2020-11-23	North America	USA	Florida	USA	20B	B.1.1.519	Florida Bureau of Public Health Laboratories	Florida Bureau of Public Health Laboratories	Sarah Schmedes et al	B.1.1.519	FALSE	TRUE	FALSE
EPI_ISL_899290|2020-12-28	EPI_ISL_899290	Switzerland/BE-ETHZ-430984/2020	2020-12-28	2020-12-28	Europe	CHE	Bern	CHE	20B	B.1.1.519	Viollier AG	Department of Biosystems Science and Engineering, ETH Zürich	Christian Beisel et al	B.1.1.519	FALSE	FALSE	TRUE
EPI_ISL_913965|2020-12-15	EPI_ISL_913965	Mexico/HGO-InDRE_164/2020	2020-12-15	2020-12-15	North America	MEX	Hidalgo	MEX	20B	B.1.1.519	Instituto de Diagnostico y Referencia Epidemiologicos INDRE_RNLSP	Instituto de Diagnostico y Referencia Epidemiologicos (INDRE)	Claudia Wong-Arambula et al	B.1.1.519	FALSE	TRUE	FALSE
EPI_ISL_913971|2020-11-27	EPI_ISL_913971	Mexico/MEX-InDRE_170/2020	2020-11-27	2020-11-27	North America	MEX	Estado de Mexico	MEX	20B	B.1.1.519	Instituto de Diagnostico y Referencia Epidemiologicos INDRE_RNLSP	Instituto de Diagnostico y Referencia Epidemiologicos (INDRE)	Claudia Wong-Arambula et al	B.1.1.519	FALSE	TRUE	FALSE
EPI_ISL_913973|2020-12-09	EPI_ISL_913973	Mexico/MOR-InDRE_172/2020	2020-12-09	2020-12-09	North America	MEX	Morelos	MEX	20B	B.1.1.519	Instituto de Diagnostico y Referencia Epidemiologicos INDRE_RNLSP	Instituto de Diagnostico y Referencia Epidemiologicos (INDRE)	Claudia Wong-Arambula et al	B.1.1.519	FALSE	TRUE	FALSE
EPI_ISL_913978|2020-12-12	EPI_ISL_913978	Mexico/MEX-InDRE_177/2020	2020-12-12	2020-12-12	North America	MEX	Estado de Mexico	MEX	20B	B.1.1.519	Instituto de Diagnostico y Referencia Epidemiologicos INDRE_RNLSP	Instituto de Diagnostico y Referencia Epidemiologicos (INDRE)	Claudia Wong-Arambula et al	B.1.1.519	FALSE	TRUE	FALSE
EPI_ISL_913984|2020-12-14	EPI_ISL_913984	Mexico/HGO-InDRE_183/2020	2020-12-14	2020-12-14	North America	MEX	Hidalgo	MEX	20B	B.1.1.519	Instituto de Diagnostico y Referencia Epidemiologicos INDRE_RNLSP	Instituto de Diagnostico y Referencia Epidemiologicos (INDRE)	Claudia Wong-Arambula et al	B.1.1.519	FALSE	TRUE	FALSE
EPI_ISL_933693|2020-12-15	EPI_ISL_933693	Mexico/CMX-InDRE_216/2020	2020-12-15	2020-12-15	North America	MEX	Mexico City	MEX	20B	B.1.1.519	Instituto de Diagnostico y Referencia Epidemiologicos INDRE_RNLSP	Instituto de Diagnostico y Referencia Epidemiologicos (INDRE)	Claudia Wong-Arambula et al	B.1.1.519	FALSE	TRUE	FALSE
EPI_ISL_933695|2020-12-20	EPI_ISL_933695	Mexico/CMX-InDRE_218/2020	2020-12-20	2020-12-20	North America	MEX	Mexico City	MEX	20B	B.1.1.519	Instituto de Diagnostico y Referencia Epidemiologicos INDRE_RNLSP	Instituto de Diagnostico y Referencia Epidemiologicos (INDRE)	Claudia Wong-Arambula et al	B.1.1.519	FALSE	TRUE	FALSE
EPI_ISL_933700|2020-12-17	EPI_ISL_933700	Mexico/CMX-InDRE_223/2020	2020-12-17	2020-12-17	North America	MEX	Mexico City	MEX	20B	B.1.1.519	Instituto de Diagnostico y Referencia Epidemiologicos INDRE_RNLSP	Instituto de Diagnostico y Referencia Epidemiologicos (INDRE)	Claudia Wong-Arambula et al	B.1.1.519	FALSE	TRUE	FALSE
EPI_ISL_936165|2020-12-23	EPI_ISL_936165	USA/NY-Wadsworth-21013963-01/2020	2020-12-23	2020-12-23	North America	USA	New York	USA	20B	B.1.1.519	MEMORIAL SLOAN KETTERING CANCER CENTER	Wadsworth Center, New York State Department of Health	Kirsten St. George et al	B.1.1.519	FALSE	TRUE	FALSE
EPI_ISL_936813|2020-12-27	EPI_ISL_936813	USA/IL-NM-5218/2020	2020-12-27	2020-12-27	North America	USA	Illinois	USA	20B	B.1.1.519	Northwestern Memorial Hospital	Ozer Lab	Ramon Lorenzo-Redondo et al	B.1.1.519	FALSE	TRUE	FALSE
EPI_ISL_955196|2020-11-20	EPI_ISL_955196	Mexico/CMX-INMEGEN-12-03-04/2020	2020-11-20	2020-11-20	North America	MEX	Mexico City	MEX	20B	B.1.1.519	Instituto Nacional de Medicina Genomica	Instituto Nacional de Medicina Genomica	Hidalgo-Miranda A et al	B.1.1.519	FALSE	TRUE	FALSE
EPI_ISL_985157|2020-12-31	EPI_ISL_985157	Mexico/CMX-INMEGEN-01-02-07/2020	2020-12-31	2020-12-31	North America	MEX	Mexico City	MEX	20B	B.1.1.519	Instituto Nacional de Medicina Genomica	Instituto Nacional de Medicina Genomica	Hidalgo-Miranda A et al	B.1.1.519	FALSE	TRUE	FALSE
EPI_ISL_985164|2020-12-30	EPI_ISL_985164	Mexico/CMX-INMEGEN-01-02-12/2020	2020-12-30	2020-12-30	North America	MEX	Mexico City	MEX	20B	B.1.1.519	Instituto Nacional de Medicina Genomica	Instituto Nacional de Medicina Genomica	Hidalgo-Miranda A et al	B.1.1.519	FALSE	TRUE	FALSE
