tree_label	gisaid_epi_isl	strain	date_str	date	region	iso_country	division	iso_country_exposure	nextstrain_clade	pangolin_lineage	originating_lab	submitting_lab	authors	tree_pangolin_lineage	travel_context	similarity_context	focal_sequence
EPI_ISL_1140222|2020-08-31	EPI_ISL_1140222	Germany/NW-RKI-I-010097/2020	2020-08-31	2020-08-31	Europe	DEU	North Rhine Westphalia	DEU	20B	B.1.1.297	Labor ZOTZ|KLIMAS; MVZ Düsseldorf-Centrum	Robert Koch Institute	?	B.1.1.297	FALSE	TRUE	FALSE
EPI_ISL_1496328|2020-10-26	EPI_ISL_1496328	Switzerland/AG-ETHZ-340081/2020	2020-10-26	2020-10-26	Europe	CHE	Aargau	CHE	20B	B.1.1.297	Viollier AG	Department of Biosystems Science and Engineering, ETH Zürich	Christian Beisel et al	B.1.1.297	FALSE	FALSE	TRUE
EPI_ISL_1496569|2020-10-21	EPI_ISL_1496569	Switzerland/SH-ETHZ-331383/2020	2020-10-21	2020-10-21	Europe	CHE	Schaffhausen	CHE	20B	B.1.1.297	Viollier AG	Department of Biosystems Science and Engineering, ETH Zürich	Christian Beisel et al	B.1.1.297	FALSE	FALSE	TRUE
EPI_ISL_402125|2019-12-26	EPI_ISL_402125	Wuhan/Hu-1/2019	2019-12-26	2019-12-26	Asia	CHN	Hubei	CHN	19A	B	National Institute for Communicable Disease Control and Prevention (ICDC) Chinese Center for Disease Control and Prevention (China CDC)	National Institute for Communicable Disease Control and Prevention (ICDC) Chinese Center for Disease Control and Prevention (China CDC)	Zhang et al	B	FALSE	FALSE	FALSE
EPI_ISL_406798|2019-12-26	EPI_ISL_406798	Wuhan/WH01/2019	2019-12-26	2019-12-26	Asia	CHN	Hubei	CHN	19A	B	General Hospital of Central Theater Command of People's Liberation Army of China	BGI & Institute of Microbiology, Chinese Academy of Sciences & Shandong First Medical University & Shandong Academy of Medical Sciences & General Hospital of Central Theater Command of People's Liberation Army of China	Weijun Chen et al	B	FALSE	FALSE	FALSE
EPI_ISL_540541|2020-08-07	EPI_ISL_540541	Belgium/ULG-10374/2020	2020-08-07	2020-08-07	Europe	BEL	Liège	BEL	20B	B.1.1.297	Department of Clinical Microbiology	GIGA Medical Genomics	Keith Durkin et al	B.1.1.297	FALSE	TRUE	FALSE
EPI_ISL_603591|2020-10-08	EPI_ISL_603591	Switzerland/BE-ETHZ-310523/2020	2020-10-08	2020-10-08	Europe	CHE	Bern	CHE	20B	B.1.1.297	Viollier AG	Department of Biosystems Science and Engineering, ETH Zürich	Christian Beisel et al	B.1.1.297	FALSE	FALSE	TRUE
EPI_ISL_666630|2020-08-31	EPI_ISL_666630	Germany/NW-HHU-343/2020	2020-08-31	2020-08-31	Europe	DEU	North Rhine Westphalia	DEU	20B	B.1.1.297	ZOTZ KLIMAS MVZ Düsseldorf-Centrum GbR ÜBAG für Labormedizin, Genetik, Zytologie, Pathologie	Center of Medical Microbiology, Virology, and Hospital Hygiene, University of Duesseldorf	Maximilian Damagnez et al	B.1.1.297	FALSE	TRUE	FALSE
EPI_ISL_718041|2020-11-26	EPI_ISL_718041	Germany/NW-HHU-377/2020	2020-11-26	2020-11-26	Europe	DEU	North Rhine Westphalia	DEU	20B	B.1.1.297	ZOTZ KLIMAS MVZ Düsseldorf-Centrum GbR ÜBAG für Labormedizin, Genetik, Zytologie, Pathologie	Center of Medical Microbiology, Virology, and Hospital Hygiene, University of Duesseldorf	Maximilian Damagnez et al	B.1.1.297	FALSE	TRUE	FALSE
EPI_ISL_734948|2020-09-15	EPI_ISL_734948	Belgium/rega-0915964/2020	2020-09-15	2020-09-15	Europe	BEL	Halle-Vilvoorde	BEL	20B	B.1.1.297	UZ Leuven, National Reference Laboratory for Coronaviruses, Laboratory Medicine, Leuven, Belgium	KU Leuven, Rega Institute, Clinical and Epidemiological Virology	Tony Wawina-Bokalanga et al	B.1.1.297	FALSE	TRUE	FALSE
EPI_ISL_740414|2020-10-26	EPI_ISL_740414	Luxembourg/LNS4063851/2020	2020-10-26	2020-10-26	Europe	LUX	Luxembourg	LUX	20B	B.1.1.297	Laboratoire national de santé, Microbiology, Virology	Laboratoire national de santé, Microbiology, Microbial Genomics Platform	Anke Wienecke-Baldacchino et al	B.1.1.297	FALSE	TRUE	FALSE
