tree_label	gisaid_epi_isl	strain	date_str	date	region	iso_country	division	iso_country_exposure	nextstrain_clade	pangolin_lineage	originating_lab	submitting_lab	authors	tree_pangolin_lineage	travel_context	similarity_context	focal_sequence
EPI_ISL_1055794|2020-07-27	EPI_ISL_1055794	Serbia/C16346/2020	2020-07-27	2020-07-27	Europe	SRB	Serbia	SRB	20A	B.1.146	Institute of Biocides and Medical Ecology, Belgarde, Serbia	Virology Department Institute of Microbiology and Immunology Faculty of Medicine University of Belgrade	Banko Ana et al	B.1.146	FALSE	TRUE	FALSE
EPI_ISL_1092291|2020-12-14	EPI_ISL_1092291	Germany/BAV-PL-virotum_82UJP/2020	2020-12-14	2020-12-14	Europe	DEU	Bavaria	DEU	20A	B.1.146	Protzer Lab	Protzer Lab, Laboratory for Functional Genome Analysis, Dept. Genomics, Gene Center of the LMU Munich	Ulrike Protzer et al	B.1.146	FALSE	TRUE	FALSE
EPI_ISL_1119685|2020-11-07	EPI_ISL_1119685	Switzerland/NE-ETHZ-501129/2020	2020-11-07	2020-11-07	Europe	CHE	Neuchâtel	CHE	20A	B.1.146	Viollier AG	Department of Biosystems Science and Engineering, ETH Zürich	Chaoran Chen et al	B.1.146	FALSE	FALSE	TRUE
EPI_ISL_1119759|2020-11-08	EPI_ISL_1119759	Switzerland/NE-ETHZ-501266/2020	2020-11-08	2020-11-08	Europe	CHE	Neuchâtel	CHE	20A	B.1.146	Viollier AG	Department of Biosystems Science and Engineering, ETH Zürich	Chaoran Chen et al	B.1.146	FALSE	FALSE	TRUE
EPI_ISL_1119889|2020-11-09	EPI_ISL_1119889	Switzerland/VD-ETHZ-501405/2020	2020-11-09	2020-11-09	Europe	CHE	Vaud	CHE	20A	B.1.146	Viollier AG	Department of Biosystems Science and Engineering, ETH Zürich	Chaoran Chen et al	B.1.146	FALSE	FALSE	TRUE
EPI_ISL_1119945|2020-11-12	EPI_ISL_1119945	Switzerland/SZ-ETHZ-500110/2020	2020-11-12	2020-11-12	Europe	CHE	Schwyz	CHE	20A	B.1.146	Viollier AG	Department of Biosystems Science and Engineering, ETH Zürich	Chaoran Chen et al	B.1.146	FALSE	FALSE	TRUE
EPI_ISL_1181284|2020-08-16	EPI_ISL_1181284	Germany/NW-UBI-162/2020	2020-08-16	2020-08-16	Europe	DEU	North Rhine Westphalia	DEU	20A	B.1.146	MVZ Dr. Eberhard & Partner Dortmund	Bielefeld University	David Brandt et al	B.1.146	FALSE	TRUE	FALSE
EPI_ISL_1181320|2020-08-28	EPI_ISL_1181320	Germany/NW-UBI-199/2020	2020-08-28	2020-08-28	Europe	DEU	North Rhine Westphalia	DEU	20A	B.1.146	MVZ Dr. Eberhard & Partner Dortmund	Bielefeld University	David Brandt et al	B.1.146	FALSE	TRUE	FALSE
EPI_ISL_1181322|2020-08-28	EPI_ISL_1181322	Germany/NW-UBI-201/2020	2020-08-28	2020-08-28	Europe	DEU	North Rhine Westphalia	DEU	20A	B.1.146	MVZ Dr. Eberhard & Partner Dortmund	Bielefeld University	David Brandt et al	B.1.146	FALSE	TRUE	FALSE
EPI_ISL_1259570|2020-12-23	EPI_ISL_1259570	Switzerland/AG-ETHZ-420651/2020	2020-12-23	2020-12-23	Europe	CHE	Aargau	CHE	20A	B.1.146	Viollier AG	Department of Biosystems Science and Engineering, ETH Zürich	Chaoran Chen et al	B.1.146	FALSE	FALSE	TRUE
EPI_ISL_1289885|2020-09-15	EPI_ISL_1289885	Slovenia/21-6948/2020	2020-09-15	2020-09-15	Europe	SVN	Savinjska	SVN	20A	B.1.146	Department of Public Health Microbiology Ljubljana, National Laboratory for Health, Environment and Food	Department of Public Health Microbiology Ljubljana, National Laboratory for Health, Environment and Food	José Gonçalves et al	B.1.146	FALSE	TRUE	FALSE
EPI_ISL_1360688|2020-11-09	EPI_ISL_1360688	Switzerland/BE-ETHZ-530065/2020	2020-11-09	2020-11-09	Europe	CHE	Bern	CHE	20A	B.1.146	Viollier AG	Department of Biosystems Science and Engineering, ETH Zürich	Christian Beisel et al	B.1.146	FALSE	FALSE	TRUE
EPI_ISL_1408290|2020-11-23	EPI_ISL_1408290	Switzerland/ZH-ETHZ-520473/2020	2020-11-23	2020-11-23	Europe	CHE	Zürich	CHE	20A	B.1.146	Viollier AG	Department of Biosystems Science and Engineering, ETH Zürich	Chaoran Chen et al	B.1.146	FALSE	FALSE	TRUE
EPI_ISL_1495306|2020-10-20	EPI_ISL_1495306	Austria/CeMM4974/2020	2020-10-20	2020-10-20	Europe	AUT	Carinthia	AUT	20A	B.1.146	Department of Laboratory Medicine, Division of Clinical Virology, University of Medicine, Vienna	Bergthaler laboratory, CeMM Research Center for Molecular Medicine of the Austrian Academy of Sciences	Lukas Endler et al	B.1.146	FALSE	TRUE	FALSE
EPI_ISL_1496415|2020-10-23	EPI_ISL_1496415	Switzerland/BE-ETHZ-340007/2020	2020-10-23	2020-10-23	Europe	CHE	Bern	CHE	20A	B.1.146	Viollier AG	Department of Biosystems Science and Engineering, ETH Zürich	Christian Beisel et al	B.1.146	FALSE	FALSE	TRUE
EPI_ISL_1498941|2020-08-12	EPI_ISL_1498941	Slovenia/68697/2020	2020-08-12	2020-08-12	Europe	SVN	Slovenia	SVN	20A	B.1.146	Institute of Microbiology and Immunology, Faculty of Medicine, University of Ljubljana	Institute of Microbiology and Immunology, Faculty of Medicine, University of Ljubljana	Alen Suljič et al	B.1.146	FALSE	TRUE	FALSE
EPI_ISL_1498986|2020-08-25	EPI_ISL_1498986	Slovenia/74976/2020	2020-08-25	2020-08-25	Europe	SVN	Slovenia	SVN	20A	B.1.146	Institute of Microbiology and Immunology, Faculty of Medicine, University of Ljubljana	Institute of Microbiology and Immunology, Faculty of Medicine, University of Ljubljana	Alen Suljič et al	B.1.146	FALSE	TRUE	FALSE
EPI_ISL_1498987|2020-08-25	EPI_ISL_1498987	Slovenia/75170/2020	2020-08-25	2020-08-25	Europe	SVN	Slovenia	SVN	20A	B.1.146	Institute of Microbiology and Immunology, Faculty of Medicine, University of Ljubljana	Institute of Microbiology and Immunology, Faculty of Medicine, University of Ljubljana	Alen Suljič et al	B.1.146	FALSE	TRUE	FALSE
EPI_ISL_1499069|2020-09-22	EPI_ISL_1499069	Slovenia/103830/2020	2020-09-22	2020-09-22	Europe	SVN	Slovenia	SVN	20A	B.1.146	Institute of Microbiology and Immunology, Faculty of Medicine, University of Ljubljana	Institute of Microbiology and Immunology, Faculty of Medicine, University of Ljubljana	Alen Suljič et al	B.1.146	FALSE	TRUE	FALSE
EPI_ISL_1499081|2020-09-25	EPI_ISL_1499081	Slovenia/107831/2020	2020-09-25	2020-09-25	Europe	SVN	Slovenia	SVN	20A	B.1.146	Institute of Microbiology and Immunology, Faculty of Medicine, University of Ljubljana	Institute of Microbiology and Immunology, Faculty of Medicine, University of Ljubljana	Alen Suljič et al	B.1.146	FALSE	TRUE	FALSE
EPI_ISL_1499087|2020-09-26	EPI_ISL_1499087	Slovenia/109295/2020	2020-09-26	2020-09-26	Europe	SVN	Slovenia	SVN	20A	B.1.146	Institute of Microbiology and Immunology, Faculty of Medicine, University of Ljubljana	Institute of Microbiology and Immunology, Faculty of Medicine, University of Ljubljana	Alen Suljič et al	B.1.146	FALSE	TRUE	FALSE
EPI_ISL_1510986|2020-07-29	EPI_ISL_1510986	Slovenia/62739/2020	2020-07-29	2020-07-29	Europe	SVN	Slovenia	SVN	20A	B.1.146	Institute of Microbiology and Immunology, Faculty of Medicine, University of Ljubljana	Institute of Microbiology and Immunology, Faculty of Medicine, University of Ljubljana	Alen Suljič et al	B.1.146	FALSE	TRUE	FALSE
EPI_ISL_1510992|2020-06-28	EPI_ISL_1510992	Slovenia/45766/2020	2020-06-28	2020-06-28	Europe	SVN	Slovenia	SVN	20A	B.1.146	Institute of Microbiology and Immunology, Faculty of Medicine, University of Ljubljana	Institute of Microbiology and Immunology, Faculty of Medicine, University of Ljubljana	Alen Suljič et al	B.1.146	FALSE	TRUE	FALSE
EPI_ISL_1511002|2020-07-24	EPI_ISL_1511002	Slovenia/60651/2020	2020-07-24	2020-07-24	Europe	SVN	Slovenia	SVN	20A	B.1.146	Institute of Microbiology and Immunology, Faculty of Medicine, University of Ljubljana	Institute of Microbiology and Immunology, Faculty of Medicine, University of Ljubljana	Alen Suljič et al	B.1.146	FALSE	TRUE	FALSE
EPI_ISL_1511027|2020-07-26	EPI_ISL_1511027	Slovenia/61227/2020	2020-07-26	2020-07-26	Europe	SVN	Slovenia	SVN	20A	B.1.146	Institute of Microbiology and Immunology, Faculty of Medicine, University of Ljubljana	Institute of Microbiology and Immunology, Faculty of Medicine, University of Ljubljana	Alen Suljič et al	B.1.146	FALSE	TRUE	FALSE
EPI_ISL_1511034|2020-07-15	EPI_ISL_1511034	Slovenia/56119/2020	2020-07-15	2020-07-15	Europe	SVN	Slovenia	SVN	20A	B.1.146	Institute of Microbiology and Immunology, Faculty of Medicine, University of Ljubljana	Institute of Microbiology and Immunology, Faculty of Medicine, University of Ljubljana	Alen Suljič et al	B.1.146	FALSE	TRUE	FALSE
EPI_ISL_1511057|2020-07-28	EPI_ISL_1511057	Slovenia/62285/2020	2020-07-28	2020-07-28	Europe	SVN	Slovenia	SVN	20A	B.1.146	Institute of Microbiology and Immunology, Faculty of Medicine, University of Ljubljana	Institute of Microbiology and Immunology, Faculty of Medicine, University of Ljubljana	Alen Suljič et al	B.1.146	FALSE	TRUE	FALSE
EPI_ISL_1511067|2020-07-21	EPI_ISL_1511067	Slovenia/58747/2020	2020-07-21	2020-07-21	Europe	SVN	Slovenia	SVN	20A	B.1.146	Institute of Microbiology and Immunology, Faculty of Medicine, University of Ljubljana	Institute of Microbiology and Immunology, Faculty of Medicine, University of Ljubljana	Alen Suljič et al	B.1.146	FALSE	TRUE	FALSE
EPI_ISL_1511107|2020-07-31	EPI_ISL_1511107	Slovenia/63505/2020	2020-07-31	2020-07-31	Europe	SVN	Slovenia	SVN	20A	B.1.146	Institute of Microbiology and Immunology, Faculty of Medicine, University of Ljubljana	Institute of Microbiology and Immunology, Faculty of Medicine, University of Ljubljana	Alen Suljič et al	B.1.146	FALSE	TRUE	FALSE
EPI_ISL_1511109|2020-06-16	EPI_ISL_1511109	Slovenia/39217/2020	2020-06-16	2020-06-16	Europe	SVN	Slovenia	SVN	20A	B.1.146	Institute of Microbiology and Immunology, Faculty of Medicine, University of Ljubljana	Institute of Microbiology and Immunology, Faculty of Medicine, University of Ljubljana	Alen Suljič et al	B.1.146	FALSE	TRUE	FALSE
EPI_ISL_1599133|2020-12-12	EPI_ISL_1599133	Switzerland/ZH-ETHZ-551246/2020	2020-12-12	2020-12-12	Europe	CHE	Zürich	CHE	20A	B.1.146	Viollier AG	Department of Biosystems Science and Engineering, ETH Zürich	Chaoran Chen et al	B.1.146	FALSE	FALSE	TRUE
EPI_ISL_1658426|2020-12-16	EPI_ISL_1658426	Switzerland/ZH-ETHZ-570070/2020	2020-12-16	2020-12-16	Europe	CHE	Zürich	CHE	20A	B.1.146	Viollier AG	Department of Biosystems Science and Engineering, ETH Zürich	Christian Beisel et al	B.1.146	FALSE	FALSE	TRUE
EPI_ISL_1751426|2020-12-28	EPI_ISL_1751426	Germany/BY-MVP-000001736/2020	2020-12-28	2020-12-28	Europe	DEU	Bavaria	DEU	20A	B.1.146	Max von Pettenkofer Institute, Virology, National Reference Center for Retroviruses, LMU Munich	Laboratory for Functional Genome Analysis; Dept. Genomics; Gene Center of the LMU Munich	Max Muenchhoff et al	B.1.146	FALSE	TRUE	FALSE
EPI_ISL_402125|2019-12-26	EPI_ISL_402125	Wuhan/Hu-1/2019	2019-12-26	2019-12-26	Asia	CHN	Hubei	CHN	19A	B	National Institute for Communicable Disease Control and Prevention (ICDC) Chinese Center for Disease Control and Prevention (China CDC)	National Institute for Communicable Disease Control and Prevention (ICDC) Chinese Center for Disease Control and Prevention (China CDC)	Zhang et al	B	FALSE	FALSE	FALSE
EPI_ISL_406798|2019-12-26	EPI_ISL_406798	Wuhan/WH01/2019	2019-12-26	2019-12-26	Asia	CHN	Hubei	CHN	19A	B	General Hospital of Central Theater Command of People's Liberation Army of China	BGI & Institute of Microbiology, Chinese Academy of Sciences & Shandong First Medical University & Shandong Academy of Medical Sciences & General Hospital of Central Theater Command of People's Liberation Army of China	Weijun Chen et al	B	FALSE	FALSE	FALSE
EPI_ISL_486518|2020-06-26	EPI_ISL_486518	Switzerland/BE-ETHZ-170003/2020	2020-06-26	2020-06-26	Europe	CHE	Bern	CHE	20A	B.1.146	Viollier AG	Department of Biosystems Science and Engineering, ETH Zürich	Christian Beisel et al	B.1.146	FALSE	FALSE	TRUE
EPI_ISL_489985|2020-06-29	EPI_ISL_489985	Switzerland/UR-ETHZ-180051/2020	2020-06-29	2020-06-29	Europe	CHE	Uri	CHE	20A	B.1.146	Viollier AG	Department of Biosystems Science and Engineering, ETH Zürich	Christian Beisel et al	B.1.146	FALSE	FALSE	TRUE
EPI_ISL_510777|2020-07-22	EPI_ISL_510777	Switzerland/GR-ETHZ-210036/2020	2020-07-22	2020-07-22	Europe	CHE	Graubünden	CHE	20A	B.1.146	Viollier AG	Department of Biosystems Science and Engineering, ETH Zürich	Christian Beisel et al	B.1.146	FALSE	FALSE	TRUE
EPI_ISL_510805|2020-07-22	EPI_ISL_510805	Switzerland/GR-ETHZ-210075/2020	2020-07-22	2020-07-22	Europe	CHE	Graubünden	CHE	20A	B.1.146	Viollier AG	Department of Biosystems Science and Engineering, ETH Zürich	Christian Beisel et al	B.1.146	FALSE	FALSE	TRUE
EPI_ISL_510808|2020-07-23	EPI_ISL_510808	Switzerland/GR-ETHZ-210083/2020	2020-07-23	2020-07-23	Europe	CHE	Graubünden	CHE	20A	B.1.146	Viollier AG	Department of Biosystems Science and Engineering, ETH Zürich	Christian Beisel et al	B.1.146	FALSE	FALSE	TRUE
EPI_ISL_523781|2020-08-12	EPI_ISL_523781	Netherlands/ZH-EMC-443/2020	2020-08-12	2020-08-12	Europe	NLD	South Holland	NLD	20A	B.1.146	Dutch COVID-19 response team	Erasmus Medical Center	Bas Oude Munnink et al	B.1.146	FALSE	TRUE	FALSE
EPI_ISL_557941|2020-07-05	EPI_ISL_557941	England/MILK-627CFA/2020	2020-07-05	2020-07-05	Europe	GBR	England	GBR	20A	B.1.146	Lighthouse Lab in Milton Keynes	Wellcome Sanger Institute for the COVID-19 Genomics UK (COG-UK) consortium	The Lighthouse Lab in Milton Keynes et al	B.1.146	FALSE	TRUE	FALSE
EPI_ISL_583883|2020-06-30	EPI_ISL_583883	Austria/CeMM1077/2020	2020-06-30	2020-06-30	Europe	AUT	Austria	AUT	20A	B.1.146	Austrian Agency for Health and Food Safety (AGES)	Bergthaler laboratory, CeMM Research Center for Molecular Medicine of the Austrian Academy of Sciences	Alexandra Popa et al	B.1.146	FALSE	TRUE	FALSE
EPI_ISL_583884|2020-06-30	EPI_ISL_583884	Austria/CeMM1078/2020	2020-06-30	2020-06-30	Europe	AUT	Austria	AUT	20A	B.1.146	Austrian Agency for Health and Food Safety (AGES)	Bergthaler laboratory, CeMM Research Center for Molecular Medicine of the Austrian Academy of Sciences	Alexandra Popa et al	B.1.146	FALSE	TRUE	FALSE
EPI_ISL_681319|2020-11-11	EPI_ISL_681319	Bahrain/341013933_S13_L001/2020	2020-11-11	2020-11-11	Asia	BHR	Bahrain	BHR	20A	B.1.146	Communicable Disease Laboratory, Public Health Directorate	Communicable Disease Laboratory, Public Health Directorate	Alwasti et al	B.1.146	FALSE	TRUE	FALSE
EPI_ISL_729199|2020-11-02	EPI_ISL_729199	Switzerland/AG-ETHZ-350354/2020	2020-11-02	2020-11-02	Europe	CHE	Aargau	CHE	20A	B.1.146	Viollier AG	Department of Biosystems Science and Engineering, ETH Zürich	Chaoran Chen et al	B.1.146	FALSE	FALSE	TRUE
EPI_ISL_732655|2020-11-24	EPI_ISL_732655	Sweden/20-53518/2020	2020-11-24	2020-11-24	Europe	SWE	Vastra Gotaland	SWE	20A	B.1.146	Narhalsan Fjallbacka VC	The Public Health Agency of Sweden	Department of Microbiology et al	B.1.146	FALSE	TRUE	FALSE
EPI_ISL_740382|2020-11-01	EPI_ISL_740382	Luxembourg/LNS3841557/2020	2020-11-01	2020-11-01	Europe	LUX	Luxembourg	LUX	20A	B.1.146	Laboratoire national de santé, Microbiology, Virology	Laboratoire national de santé, Microbiology, Microbial Genomics Platform	Anke Wienecke-Baldacchino et al	B.1.146	FALSE	TRUE	FALSE
EPI_ISL_744806|2020-11-01	EPI_ISL_744806	Luxembourg/LNS8756036/2020	2020-11-01	2020-11-01	Europe	LUX	Luxembourg	LUX	20A	B.1.146	Laboratoire national de santé, Microbiology, Virology	Laboratoire national de santé, Microbiology, Microbial Genomics Platform	Anke Wienecke-Baldacchino et al	B.1.146	FALSE	TRUE	FALSE
EPI_ISL_754005|2020-08-08	EPI_ISL_754005	Germany/BE-ChVir-W1715-6702/2020	2020-08-08	2020-08-08	Europe	DEU	Berlin	DEU	20A	B.1.146	Charité Universitätsmedizin Berlin, Institut für Virologie/Labor Berlin	Charité Universitätsmedizin Berlin, Institut für Virologie	Victor M Corman et al	B.1.146	FALSE	TRUE	FALSE
EPI_ISL_768184|2020-12-24	EPI_ISL_768184	Switzerland/SO-ETHZ-420719/2020	2020-12-24	2020-12-24	Europe	CHE	Solothurn	CHE	20A	B.1.146	Viollier AG	Department of Biosystems Science and Engineering, ETH Zürich	Chaoran Chen et al	B.1.146	FALSE	FALSE	TRUE
EPI_ISL_796420|2020-12-27	EPI_ISL_796420	Switzerland/BL-ETHZ-430329/2020	2020-12-27	2020-12-27	Europe	CHE	Basel-Land	CHE	20A	B.1.146	Viollier AG	Department of Biosystems Science and Engineering, ETH Zürich	Chaoran Chen et al	B.1.146	FALSE	FALSE	TRUE
EPI_ISL_854021|2020-11-04	EPI_ISL_854021	Austria/CeMM1541/2020	2020-11-04	2020-11-04	Europe	AUT	Austria	AUT	20A	B.1.146	Austrian Agency for Health and Food Safety (AGES)	Bergthaler laboratory, CeMM Research Center for Molecular Medicine of the Austrian Academy of Sciences	Lukas Endler et al	B.1.146	FALSE	TRUE	FALSE
EPI_ISL_854139|2020-11-28	EPI_ISL_854139	Austria/CeMM1761/2020	2020-11-28	2020-11-28	Europe	AUT	Austria	AUT	20A	B.1.146	Austrian Agency for Health and Food Safety (AGES)	Bergthaler laboratory, CeMM Research Center for Molecular Medicine of the Austrian Academy of Sciences	Lukas Endler et al	B.1.146	FALSE	TRUE	FALSE
EPI_ISL_859912|2020-11-22	EPI_ISL_859912	UnitedArabEmirates/3948/2020	2020-11-22	2020-11-22	Asia	ARE	Abu Dhabi	ARE	20A	B.1.146	BTC, Khalifa University	BTC, Khalifa University	Al Safar et al	B.1.146	FALSE	TRUE	FALSE
EPI_ISL_960047|2020-08-29	EPI_ISL_960047	Germany/HH-HPI-p2927/2020	2020-08-29	2020-08-29	Europe	DEU	Hamburg	DEU	20A	B.1.146	University Medical Center Hamburg Eppendorf	Heinrich Pette Institute, Leibniz Institute for Experimental Virology	Alexis Robitaille et al	B.1.146	FALSE	TRUE	FALSE
