tree_label	gisaid_epi_isl	strain	date_str	date	region	iso_country	division	iso_country_exposure	nextstrain_clade	pangolin_lineage	originating_lab	submitting_lab	authors	tree_pangolin_lineage	travel_context	similarity_context	focal_sequence
EPI_ISL_1130787|2020-12-25	EPI_ISL_1130787	Switzerland/ZH-ETHZ-430007/2020	2020-12-25	2020-12-25	Europe	CHE	Zürich	CHE	20E (EU1)	B.1.177.31	Viollier AG	Department of Biosystems Science and Engineering, ETH Zürich	Chaoran Chen et al	B.1.177.31	FALSE	FALSE	TRUE
EPI_ISL_1167060|2020-11-12	EPI_ISL_1167060	Croatia/IGA-42-86543/2020	2020-11-12	2020-11-12	Europe	HRV	Zagreb	HRV	20A	B.1.177.31	"Dr. Andrija Stampar" Teaching Institute of Public Health, Department of Clinical Microbiology	Istituto di Genomica Applicata	Jasmina Vranes et al	B.1.177.31	FALSE	TRUE	FALSE
EPI_ISL_1361459|2020-11-10	EPI_ISL_1361459	Switzerland/ZH-ETHZ-530131/2020	2020-11-10	2020-11-10	Europe	CHE	Zürich	CHE	20E (EU1)	B.1.177.31	Viollier AG	Department of Biosystems Science and Engineering, ETH Zürich	Christian Beisel et al	B.1.177.31	FALSE	FALSE	TRUE
EPI_ISL_1384262|2020-12-17	EPI_ISL_1384262	Luxembourg/LNS7070857/2020	2020-12-17	2020-12-17	Europe	LUX	Luxembourg	LUX	20A.EU2	B.1.177.31	Laboratoires d'analyses medicales - Ketterthill	Laboratoire national de sante, Microbiology, Microbial Genomics Platform	Anke Wienecke-Baldacchino et al	B.1.177.31	FALSE	TRUE	FALSE
EPI_ISL_1384269|2020-12-16	EPI_ISL_1384269	Luxembourg/LNS5056254/2020	2020-12-16	2020-12-16	Europe	LUX	Luxembourg	LUX	20A	B.1.177.31	Laboratoires d'analyses medicales - Ketterthill	Laboratoire national de sante, Microbiology, Microbial Genomics Platform	Anke Wienecke-Baldacchino et al	B.1.177.31	FALSE	TRUE	FALSE
EPI_ISL_1384270|2020-12-17	EPI_ISL_1384270	Luxembourg/LNS7716435/2020	2020-12-17	2020-12-17	Europe	LUX	Luxembourg	LUX	20A.EU2	B.1.177.31	Laboratoires d'analyses medicales - Ketterthill	Laboratoire national de sante, Microbiology, Microbial Genomics Platform	Anke Wienecke-Baldacchino et al	B.1.177.31	FALSE	TRUE	FALSE
EPI_ISL_2135351|2020-12-20	EPI_ISL_2135351	Spain/VC-IBV-98014567/2020	2020-12-20	2020-12-20	Europe	ESP	Comunitat Valenciana	ESP	20E (EU1)	B.1.177.31	Hospital Universitario de La Ribera (Alzira, València)	SeqCOVID-SPAIN consortium/IBV(CSIC)	Olalla Martínez Macias et al	B.1.177.31	FALSE	TRUE	FALSE
EPI_ISL_402125|2019-12-26	EPI_ISL_402125	Wuhan/Hu-1/2019	2019-12-26	2019-12-26	Asia	CHN	Hubei	CHN	19A	B	National Institute for Communicable Disease Control and Prevention (ICDC) Chinese Center for Disease Control and Prevention (China CDC)	National Institute for Communicable Disease Control and Prevention (ICDC) Chinese Center for Disease Control and Prevention (China CDC)	Zhang et al	B	FALSE	FALSE	FALSE
EPI_ISL_406798|2019-12-26	EPI_ISL_406798	Wuhan/WH01/2019	2019-12-26	2019-12-26	Asia	CHN	Hubei	CHN	19A	B	General Hospital of Central Theater Command of People's Liberation Army of China	BGI & Institute of Microbiology, Chinese Academy of Sciences & Shandong First Medical University & Shandong Academy of Medical Sciences & General Hospital of Central Theater Command of People's Liberation Army of China	Weijun Chen et al	B	FALSE	FALSE	FALSE
EPI_ISL_931262|2020-10-27	EPI_ISL_931262	Switzerland/BS-UHB-42507102/2020	2020-10-27	2020-10-27	Europe	CHE	Solothurn	CHE	20A.EU2	B.1.177.31	University Hospital Basel, Clinical Virology	University Hospital Basel, Clinical Bacteriology	Tim Roloff et al	B.1.177.31	FALSE	FALSE	TRUE
