tree_label	gisaid_epi_isl	strain	date_str	date	region	iso_country	division	iso_country_exposure	nextstrain_clade	pangolin_lineage	originating_lab	submitting_lab	authors	tree_pangolin_lineage	travel_context	similarity_context	focal_sequence
EPI_ISL_1119258|2020-11-09	EPI_ISL_1119258	Switzerland/SH-ETHZ-501086/2020	2020-11-09	2020-11-09	Europe	CHE	Schaffhausen	CHE	20B	B.1.1.37	Viollier AG	Department of Biosystems Science and Engineering, ETH Zürich	Chaoran Chen et al	B.1.1.37	FALSE	FALSE	TRUE
EPI_ISL_1195401|2020-11-05	EPI_ISL_1195401	Germany/BW-FR0682/2020	2020-11-05	2020-11-05	Europe	DEU	Baden-Wuerttemberg	DEU	20B	B.1.1.37	Institute of Virology, Medical Center, University of Freiburg, Freiburg, Germany	Institute of Virology, Clinial Virus Genomics, Medical Center, University of Freiburg, Freiburg, Germany	Jonas Fuchs et al	B.1.1.37	FALSE	TRUE	FALSE
EPI_ISL_1260584|2020-11-30	EPI_ISL_1260584	Switzerland/ZH-ETHZ-521380/2020	2020-11-30	2020-11-30	Europe	CHE	Zürich	CHE	20B	B.1.1.37	Viollier AG	Department of Biosystems Science and Engineering, ETH Zürich	Chaoran Chen et al	B.1.1.37	FALSE	FALSE	TRUE
EPI_ISL_1496575|2020-12-13	EPI_ISL_1496575	Switzerland/SH-ETHZ-551320/2020	2020-12-13	2020-12-13	Europe	CHE	Schaffhausen	CHE	20B	B.1.1.37	Viollier AG	Department of Biosystems Science and Engineering, ETH Zürich	Chaoran Chen et al	B.1.1.37	FALSE	FALSE	TRUE
EPI_ISL_1599107|2020-12-09	EPI_ISL_1599107	Switzerland/ZH-ETHZ-550599/2020	2020-12-09	2020-12-09	Europe	CHE	Zürich	CHE	20B	B.1.1.37	Viollier AG	Department of Biosystems Science and Engineering, ETH Zürich	Chaoran Chen et al	B.1.1.37	FALSE	FALSE	TRUE
EPI_ISL_1749680|2020-12-17	EPI_ISL_1749680	Switzerland/BE-ETHZ-580457/2020	2020-12-17	2020-12-17	Europe	CHE	Bern	CHE	20B	B.1.1.37	Viollier AG	Department of Biosystems Science and Engineering, ETH Zürich	Chaoran Chen et al	B.1.1.37	FALSE	FALSE	TRUE
EPI_ISL_1750817|2020-12-15	EPI_ISL_1750817	Switzerland/SG-ETHZ-580397/2020	2020-12-15	2020-12-15	Europe	CHE	Sankt Gallen	CHE	20B	B.1.1.37	Viollier AG	Department of Biosystems Science and Engineering, ETH Zürich	Chaoran Chen et al	B.1.1.37	FALSE	FALSE	TRUE
EPI_ISL_402125|2019-12-26	EPI_ISL_402125	Wuhan/Hu-1/2019	2019-12-26	2019-12-26	Asia	CHN	Hubei	CHN	19A	B	National Institute for Communicable Disease Control and Prevention (ICDC) Chinese Center for Disease Control and Prevention (China CDC)	National Institute for Communicable Disease Control and Prevention (ICDC) Chinese Center for Disease Control and Prevention (China CDC)	Zhang et al	B	FALSE	FALSE	FALSE
EPI_ISL_406798|2019-12-26	EPI_ISL_406798	Wuhan/WH01/2019	2019-12-26	2019-12-26	Asia	CHN	Hubei	CHN	19A	B	General Hospital of Central Theater Command of People's Liberation Army of China	BGI & Institute of Microbiology, Chinese Academy of Sciences & Shandong First Medical University & Shandong Academy of Medical Sciences & General Hospital of Central Theater Command of People's Liberation Army of China	Weijun Chen et al	B	FALSE	FALSE	FALSE
EPI_ISL_529688|2020-08-27	EPI_ISL_529688	Scotland/CVR3977/2020	2020-08-27	2020-08-27	Europe	GBR	Scotland	GBR	20B	B.1.1.37	West of Scotland Specialist Virology Centre, NHSGGC / MRC-University of Glasgow Centre for Virus Research	COVID-19 Genomics UK (COG-UK) Consortium	Ana da Silva Filipe et al	B.1.1.37	FALSE	TRUE	FALSE
EPI_ISL_530534|2020-08-19	EPI_ISL_530534	England/QEUH-96E6BA/2020	2020-08-19	2020-08-19	Europe	GBR	England	GBR	20B	B.1.1.37	Lighthouse Lab in Glasgow	Wellcome Sanger Institute for the COVID-19 Genomics UK (COG-UK) consortium	Harper VanSteenhouse et al	B.1.1.37	FALSE	TRUE	FALSE
EPI_ISL_530552|2020-08-19	EPI_ISL_530552	England/QEUH-96E9DF/2020	2020-08-19	2020-08-19	Europe	GBR	England	GBR	20B	B.1.1.37	Lighthouse Lab in Glasgow	Wellcome Sanger Institute for the COVID-19 Genomics UK (COG-UK) consortium	Harper VanSteenhouse et al	B.1.1.37	FALSE	TRUE	FALSE
EPI_ISL_530672|2020-08-20	EPI_ISL_530672	England/QEUH-96DAEC/2020	2020-08-20	2020-08-20	Europe	GBR	England	GBR	20B	B.1.1.37	Lighthouse Lab in Glasgow	Wellcome Sanger Institute for the COVID-19 Genomics UK (COG-UK) consortium	Harper VanSteenhouse et al	B.1.1.37	FALSE	TRUE	FALSE
EPI_ISL_540205|2020-09-01	EPI_ISL_540205	England/QEUH-9A408D/2020	2020-09-01	2020-09-01	Europe	GBR	England	GBR	20B	B.1.1.37	Lighthouse Lab in Glasgow	Wellcome Sanger Institute for the COVID-19 Genomics UK (COG-UK) consortium	Harper VanSteenhouse et al	B.1.1.37	FALSE	TRUE	FALSE
EPI_ISL_541525|2020-08-28	EPI_ISL_541525	Switzerland/ZH-ETHZ-270143/2020	2020-08-28	2020-08-28	Europe	CHE	Zürich	CHE	20B	B.1.1.37	Viollier AG	Department of Biosystems Science and Engineering, ETH Zürich	Christian Beisel et al	B.1.1.37	FALSE	FALSE	TRUE
EPI_ISL_541531|2020-08-29	EPI_ISL_541531	Switzerland/ZH-ETHZ-270184/2020	2020-08-29	2020-08-29	Europe	CHE	Zürich	CHE	20B	B.1.1.37	Viollier AG	Department of Biosystems Science and Engineering, ETH Zürich	Christian Beisel et al	B.1.1.37	FALSE	FALSE	TRUE
EPI_ISL_541533|2020-08-29	EPI_ISL_541533	Switzerland/ZH-ETHZ-270186/2020	2020-08-29	2020-08-29	Europe	CHE	Zürich	CHE	20B	B.1.1.37	Viollier AG	Department of Biosystems Science and Engineering, ETH Zürich	Christian Beisel et al	B.1.1.37	FALSE	FALSE	TRUE
EPI_ISL_549434|2020-09-01	EPI_ISL_549434	England/MILK-9A8933/2020	2020-09-01	2020-09-01	Europe	GBR	England	GBR	20B	B.1.1.37	Oxford Viromics, NDM, University of Oxford; Oxford University Hospitals; Basingstoke and North Hampshire Hospital	COVID-19 Genomics UK (COG-UK) Consortium	Tanya Golubchik et al	B.1.1.37	FALSE	TRUE	FALSE
EPI_ISL_550015|2020-09-01	EPI_ISL_550015	England/MILK-9A68CF/2020	2020-09-01	2020-09-01	Europe	GBR	England	GBR	20B	B.1.1.37	Lighthouse Lab in Milton Keynes	Wellcome Sanger Institute for the COVID-19 Genomics UK (COG-UK) consortium	The Lighthouse Lab in Milton Keynes et al	B.1.1.37	FALSE	TRUE	FALSE
EPI_ISL_550050|2020-09-01	EPI_ISL_550050	England/MILK-9A8C85/2020	2020-09-01	2020-09-01	Europe	GBR	England	GBR	20B	B.1.1.37	Lighthouse Lab in Milton Keynes	Wellcome Sanger Institute for the COVID-19 Genomics UK (COG-UK) consortium	The Lighthouse Lab in Milton Keynes et al	B.1.1.37	FALSE	TRUE	FALSE
EPI_ISL_550326|2020-08-28	EPI_ISL_550326	England/MILK-99A169/2020	2020-08-28	2020-08-28	Europe	GBR	England	GBR	20B	B.1.1.37	Lighthouse Lab in Milton Keynes	Wellcome Sanger Institute for the COVID-19 Genomics UK (COG-UK) consortium	The Lighthouse Lab in Milton Keynes et al	B.1.1.37	FALSE	TRUE	FALSE
EPI_ISL_550620|2020-08-30	EPI_ISL_550620	England/MILK-99DB86/2020	2020-08-30	2020-08-30	Europe	GBR	England	GBR	20B	B.1.1.37	Lighthouse Lab in Milton Keynes	Wellcome Sanger Institute for the COVID-19 Genomics UK (COG-UK) consortium	The Lighthouse Lab in Milton Keynes et al	B.1.1.37	FALSE	TRUE	FALSE
EPI_ISL_551053|2020-08-31	EPI_ISL_551053	England/MILK-9AB332/2020	2020-08-31	2020-08-31	Europe	GBR	England	GBR	20B	B.1.1.37	Lighthouse Lab in Milton Keynes	Wellcome Sanger Institute for the COVID-19 Genomics UK (COG-UK) consortium	The Lighthouse Lab in Milton Keynes et al	B.1.1.37	FALSE	TRUE	FALSE
EPI_ISL_551130|2020-08-31	EPI_ISL_551130	England/MILK-9AB499/2020	2020-08-31	2020-08-31	Europe	GBR	England	GBR	20B	B.1.1.37	Lighthouse Lab in Milton Keynes	Wellcome Sanger Institute for the COVID-19 Genomics UK (COG-UK) consortium	The Lighthouse Lab in Milton Keynes et al	B.1.1.37	FALSE	TRUE	FALSE
EPI_ISL_552140|2020-08-26	EPI_ISL_552140	England/MILK-99350A/2020	2020-08-26	2020-08-26	Europe	GBR	England	GBR	20B	B.1.1.37	Lighthouse Lab in Milton Keynes	Wellcome Sanger Institute for the COVID-19 Genomics UK (COG-UK) consortium	The Lighthouse Lab in Milton Keynes et al	B.1.1.37	FALSE	TRUE	FALSE
EPI_ISL_560004|2020-09-05	EPI_ISL_560004	Scotland/QEUH-9ACC45/2020	2020-09-05	2020-09-05	Europe	GBR	Scotland	GBR	20B	B.1.1.37	Oxford Viromics, NDM, University of Oxford; Oxford University Hospitals; Basingstoke and North Hampshire Hospital	COVID-19 Genomics UK (COG-UK) Consortium	Tanya Golubchik et al	B.1.1.37	FALSE	TRUE	FALSE
EPI_ISL_560017|2020-09-05	EPI_ISL_560017	Scotland/QEUH-9AD066/2020	2020-09-05	2020-09-05	Europe	GBR	Scotland	GBR	20B	B.1.1.37	Oxford Viromics, NDM, University of Oxford; Oxford University Hospitals; Basingstoke and North Hampshire Hospital	COVID-19 Genomics UK (COG-UK) Consortium	Tanya Golubchik et al	B.1.1.37	FALSE	TRUE	FALSE
EPI_ISL_560158|2020-09-10	EPI_ISL_560158	Wales/PHWC-16AB3F/2020	2020-09-10	2020-09-10	Europe	GBR	Wales	GBR	20B	B.1.1.37	Wales Specialist Virology Centre Sequencing lab: Pathogen Genomics Unit	COVID-19 Genomics UK (COG-UK) Consortium	Catherine Moore et al	B.1.1.37	FALSE	TRUE	FALSE
EPI_ISL_566334|2020-09-16	EPI_ISL_566334	England/ALDP-9CDDA5/2020	2020-09-16	2020-09-16	Europe	GBR	England	GBR	20B	B.1.1.37	Lighthouse Lab in Alderley Park	Wellcome Sanger Institute for the COVID-19 Genomics UK (COG-UK) consortium	Jacquelyn Wynn et al	B.1.1.37	FALSE	TRUE	FALSE
EPI_ISL_568322|2020-08-27	EPI_ISL_568322	Scotland/QEUH-98F598/2020	2020-08-27	2020-08-27	Europe	GBR	Scotland	GBR	20B	B.1.1.37	Lighthouse Lab in Glasgow	Wellcome Sanger Institute for the COVID-19 Genomics UK (COG-UK) consortium	Harper VanSteenhouse et al	B.1.1.37	FALSE	TRUE	FALSE
EPI_ISL_573228|2020-09-08	EPI_ISL_573228	England/CAMC-9C1CC2/2020	2020-09-08	2020-09-08	Europe	GBR	England	GBR	20B	B.1.1.37	Oxford Viromics, NDM, University of Oxford; Oxford University Hospitals; Basingstoke and North Hampshire Hospital	COVID-19 Genomics UK (COG-UK) Consortium	Tanya Golubchik et al	B.1.1.37	FALSE	TRUE	FALSE
EPI_ISL_573645|2020-09-07	EPI_ISL_573645	England/QEUH-9BB029/2020	2020-09-07	2020-09-07	Europe	GBR	England	GBR	20B	B.1.1.37	Oxford Viromics, NDM, University of Oxford; Oxford University Hospitals; Basingstoke and North Hampshire Hospital	COVID-19 Genomics UK (COG-UK) Consortium	Tanya Golubchik et al	B.1.1.37	FALSE	TRUE	FALSE
EPI_ISL_602105|2020-09-09	EPI_ISL_602105	Scotland/QEUH-9B710C/2020	2020-09-09	2020-09-09	Europe	GBR	Scotland	GBR	20B	B.1.1.37	Lighthouse Lab in Glasgow	Wellcome Sanger Institute for the COVID-19 Genomics UK (COG-UK) consortium	Harper VanSteenhouse et al	B.1.1.37	FALSE	TRUE	FALSE
EPI_ISL_603276|2020-10-01	EPI_ISL_603276	Switzerland/SG-ETHZ-300243/2020	2020-10-01	2020-10-01	Europe	CHE	Sankt Gallen	CHE	20B	B.1.1.37	Viollier AG	Department of Biosystems Science and Engineering, ETH Zürich	Christian Beisel et al	B.1.1.37	FALSE	FALSE	TRUE
EPI_ISL_608244|2020-10-15	EPI_ISL_608244	England/ALDP-A6CB9E/2020	2020-10-15	2020-10-15	Europe	GBR	England	GBR	20B	B.1.1.37	Lighthouse Lab in Alderley Park	Wellcome Sanger Institute for the COVID-19 Genomics UK (COG-UK) consortium	Jacquelyn Wynn et al	B.1.1.37	FALSE	TRUE	FALSE
EPI_ISL_721796|2020-11-22	EPI_ISL_721796	Switzerland/BL-ETHZ-380376/2020	2020-11-22	2020-11-22	Europe	CHE	Basel-Land	CHE	20B	B.1.1.37	Viollier AG	Department of Biosystems Science and Engineering, ETH Zürich	Christian Beisel et al	B.1.1.37	FALSE	FALSE	TRUE
EPI_ISL_730633|2020-12-20	EPI_ISL_730633	Switzerland/ZH-UZH-IMV117/2020	2020-12-20	2020-12-20	Europe	CHE	Zürich	CHE	20B	B.1.1.37	Männedorf Hospital	Institute of Medical Virology, University of Zurich	Stefan Schmutz et al	B.1.1.37	FALSE	FALSE	TRUE
EPI_ISL_744742|2020-11-02	EPI_ISL_744742	Luxembourg/LNS8467500/2020	2020-11-02	2020-11-02	Europe	LUX	Luxembourg	LUX	20B	B.1.1.37	Laboratoire national de santé, Microbiology, Virology	Laboratoire national de santé, Microbiology, Microbial Genomics Platform	Anke Wienecke-Baldacchino et al	B.1.1.37	FALSE	TRUE	FALSE
