tree_label	gisaid_epi_isl	strain	date_str	date	region	iso_country	division	iso_country_exposure	nextstrain_clade	pangolin_lineage	originating_lab	submitting_lab	authors	tree_pangolin_lineage	travel_context	similarity_context	focal_sequence
EPI_ISL_1119915|2020-11-12	EPI_ISL_1119915	Switzerland/OW-ETHZ-500095/2020	2020-11-12	2020-11-12	Europe	CHE	Obwalden	CHE	20A	B.1.523	Viollier AG	Department of Biosystems Science and Engineering, ETH Zürich	Chaoran Chen et al	B.1.523	FALSE	FALSE	TRUE
EPI_ISL_1260333|2020-11-22	EPI_ISL_1260333	Switzerland/SO-ETHZ-521347/2020	2020-11-22	2020-11-22	Europe	CHE	Solothurn	CHE	20A	B.1.523	Viollier AG	Department of Biosystems Science and Engineering, ETH Zürich	Chaoran Chen et al	B.1.523	FALSE	FALSE	TRUE
EPI_ISL_1310840|2020-09-14	EPI_ISL_1310840	Netherlands/ZH-EMC-1952/2020	2020-09-14	2020-09-14	Europe	NLD	South Holland	NLD	20A	B.1.523	Dutch COVID-19 response team	Erasmus Medical Center	Bas Oude Munnink et al	B.1.523	FALSE	TRUE	FALSE
EPI_ISL_1311792|2020-09-14	EPI_ISL_1311792	Netherlands/UT-EMC-331/2020	2020-09-14	2020-09-14	Europe	NLD	Utrecht	NLD	20A	B.1.523	Dutch COVID-19 response team	Erasmus Medical Center	Bas Oude Munnink et al	B.1.523	FALSE	TRUE	FALSE
EPI_ISL_402125|2019-12-26	EPI_ISL_402125	Wuhan/Hu-1/2019	2019-12-26	2019-12-26	Asia	CHN	Hubei	CHN	19A	B	National Institute for Communicable Disease Control and Prevention (ICDC) Chinese Center for Disease Control and Prevention (China CDC)	National Institute for Communicable Disease Control and Prevention (ICDC) Chinese Center for Disease Control and Prevention (China CDC)	Zhang et al	B	FALSE	FALSE	FALSE
EPI_ISL_406798|2019-12-26	EPI_ISL_406798	Wuhan/WH01/2019	2019-12-26	2019-12-26	Asia	CHN	Hubei	CHN	19A	B	General Hospital of Central Theater Command of People's Liberation Army of China	BGI & Institute of Microbiology, Chinese Academy of Sciences & Shandong First Medical University & Shandong Academy of Medical Sciences & General Hospital of Central Theater Command of People's Liberation Army of China	Weijun Chen et al	B	FALSE	FALSE	FALSE
EPI_ISL_573896|2020-09-14	EPI_ISL_573896	Wales/PHWC-16B758/2020	2020-09-14	2020-09-14	Europe	GBR	Wales	GBR	20A	B.1.523	Wales Specialist Virology Centre Sequencing lab: Pathogen Genomics Unit	COVID-19 Genomics UK (COG-UK) Consortium	Catherine Moore et al	B.1.523	FALSE	TRUE	FALSE
EPI_ISL_632494|2020-09-28	EPI_ISL_632494	Netherlands/ZH-EMC-652/2020	2020-09-28	2020-09-28	Europe	NLD	South Holland	NLD	20A	B.1.523	Dutch COVID-19 response team	Erasmus Medical Center	Bas Oude Munnink et al	B.1.523	FALSE	TRUE	FALSE
