tree_label	gisaid_epi_isl	strain	date_str	date	region	iso_country	division	iso_country_exposure	nextstrain_clade	pangolin_lineage	originating_lab	submitting_lab	authors	tree_pangolin_lineage	travel_context	similarity_context	focal_sequence
EPI_ISL_1005160|2020-11-13	EPI_ISL_1005160	Switzerland/SG-ETHZ-370028/2020	2020-11-13	2020-11-13	Europe	CHE	Sankt Gallen	CHE	20E (EU1)	B.1.177.85	Viollier AG	Department of Biosystems Science and Engineering, ETH Zürich	Chaoran Chen et al	B.1.177.85	FALSE	FALSE	TRUE
EPI_ISL_1118958|2020-11-09	EPI_ISL_1118958	Switzerland/BE-ETHZ-500071/2020	2020-11-09	2020-11-09	Europe	CHE	Bern	CHE	20E (EU1)	B.1.177.85	Viollier AG	Department of Biosystems Science and Engineering, ETH Zürich	Chaoran Chen et al	B.1.177.85	FALSE	FALSE	TRUE
EPI_ISL_1119851|2020-11-09	EPI_ISL_1119851	Switzerland/NE-ETHZ-500079/2020	2020-11-09	2020-11-09	Europe	CHE	Neuchâtel	CHE	20E (EU1)	B.1.177.85	Viollier AG	Department of Biosystems Science and Engineering, ETH Zürich	Chaoran Chen et al	B.1.177.85	FALSE	FALSE	TRUE
EPI_ISL_1361466|2020-11-09	EPI_ISL_1361466	Switzerland/ZH-ETHZ-530548/2020	2020-11-09	2020-11-09	Europe	CHE	Zürich	CHE	20E (EU1)	B.1.177.85	Viollier AG	Department of Biosystems Science and Engineering, ETH Zürich	Chaoran Chen et al	B.1.177.85	FALSE	FALSE	TRUE
EPI_ISL_1384406|2020-12-01	EPI_ISL_1384406	Luxembourg/LNS3676005/2020	2020-12-01	2020-12-01	Europe	LUX	Luxembourg	LUX	20E (EU1)	B.1.177.85	Laboratoires d'analyses medicales - Ketterthill	Laboratoire national de sante, Microbiology, Microbial Genomics Platform	Anke Wienecke-Baldacchino et al	B.1.177.85	FALSE	TRUE	FALSE
EPI_ISL_1407614|2020-11-23	EPI_ISL_1407614	Switzerland/AG-ETHZ-520421/2020	2020-11-23	2020-11-23	Europe	CHE	Aargau	CHE	20E (EU1)	B.1.177.85	Viollier AG	Department of Biosystems Science and Engineering, ETH Zürich	Chaoran Chen et al	B.1.177.85	FALSE	FALSE	TRUE
EPI_ISL_1658381|2020-12-16	EPI_ISL_1658381	Switzerland/SG-ETHZ-570013/2020	2020-12-16	2020-12-16	Europe	CHE	Sankt Gallen	CHE	20E (EU1)	B.1.177.85	Viollier AG	Department of Biosystems Science and Engineering, ETH Zürich	Christian Beisel et al	B.1.177.85	FALSE	FALSE	TRUE
EPI_ISL_402125|2019-12-26	EPI_ISL_402125	Wuhan/Hu-1/2019	2019-12-26	2019-12-26	Asia	CHN	Hubei	CHN	19A	B	National Institute for Communicable Disease Control and Prevention (ICDC) Chinese Center for Disease Control and Prevention (China CDC)	National Institute for Communicable Disease Control and Prevention (ICDC) Chinese Center for Disease Control and Prevention (China CDC)	Zhang et al	B	FALSE	FALSE	FALSE
EPI_ISL_406798|2019-12-26	EPI_ISL_406798	Wuhan/WH01/2019	2019-12-26	2019-12-26	Asia	CHN	Hubei	CHN	19A	B	General Hospital of Central Theater Command of People's Liberation Army of China	BGI & Institute of Microbiology, Chinese Academy of Sciences & Shandong First Medical University & Shandong Academy of Medical Sciences & General Hospital of Central Theater Command of People's Liberation Army of China	Weijun Chen et al	B	FALSE	FALSE	FALSE
EPI_ISL_721732|2020-11-26	EPI_ISL_721732	Switzerland/AG-ETHZ-380337/2020	2020-11-26	2020-11-26	Europe	CHE	Aargau	CHE	20E (EU1)	B.1.177.85	Viollier AG	Department of Biosystems Science and Engineering, ETH Zürich	Christian Beisel et al	B.1.177.85	FALSE	FALSE	TRUE
EPI_ISL_732091|2020-11-11	EPI_ISL_732091	Portugal/PT1872/2020	2020-11-11	2020-11-11	Europe	PRT	Portugal	PRT	20E (EU1)	B.1.177.85	Instituto Nacional de Saude (INSA)	Instituto Nacional de Saude (INSA)	Borges et al	B.1.177.85	FALSE	TRUE	FALSE
EPI_ISL_732096|2020-11-12	EPI_ISL_732096	Portugal/PT1879/2020	2020-11-12	2020-11-12	Europe	PRT	Portugal	PRT	20E (EU1)	B.1.177.85	Instituto Nacional de Saude (INSA)	Instituto Nacional de Saude (INSA)	Borges et al	B.1.177.85	FALSE	TRUE	FALSE
EPI_ISL_732098|2020-11-11	EPI_ISL_732098	Portugal/PT1883/2020	2020-11-11	2020-11-11	Europe	PRT	Portugal	PRT	20E (EU1)	B.1.177.85	Instituto Nacional de Saude (INSA)	Instituto Nacional de Saude (INSA)	Borges et al	B.1.177.85	FALSE	TRUE	FALSE
EPI_ISL_732107|2020-11-12	EPI_ISL_732107	Portugal/PT1892/2020	2020-11-12	2020-11-12	Europe	PRT	Portugal	PRT	20E (EU1)	B.1.177.85	Instituto Nacional de Saude (INSA)	Instituto Nacional de Saude (INSA)	Borges et al	B.1.177.85	FALSE	TRUE	FALSE
EPI_ISL_732268|2020-11-09	EPI_ISL_732268	Portugal/PT2054/2020	2020-11-09	2020-11-09	Europe	PRT	Portugal	PRT	20E (EU1)	B.1.177.85	Instituto Nacional de Saude (INSA) and Instituto Gulbenkian de Ciencia (IGC)	Instituto Nacional de Saude (INSA) and Instituto Gulbenkian de Ciencia (IGC)	Borges et al	B.1.177.85	FALSE	TRUE	FALSE
EPI_ISL_732272|2020-11-09	EPI_ISL_732272	Portugal/PT2058/2020	2020-11-09	2020-11-09	Europe	PRT	Portugal	PRT	20E (EU1)	B.1.177.85	Instituto Nacional de Saude (INSA) and Instituto Gulbenkian de Ciencia (IGC)	Instituto Nacional de Saude (INSA) and Instituto Gulbenkian de Ciencia (IGC)	Borges et al	B.1.177.85	FALSE	TRUE	FALSE
EPI_ISL_732274|2020-11-10	EPI_ISL_732274	Portugal/PT2060/2020	2020-11-10	2020-11-10	Europe	PRT	Portugal	PRT	20E (EU1)	B.1.177.85	Instituto Nacional de Saude (INSA) and Instituto Gulbenkian de Ciencia (IGC)	Instituto Nacional de Saude (INSA) and Instituto Gulbenkian de Ciencia (IGC)	Borges et al	B.1.177.85	FALSE	TRUE	FALSE
EPI_ISL_732275|2020-11-10	EPI_ISL_732275	Portugal/PT2061/2020	2020-11-10	2020-11-10	Europe	PRT	Portugal	PRT	20E (EU1)	B.1.177.85	Instituto Nacional de Saude (INSA) and Instituto Gulbenkian de Ciencia (IGC)	Instituto Nacional de Saude (INSA) and Instituto Gulbenkian de Ciencia (IGC)	Borges et al	B.1.177.85	FALSE	TRUE	FALSE
EPI_ISL_740149|2020-10-23	EPI_ISL_740149	Luxembourg/LNS2593581/2020	2020-10-23	2020-10-23	Europe	LUX	Luxembourg	LUX	20E (EU1)	B.1.177.85	Laboratoire national de santé, Microbiology, Virology	Laboratoire national de santé, Microbiology, Microbial Genomics Platform	Anke Wienecke-Baldacchino et al	B.1.177.85	FALSE	TRUE	FALSE
EPI_ISL_740192|2020-10-27	EPI_ISL_740192	Luxembourg/LNS2781126/2020	2020-10-27	2020-10-27	Europe	LUX	Luxembourg	LUX	20E (EU1)	B.1.177.85	Laboratoire national de santé, Microbiology, Virology	Laboratoire national de santé, Microbiology, Microbial Genomics Platform	Anke Wienecke-Baldacchino et al	B.1.177.85	FALSE	TRUE	FALSE
EPI_ISL_740412|2020-10-25	EPI_ISL_740412	Luxembourg/LNS4055666/2020	2020-10-25	2020-10-25	Europe	LUX	Luxembourg	LUX	20E (EU1)	B.1.177.85	Laboratoire national de santé, Microbiology, Virology	Laboratoire national de santé, Microbiology, Microbial Genomics Platform	Anke Wienecke-Baldacchino et al	B.1.177.85	FALSE	TRUE	FALSE
EPI_ISL_740505|2020-11-23	EPI_ISL_740505	Luxembourg/LNS4597411/2020	2020-11-23	2020-11-23	Europe	LUX	Luxembourg	LUX	20E (EU1)	B.1.177.85	Laboratoire national de santé, Microbiology, Virology	Laboratoire national de santé, Microbiology, Microbial Genomics Platform	Anke Wienecke-Baldacchino et al	B.1.177.85	FALSE	TRUE	FALSE
EPI_ISL_740513|2020-10-26	EPI_ISL_740513	Luxembourg/LNS4646138/2020	2020-10-26	2020-10-26	Europe	LUX	Luxembourg	LUX	20E (EU1)	B.1.177.85	Laboratoire national de santé, Microbiology, Virology	Laboratoire national de santé, Microbiology, Microbial Genomics Platform	Anke Wienecke-Baldacchino et al	B.1.177.85	FALSE	TRUE	FALSE
EPI_ISL_740523|2020-11-21	EPI_ISL_740523	Luxembourg/LNS4683076/2020	2020-11-21	2020-11-21	Europe	LUX	Luxembourg	LUX	20E (EU1)	B.1.177.85	Laboratoire national de santé, Microbiology, Virology	Laboratoire national de santé, Microbiology, Microbial Genomics Platform	Anke Wienecke-Baldacchino et al	B.1.177.85	FALSE	TRUE	FALSE
EPI_ISL_744961|2020-10-24	EPI_ISL_744961	Luxembourg/LNS9660366/2020	2020-10-24	2020-10-24	Europe	LUX	Luxembourg	LUX	20E (EU1)	B.1.177.85	Laboratoire national de santé, Microbiology, Virology	Laboratoire national de santé, Microbiology, Microbial Genomics Platform	Anke Wienecke-Baldacchino et al	B.1.177.85	FALSE	TRUE	FALSE
EPI_ISL_847895|2020-12-28	EPI_ISL_847895	Switzerland/GE-32820120/2020	2020-12-28	2020-12-28	Europe	CHE	Geneva	CHE	20E (EU1)	B.1.177.85	University Hospitals of Geneva, Laboratory of Virology	HUG, Laboratory of Virology and the Health2030 Genome Center	Samuel Cordey et al	B.1.177.85	FALSE	FALSE	TRUE
EPI_ISL_899300|2020-12-31	EPI_ISL_899300	Switzerland/BE-ETHZ-431164/2020	2020-12-31	2020-12-31	Europe	CHE	Bern	CHE	20E (EU1)	B.1.177.85	Viollier AG	Department of Biosystems Science and Engineering, ETH Zürich	Christian Beisel et al	B.1.177.85	FALSE	FALSE	TRUE
EPI_ISL_910708|2020-12-08	EPI_ISL_910708	Luxembourg/LNS0542996/2020	2020-12-08	2020-12-08	Europe	LUX	Luxembourg	LUX	20E (EU1)	B.1.177.85	Laboratoire national de sante, Microbiology, Virology	Laboratoire national de sante, Microbiology, Microbial Genomics Platform	Anke Wienecke-Baldacchino et al	B.1.177.85	FALSE	TRUE	FALSE
EPI_ISL_910824|2020-12-11	EPI_ISL_910824	Luxembourg/LNS8370786/2020	2020-12-11	2020-12-11	Europe	LUX	Luxembourg	LUX	20E (EU1)	B.1.177.85	Laboratoire national de sante, Microbiology, Virology	Laboratoire national de sante, Microbiology, Microbial Genomics Platform	Anke Wienecke-Baldacchino et al	B.1.177.85	FALSE	TRUE	FALSE
