tree_label	gisaid_epi_isl	strain	date_str	date	region	iso_country	division	iso_country_exposure	nextstrain_clade	pangolin_lineage	originating_lab	submitting_lab	authors	tree_pangolin_lineage	travel_context	similarity_context	focal_sequence
EPI_ISL_402125|2019-12-26	EPI_ISL_402125	Wuhan/Hu-1/2019	2019-12-26	2019-12-26	Asia	CHN	Hubei	CHN	19A	B	National Institute for Communicable Disease Control and Prevention (ICDC) Chinese Center for Disease Control and Prevention (China CDC)	National Institute for Communicable Disease Control and Prevention (ICDC) Chinese Center for Disease Control and Prevention (China CDC)	Zhang et al	B	FALSE	FALSE	FALSE
EPI_ISL_406798|2019-12-26	EPI_ISL_406798	Wuhan/WH01/2019	2019-12-26	2019-12-26	Asia	CHN	Hubei	CHN	19A	B	General Hospital of Central Theater Command of People's Liberation Army of China	BGI & Institute of Microbiology, Chinese Academy of Sciences & Shandong First Medical University & Shandong Academy of Medical Sciences & General Hospital of Central Theater Command of People's Liberation Army of China	Weijun Chen et al	B	FALSE	FALSE	FALSE
EPI_ISL_510723|2020-07-15	EPI_ISL_510723	Switzerland/BE-ETHZ-200035/2020	2020-07-15	2020-07-15	Europe	CHE	Bern	CHE	20B	B.1.1.406	Viollier AG	Department of Biosystems Science and Engineering, ETH Zürich	Christian Beisel et al	B.1.1.406	FALSE	FALSE	TRUE
EPI_ISL_512014|2020-07-29	EPI_ISL_512014	Switzerland/AG-ETHZ-220032/2020	2020-07-29	2020-07-29	Europe	CHE	Aargau	CHE	20B	B.1.1.406	Viollier AG	Department of Biosystems Science and Engineering, ETH Zürich	Christian Beisel et al	B.1.1.406	FALSE	FALSE	TRUE
EPI_ISL_541077|2020-07-03	EPI_ISL_541077	Spain/CT-IBV-98006565/2020	2020-07-03	2020-07-03	Europe	ESP	Catalunya	ESP	20B	B.1.1.406	Hospital de la Santa Creu i Sant Pau. Servicio de Microbiología	SeqCOVID-SPAIN consortium/Institute of Biomedicine of Valencia, IBV-CSIC	Ferran Navarro et al	B.1.1.406	FALSE	TRUE	FALSE
EPI_ISL_819354|2020-06-03	EPI_ISL_819354	Spain/CT-HUVH-94017/2020	2020-06-03	2020-06-03	Europe	ESP	Catalunya	ESP	20B	B.1.1.406	Hospital Universitari Vall d'Hebron - Vall d'Hebron Institut de Recerca	Hospital Universitari Vall d'Hebron - Vall d'Hebron Institut de Recerca	Cristina Andrés et al	B.1.1.406	FALSE	TRUE	FALSE
EPI_ISL_824415|2020-07-16	EPI_ISL_824415	Spain/CT-HUVH-05318/2020	2020-07-16	2020-07-16	Europe	ESP	Catalunya	ESP	20B	B.1.1.406	Hospital Universitari Vall d'Hebron - Vall d'Hebron Institut de Recerca	Hospital Universitari Vall d'Hebron - Vall d'Hebron Institut de Recerca	Cristina Andrés et al	B.1.1.406	FALSE	TRUE	FALSE
EPI_ISL_949219|2020-08-01	EPI_ISL_949219	Spain/CT-IBV-99012666/2020	2020-08-01	2020-08-01	Europe	ESP	Catalunya	ESP	20B	B.1.1.406	Departamento de Microbiología, CDB, Hospital Clínic, Barcelona	SeqCOVID-SPAIN consortium/IBV(CSIC)	Andrea Vergara et al	B.1.1.406	FALSE	TRUE	FALSE
