tree_label	gisaid_epi_isl	strain	date_str	date	region	iso_country	division	iso_country_exposure	nextstrain_clade	pangolin_lineage	originating_lab	submitting_lab	authors	tree_pangolin_lineage	travel_context	similarity_context	focal_sequence
EPI_ISL_1005064|2020-11-16	EPI_ISL_1005064	Switzerland/SH-ETHZ-370132/2020	2020-11-16	2020-11-16	Europe	CHE	Schaffhausen	CHE	20B	B.1.1.170	Viollier AG	Department of Biosystems Science and Engineering, ETH Zürich	Chaoran Chen et al	B.1.1.170	FALSE	FALSE	TRUE
EPI_ISL_1008251|2020-12-09	EPI_ISL_1008251	Austria/CeMM3254/2020	2020-12-09	2020-12-09	Europe	AUT	Lower Austria	AUT	20B	B.1.1.170	Department of Laboratory Medicine, Division of Clinical Virology, University of Medicine, Vienna	Bergthaler laboratory, CeMM Research Center for Molecular Medicine of the Austrian Academy of Sciences	Lukas Endler et al	B.1.1.170	FALSE	TRUE	FALSE
EPI_ISL_1119818|2020-11-09	EPI_ISL_1119818	Switzerland/BE-ETHZ-500070/2020	2020-11-09	2020-11-09	Europe	CHE	Bern	CHE	20B	B.1.1.170	Viollier AG	Department of Biosystems Science and Engineering, ETH Zürich	Chaoran Chen et al	B.1.1.170	FALSE	FALSE	TRUE
EPI_ISL_1130830|2020-12-31	EPI_ISL_1130830	Switzerland/ZH-ETHZ-430745/2020	2020-12-31	2020-12-31	Europe	CHE	Zürich	CHE	20B	B.1.1.170	Viollier AG	Department of Biosystems Science and Engineering, ETH Zürich	Chaoran Chen et al	B.1.1.170	FALSE	FALSE	TRUE
EPI_ISL_1195302|2020-12-18	EPI_ISL_1195302	Germany/BW-FR0395/2020	2020-12-18	2020-12-18	Europe	DEU	Baden-Wuerttemberg	DEU	20B	B.1.1.170	Institute of Virology, Medical Center, University of Freiburg, Freiburg, Germany	Institute of Virology, Clinial Virus Genomics, Medical Center, University of Freiburg, Freiburg, Germany	Jonas Fuchs et al	B.1.1.170	FALSE	TRUE	FALSE
EPI_ISL_1260444|2020-12-21	EPI_ISL_1260444	Switzerland/TG-ETHZ-420384/2020	2020-12-21	2020-12-21	Europe	CHE	Thurgau	CHE	20B	B.1.1.170	Viollier AG	Department of Biosystems Science and Engineering, ETH Zürich	Chaoran Chen et al	B.1.1.170	FALSE	FALSE	TRUE
EPI_ISL_1361046|2020-11-08	EPI_ISL_1361046	Switzerland/SH-ETHZ-531390/2020	2020-11-08	2020-11-08	Europe	CHE	Schaffhausen	CHE	20B	B.1.1.170	Viollier AG	Department of Biosystems Science and Engineering, ETH Zürich	Chaoran Chen et al	B.1.1.170	FALSE	FALSE	TRUE
EPI_ISL_1361047|2020-11-08	EPI_ISL_1361047	Switzerland/SH-ETHZ-531424/2020	2020-11-08	2020-11-08	Europe	CHE	Schaffhausen	CHE	20B	B.1.1.170	Viollier AG	Department of Biosystems Science and Engineering, ETH Zürich	Chaoran Chen et al	B.1.1.170	FALSE	FALSE	TRUE
EPI_ISL_1495317|2020-10-21	EPI_ISL_1495317	Austria/CeMM4986/2020	2020-10-21	2020-10-21	Europe	AUT	Styria	AUT	20B	B.1.1.170	Department of Laboratory Medicine, Division of Clinical Virology, University of Medicine, Vienna	Bergthaler laboratory, CeMM Research Center for Molecular Medicine of the Austrian Academy of Sciences	Lukas Endler et al	B.1.1.170	FALSE	TRUE	FALSE
EPI_ISL_1495318|2020-10-21	EPI_ISL_1495318	Austria/CeMM4987/2020	2020-10-21	2020-10-21	Europe	AUT	Styria	AUT	20B	B.1.1.170	Department of Laboratory Medicine, Division of Clinical Virology, University of Medicine, Vienna	Bergthaler laboratory, CeMM Research Center for Molecular Medicine of the Austrian Academy of Sciences	Lukas Endler et al	B.1.1.170	FALSE	TRUE	FALSE
EPI_ISL_1495319|2020-10-21	EPI_ISL_1495319	Austria/CeMM4988/2020	2020-10-21	2020-10-21	Europe	AUT	Styria	AUT	20B	B.1.1.170	Department of Laboratory Medicine, Division of Clinical Virology, University of Medicine, Vienna	Bergthaler laboratory, CeMM Research Center for Molecular Medicine of the Austrian Academy of Sciences	Lukas Endler et al	B.1.1.170	FALSE	TRUE	FALSE
EPI_ISL_1599100|2020-12-09	EPI_ISL_1599100	Switzerland/ZH-ETHZ-550597/2020	2020-12-09	2020-12-09	Europe	CHE	Zürich	CHE	20B	B.1.1.170	Viollier AG	Department of Biosystems Science and Engineering, ETH Zürich	Chaoran Chen et al	B.1.1.170	FALSE	FALSE	TRUE
EPI_ISL_1599117|2020-12-09	EPI_ISL_1599117	Switzerland/ZH-ETHZ-550562/2020	2020-12-09	2020-12-09	Europe	CHE	Zürich	CHE	20B	B.1.1.170	Viollier AG	Department of Biosystems Science and Engineering, ETH Zürich	Chaoran Chen et al	B.1.1.170	FALSE	FALSE	TRUE
EPI_ISL_1658422|2020-12-16	EPI_ISL_1658422	Switzerland/TG-ETHZ-570044/2020	2020-12-16	2020-12-16	Europe	CHE	Thurgau	CHE	20B	B.1.1.170	Viollier AG	Department of Biosystems Science and Engineering, ETH Zürich	Christian Beisel et al	B.1.1.170	FALSE	FALSE	TRUE
EPI_ISL_1682903|2020-12-27	EPI_ISL_1682903	Switzerland/ZH-ETHZ-560497/2020	2020-12-27	2020-12-27	Europe	CHE	Zürich	CHE	20B	B.1.1.170	Viollier AG	Department of Biosystems Science and Engineering, ETH Zürich	Chaoran Chen et al	B.1.1.170	FALSE	FALSE	TRUE
EPI_ISL_402125|2019-12-26	EPI_ISL_402125	Wuhan/Hu-1/2019	2019-12-26	2019-12-26	Asia	CHN	Hubei	CHN	19A	B	National Institute for Communicable Disease Control and Prevention (ICDC) Chinese Center for Disease Control and Prevention (China CDC)	National Institute for Communicable Disease Control and Prevention (ICDC) Chinese Center for Disease Control and Prevention (China CDC)	Zhang et al	B	FALSE	FALSE	FALSE
EPI_ISL_406798|2019-12-26	EPI_ISL_406798	Wuhan/WH01/2019	2019-12-26	2019-12-26	Asia	CHN	Hubei	CHN	19A	B	General Hospital of Central Theater Command of People's Liberation Army of China	BGI & Institute of Microbiology, Chinese Academy of Sciences & Shandong First Medical University & Shandong Academy of Medical Sciences & General Hospital of Central Theater Command of People's Liberation Army of China	Weijun Chen et al	B	FALSE	FALSE	FALSE
EPI_ISL_721970|2020-12-02	EPI_ISL_721970	Switzerland/ZH-ETHZ-390399/2020	2020-12-02	2020-12-02	Europe	CHE	Zürich	CHE	20B	B.1.1.170	Viollier AG	Department of Biosystems Science and Engineering, ETH Zürich	Christian Beisel et al	B.1.1.170	FALSE	FALSE	TRUE
EPI_ISL_729462|2020-11-03	EPI_ISL_729462	Germany/SH-ChVir9943/2020	2020-11-03	2020-11-03	Europe	DEU	Schleswig-Holstein	DEU	20B	B.1.1.170	A. Krumbholz, Labor Dr. Krause und Kollegen MVZ GmbH, Kiel	Charité Universitätsmedizin Berlin, Institut für Virologie	Victor M Corman et al	B.1.1.170	FALSE	TRUE	FALSE
EPI_ISL_796603|2020-12-26	EPI_ISL_796603	Switzerland/ZH-ETHZ-430188/2020	2020-12-26	2020-12-26	Europe	CHE	Zürich	CHE	20B	B.1.1.170	Viollier AG	Department of Biosystems Science and Engineering, ETH Zürich	Chaoran Chen et al	B.1.1.170	FALSE	FALSE	TRUE
EPI_ISL_826684|2020-10-19	EPI_ISL_826684	Iceland/3013/2020	2020-10-19	2020-10-19	Europe	ISL	Reykjavik	POL	20B	B.1.1.170	deCODE genetics	deCODE genetics	Daniel F Gudbjartsson et al	B.1.1.170	FALSE	TRUE	FALSE
EPI_ISL_826723|2020-11-18	EPI_ISL_826723	Iceland/3052/2020	2020-11-18	2020-11-18	Europe	ISL	Reykjavik	ISL	20B	B.1.1.170	deCODE genetics	deCODE genetics	Daniel F Gudbjartsson et al	B.1.1.170	FALSE	TRUE	FALSE
EPI_ISL_826931|2020-11-09	EPI_ISL_826931	Iceland/3239/2020	2020-11-09	2020-11-09	Europe	ISL	Reykjavik	ISL	20B	B.1.1.170	deCODE genetics	deCODE genetics	Daniel F Gudbjartsson et al	B.1.1.170	FALSE	TRUE	FALSE
EPI_ISL_826957|2020-11-13	EPI_ISL_826957	Iceland/3265/2020	2020-11-13	2020-11-13	Europe	ISL	Reykjavik	ISL	20B	B.1.1.170	deCODE genetics	deCODE genetics	Daniel F Gudbjartsson et al	B.1.1.170	FALSE	TRUE	FALSE
EPI_ISL_827395|2020-11-16	EPI_ISL_827395	Iceland/3704/2020	2020-11-16	2020-11-16	Europe	ISL	Reykjavik	ISL	20B	B.1.1.170	The National University Hospital of Iceland	deCODE genetics	Daniel F Gudbjartsson et al	B.1.1.170	FALSE	TRUE	FALSE
EPI_ISL_827624|2020-11-10	EPI_ISL_827624	Iceland/3928/2020	2020-11-10	2020-11-10	Europe	ISL	Reykjavik	ISL	20B	B.1.1.170	deCODE genetics	deCODE genetics	Daniel F Gudbjartsson et al	B.1.1.170	FALSE	TRUE	FALSE
EPI_ISL_827830|2020-11-17	EPI_ISL_827830	Iceland/4136/2020	2020-11-17	2020-11-17	Europe	ISL	Reykjavik	ISL	20B	B.1.1.170	deCODE genetics	deCODE genetics	Daniel F Gudbjartsson et al	B.1.1.170	FALSE	TRUE	FALSE
EPI_ISL_827934|2020-11-05	EPI_ISL_827934	Iceland/4241/2020	2020-11-05	2020-11-05	Europe	ISL	Reykjavik	ISL	20B	B.1.1.170	deCODE genetics	deCODE genetics	Daniel F Gudbjartsson et al	B.1.1.170	FALSE	TRUE	FALSE
EPI_ISL_828920|2020-11-20	EPI_ISL_828920	Iceland/5234/2020	2020-11-20	2020-11-20	Europe	ISL	Reykjavik	ISL	20B	B.1.1.170	deCODE genetics	deCODE genetics	Daniel F Gudbjartsson et al	B.1.1.170	FALSE	TRUE	FALSE
EPI_ISL_828923|2020-11-10	EPI_ISL_828923	Iceland/5237/2020	2020-11-10	2020-11-10	Europe	ISL	Reykjavik	ISL	20B	B.1.1.170	deCODE genetics	deCODE genetics	Daniel F Gudbjartsson et al	B.1.1.170	FALSE	TRUE	FALSE
EPI_ISL_829098|2020-09-30	EPI_ISL_829098	Iceland/5414/2020	2020-09-30	2020-09-30	Europe	ISL	Reykjavik	POL	20B	B.1.1.170	deCODE genetics	deCODE genetics	Daniel F Gudbjartsson et al	B.1.1.170	FALSE	TRUE	FALSE
EPI_ISL_829182|2020-11-20	EPI_ISL_829182	Iceland/5500/2020	2020-11-20	2020-11-20	Europe	ISL	Reykjavik	ISL	20B	B.1.1.170	deCODE genetics	deCODE genetics	Daniel F Gudbjartsson et al	B.1.1.170	FALSE	TRUE	FALSE
EPI_ISL_829184|2020-11-20	EPI_ISL_829184	Iceland/5502/2020	2020-11-20	2020-11-20	Europe	ISL	Reykjavik	ISL	20B	B.1.1.170	deCODE genetics	deCODE genetics	Daniel F Gudbjartsson et al	B.1.1.170	FALSE	TRUE	FALSE
EPI_ISL_829280|2020-11-10	EPI_ISL_829280	Iceland/5598/2020	2020-11-10	2020-11-10	Europe	ISL	Reykjavik	ISL	20B	B.1.1.170	deCODE genetics	deCODE genetics	Daniel F Gudbjartsson et al	B.1.1.170	FALSE	TRUE	FALSE
EPI_ISL_829432|2020-11-10	EPI_ISL_829432	Iceland/5750/2020	2020-11-10	2020-11-10	Europe	ISL	Reykjavik	ISL	20B	B.1.1.170	deCODE genetics	deCODE genetics	Daniel F Gudbjartsson et al	B.1.1.170	FALSE	TRUE	FALSE
EPI_ISL_829448|2020-11-10	EPI_ISL_829448	Iceland/5766/2020	2020-11-10	2020-11-10	Europe	ISL	Reykjavik	ISL	20B	B.1.1.170	deCODE genetics	deCODE genetics	Daniel F Gudbjartsson et al	B.1.1.170	FALSE	TRUE	FALSE
EPI_ISL_829729|2020-11-19	EPI_ISL_829729	Iceland/6050/2020	2020-11-19	2020-11-19	Europe	ISL	Reykjavik	ISL	20B	B.1.1.170	deCODE genetics	deCODE genetics	Daniel F Gudbjartsson et al	B.1.1.170	FALSE	TRUE	FALSE
EPI_ISL_830161|2020-11-19	EPI_ISL_830161	Iceland/6487/2020	2020-11-19	2020-11-19	Europe	ISL	Reykjavik	ISL	20B	B.1.1.170	deCODE genetics	deCODE genetics	Daniel F Gudbjartsson et al	B.1.1.170	FALSE	TRUE	FALSE
