tree_label	gisaid_epi_isl	strain	date_str	date	region	iso_country	division	iso_country_exposure	nextstrain_clade	pangolin_lineage	originating_lab	submitting_lab	authors	tree_pangolin_lineage	travel_context	similarity_context	focal_sequence
EPI_ISL_1119573|2020-11-04	EPI_ISL_1119573	Switzerland/BS-ETHZ-501007/2020	2020-11-04	2020-11-04	Europe	CHE	Basel-Stadt	CHE	20G	B.1.2	Viollier AG	Department of Biosystems Science and Engineering, ETH Zürich	Chaoran Chen et al	B.1.2	FALSE	FALSE	TRUE
EPI_ISL_1169539|2020-12-05	EPI_ISL_1169539	NorthernMarianaIslands/CDC-2-3831117/2020	2020-12-05	2020-12-05	North America	USA	Northern Mariana Islands	USA	20G	B.1.2	Commonwealth Healthcare Center	Genomics and Discovery, Respiratory Viruses Branch, Division of Viral Diseases, Centers for Disease Control and Prevention	Krista Queen et al	B.1.2	FALSE	TRUE	FALSE
EPI_ISL_1301139|2020-12-18	EPI_ISL_1301139	USA/NY-MSHSPSP-PV25198/2020	2020-12-18	2020-12-18	North America	USA	New York	USA	20G	B.1.2	MSHS Clinical Microbiology Laboratories	MSHS Pathogen Surveillance Program	Ana S. Gonzalez-Reiche et al	B.1.2	FALSE	TRUE	FALSE
EPI_ISL_1465332|2020-11-04	EPI_ISL_1465332	USA/AZ-TG784720/2020	2020-11-04	2020-11-04	North America	USA	Arizona	USA	20G	B.1.2	Sonora Quest Laboratories	TGen North	"Jolene Bowers et al	B.1.2	FALSE	TRUE	FALSE
EPI_ISL_1465361|2020-11-05	EPI_ISL_1465361	USA/AZ-TG780084/2020	2020-11-05	2020-11-05	North America	USA	Arizona	USA	20G	B.1.2	Sonora Quest Laboratories	TGen North	"Jolene Bowers et al	B.1.2	FALSE	TRUE	FALSE
EPI_ISL_1682355|2020-12-27	EPI_ISL_1682355	Switzerland/BE-ETHZ-560845/2020	2020-12-27	2020-12-27	Europe	CHE	Bern	CHE	20G	B.1.2	Viollier AG	Department of Biosystems Science and Engineering, ETH Zürich	Chaoran Chen et al	B.1.2	FALSE	FALSE	TRUE
EPI_ISL_1682384|2020-12-27	EPI_ISL_1682384	Switzerland/BE-ETHZ-560849/2020	2020-12-27	2020-12-27	Europe	CHE	Bern	CHE	20G	B.1.2	Viollier AG	Department of Biosystems Science and Engineering, ETH Zürich	Chaoran Chen et al	B.1.2	FALSE	FALSE	TRUE
EPI_ISL_1682388|2020-12-27	EPI_ISL_1682388	Switzerland/BE-ETHZ-560848/2020	2020-12-27	2020-12-27	Europe	CHE	Bern	CHE	20G	B.1.2	Viollier AG	Department of Biosystems Science and Engineering, ETH Zürich	Chaoran Chen et al	B.1.2	FALSE	FALSE	TRUE
EPI_ISL_1750782|2020-12-18	EPI_ISL_1750782	Switzerland/BL-ETHZ-580583/2020	2020-12-18	2020-12-18	Europe	CHE	Basel-Land	CHE	20G	B.1.2	Viollier AG	Department of Biosystems Science and Engineering, ETH Zürich	Chaoran Chen et al	B.1.2	FALSE	FALSE	TRUE
EPI_ISL_402125|2019-12-26	EPI_ISL_402125	Wuhan/Hu-1/2019	2019-12-26	2019-12-26	Asia	CHN	Hubei	CHN	19A	B	National Institute for Communicable Disease Control and Prevention (ICDC) Chinese Center for Disease Control and Prevention (China CDC)	National Institute for Communicable Disease Control and Prevention (ICDC) Chinese Center for Disease Control and Prevention (China CDC)	Zhang et al	B	FALSE	FALSE	FALSE
EPI_ISL_406798|2019-12-26	EPI_ISL_406798	Wuhan/WH01/2019	2019-12-26	2019-12-26	Asia	CHN	Hubei	CHN	19A	B	General Hospital of Central Theater Command of People's Liberation Army of China	BGI & Institute of Microbiology, Chinese Academy of Sciences & Shandong First Medical University & Shandong Academy of Medical Sciences & General Hospital of Central Theater Command of People's Liberation Army of China	Weijun Chen et al	B	FALSE	FALSE	FALSE
EPI_ISL_597275|2020-10-12	EPI_ISL_597275	England/QEUH-A5E4EF/2020	2020-10-12	2020-10-12	Europe	GBR	England	GBR	20G	B.1.2	Lighthouse Lab in Glasgow	Wellcome Sanger Institute for the COVID-19 Genomics UK (COG-UK) consortium	Harper VanSteenhouse et al	B.1.2	FALSE	TRUE	FALSE
EPI_ISL_667726|2020-11-04	EPI_ISL_667726	Japan/IC-0297/2020	2020-11-04	2020-11-04	Asia	JPN	Japan	USA	20G	B.1.2	Pathogen Genomics Center, National Institute of Infectious Diseases	Pathogen Genomics Center, National Institute of Infectious Diseases	Tsuyoshi Sekizuka et al	B.1.2	FALSE	TRUE	FALSE
EPI_ISL_668431|2020-10-25	EPI_ISL_668431	Norway/4917/2020	2020-10-25	2020-10-25	Europe	NOR	Nordland	NOR	20G	B.1.2	Nordland Hospital - Bodo, Laboratory Department, Molecular Biology Unit	Norwegian Institute of Public Health, Department of Virology	Kathrine Stene-Johansen et al	B.1.2	FALSE	TRUE	FALSE
EPI_ISL_668433|2020-10-25	EPI_ISL_668433	Norway/4922/2020	2020-10-25	2020-10-25	Europe	NOR	Viken	NOR	20G	B.1.2	Ostfold Hospital Trust - Kalnes, Centre for Laboratory Medicine, Section for gene technology and infection serology	Norwegian Institute of Public Health, Department of Virology	Kathrine Stene-Johansen et al	B.1.2	FALSE	TRUE	FALSE
EPI_ISL_730637|2020-12-20	EPI_ISL_730637	Switzerland/ZH-UZH-IMV121/2020	2020-12-20	2020-12-20	Europe	CHE	Zürich	CHE	20G	B.1.2	Männedorf Hospital	Institute of Medical Virology, University of Zurich	Stefan Schmutz et al	B.1.2	FALSE	FALSE	TRUE
EPI_ISL_737581|2020-12-16	EPI_ISL_737581	Switzerland/ZH-ETHZ-410005/2020	2020-12-16	2020-12-16	Europe	CHE	Zürich	CHE	20G	B.1.2	Viollier AG	Department of Biosystems Science and Engineering, ETH Zürich	Chaoran Chen et al	B.1.2	FALSE	FALSE	TRUE
EPI_ISL_751784|2020-11-18	EPI_ISL_751784	USA/VA-CDC-2-3714369/2020	2020-11-18	2020-11-18	North America	USA	Virginia	USA	20G	B.1.2	VA-Division of Consolidated Laboratory Services	Genomics and Discovery, Respiratory Viruses Branch, Division of Viral Diseases, Centers for Disease Control and Prevention	Krista Queen et al	B.1.2	FALSE	TRUE	FALSE
EPI_ISL_804714|2020-11-09	EPI_ISL_804714	USA/MI-MDHHS-SC22765/2020	2020-11-09	2020-11-09	North America	USA	Michigan	USA	20G	B.1.2	Michigan Department of Health and Human Services, Bureau of Laboratories	Michigan Department of Health and Human Services, Bureau of Laboratories	Blankenship HM et al	B.1.2	FALSE	TRUE	FALSE
EPI_ISL_826331|2020-11-12	EPI_ISL_826331	USA/MI-UM-10036914651/2020	2020-11-12	2020-11-12	North America	USA	Michigan	USA	20G	B.1.2	University of Michigan Clinical Microbiology Laboratory	Lauring Lab, University of Michigan, Department of Microbiology and Immunology	Valesano et al	B.1.2	FALSE	TRUE	FALSE
EPI_ISL_827826|2020-11-21	EPI_ISL_827826	Iceland/4132/2020	2020-11-21	2020-11-21	Europe	ISL	Reykjavik	ISL	20G	B.1.2	deCODE genetics	deCODE genetics	Daniel F Gudbjartsson et al	B.1.2	FALSE	TRUE	FALSE
EPI_ISL_842143|2020-10-12	EPI_ISL_842143	England/QEUH-A6263D/2020	2020-10-12	2020-10-12	Europe	GBR	England	GBR	20G	B.1.2	Oxford Viromics, NDM, University of Oxford; Oxford University Hospitals; Basingstoke and North Hampshire Hospital	COVID-19 Genomics UK (COG-UK) Consortium	Tanya Golubchik et al	B.1.2	FALSE	TRUE	FALSE
EPI_ISL_936601|2020-11-02	EPI_ISL_936601	USA/IL-NM-2754/2020	2020-11-02	2020-11-02	North America	USA	Illinois	USA	20G	B.1.2	Northwestern Memorial Hospital	Ozer Lab	Ramon Lorenzo-Redondo et al	B.1.2	FALSE	TRUE	FALSE
