tree_label	gisaid_epi_isl	strain	date_str	date	region	iso_country	division	iso_country_exposure	nextstrain_clade	pangolin_lineage	originating_lab	submitting_lab	authors	tree_pangolin_lineage	travel_context	similarity_context	focal_sequence
EPI_ISL_1015135|2020-08-04	EPI_ISL_1015135	France/IDF_PSL_392/2020	2020-08-04	2020-08-04	Europe	FRA	Ile de France	FRA	20B	B.1.1.241	Department of Virology, Pitié-Salpêtrière hospital	Department of Virology, Pitié-Salpêtrière hospital	Valentin Leducq et al	B.1.1.241	FALSE	TRUE	FALSE
EPI_ISL_1015136|2020-08-05	EPI_ISL_1015136	France/IDF_PSL_300/2020	2020-08-05	2020-08-05	Europe	FRA	Ile de France	FRA	20B	B.1.1.241	Department of Virology, Pitié-Salpêtrière hospital	Department of Virology, Pitié-Salpêtrière hospital	Valentin Leducq et al	B.1.1.241	FALSE	TRUE	FALSE
EPI_ISL_1015140|2020-08-17	EPI_ISL_1015140	France/IDF_PSL_280/2020	2020-08-17	2020-08-17	Europe	FRA	Ile de France	FRA	20B	B.1.1.241	Department of Virology, Pitié-Salpêtrière hospital	Department of Virology, Pitié-Salpêtrière hospital	Valentin Leducq et al	B.1.1.241	FALSE	TRUE	FALSE
EPI_ISL_1015278|2020-08-11	EPI_ISL_1015278	France/IDF_PSL_291/2020	2020-08-11	2020-08-11	Europe	FRA	Ile de France	FRA	20B	B.1.1.241	Department of Virology, Pitié-Salpêtrière hospital	Department of Virology, Pitié-Salpêtrière hospital	Valentin Leducq et al	B.1.1.241	FALSE	TRUE	FALSE
EPI_ISL_1015281|2020-08-14	EPI_ISL_1015281	France/IDF_PSL_286/2020	2020-08-14	2020-08-14	Europe	FRA	Ile de France	FRA	20B	B.1.1.241	Department of Virology, Pitié-Salpêtrière hospital	Department of Virology, Pitié-Salpêtrière hospital	Valentin Leducq et al	B.1.1.241	FALSE	TRUE	FALSE
EPI_ISL_1015287|2020-08-17	EPI_ISL_1015287	France/IDF_PSL_281/2020	2020-08-17	2020-08-17	Europe	FRA	Ile de France	FRA	20B	B.1.1.241	Department of Virology, Pitié-Salpêtrière hospital	Department of Virology, Pitié-Salpêtrière hospital	Valentin Leducq et al	B.1.1.241	FALSE	TRUE	FALSE
EPI_ISL_1119402|2020-11-09	EPI_ISL_1119402	Switzerland/SH-ETHZ-501087/2020	2020-11-09	2020-11-09	Europe	CHE	Schaffhausen	CHE	20B	B.1.1.241	Viollier AG	Department of Biosystems Science and Engineering, ETH Zürich	Chaoran Chen et al	B.1.1.241	FALSE	FALSE	TRUE
EPI_ISL_1360883|2020-11-09	EPI_ISL_1360883	Switzerland/GE-ETHZ-530018/2020	2020-11-09	2020-11-09	Europe	CHE	Geneva	CHE	20B	B.1.1.241	Viollier AG	Department of Biosystems Science and Engineering, ETH Zürich	Christian Beisel et al	B.1.1.241	FALSE	FALSE	TRUE
EPI_ISL_402125|2019-12-26	EPI_ISL_402125	Wuhan/Hu-1/2019	2019-12-26	2019-12-26	Asia	CHN	Hubei	CHN	19A	B	National Institute for Communicable Disease Control and Prevention (ICDC) Chinese Center for Disease Control and Prevention (China CDC)	National Institute for Communicable Disease Control and Prevention (ICDC) Chinese Center for Disease Control and Prevention (China CDC)	Zhang et al	B	FALSE	FALSE	FALSE
EPI_ISL_406798|2019-12-26	EPI_ISL_406798	Wuhan/WH01/2019	2019-12-26	2019-12-26	Asia	CHN	Hubei	CHN	19A	B	General Hospital of Central Theater Command of People's Liberation Army of China	BGI & Institute of Microbiology, Chinese Academy of Sciences & Shandong First Medical University & Shandong Academy of Medical Sciences & General Hospital of Central Theater Command of People's Liberation Army of China	Weijun Chen et al	B	FALSE	FALSE	FALSE
EPI_ISL_531600|2020-08-10	EPI_ISL_531600	England/QEUH-9625B9/2020	2020-08-10	2020-08-10	Europe	GBR	England	GBR	20B	B.1.1.241	Lighthouse Lab in Glasgow	Wellcome Sanger Institute for the COVID-19 Genomics UK (COG-UK) consortium	Harper VanSteenhouse et al	B.1.1.241	FALSE	TRUE	FALSE
EPI_ISL_531621|2020-08-10	EPI_ISL_531621	England/QEUH-96271D/2020	2020-08-10	2020-08-10	Europe	GBR	England	GBR	20B	B.1.1.241	Lighthouse Lab in Glasgow	Wellcome Sanger Institute for the COVID-19 Genomics UK (COG-UK) consortium	Harper VanSteenhouse et al	B.1.1.241	FALSE	TRUE	FALSE
EPI_ISL_535595|2020-08-18	EPI_ISL_535595	Switzerland/ZH-ETHZ-250070/2020	2020-08-18	2020-08-18	Europe	CHE	Zürich	CHE	20B	B.1.1.241	Viollier AG	Department of Biosystems Science and Engineering, ETH Zürich	Christian Beisel et al	B.1.1.241	FALSE	FALSE	TRUE
EPI_ISL_535642|2020-08-17	EPI_ISL_535642	Switzerland/BE-ETHZ-250136/2020	2020-08-17	2020-08-17	Europe	CHE	Bern	CHE	20B	B.1.1.241	Viollier AG	Department of Biosystems Science and Engineering, ETH Zürich	Christian Beisel et al	B.1.1.241	FALSE	FALSE	TRUE
EPI_ISL_537087|2020-08-07	EPI_ISL_537087	England/QEUH-95DEE3/2020	2020-08-07	2020-08-07	Europe	GBR	England	GBR	20B	B.1.1.241	Lighthouse Lab in Glasgow	Wellcome Sanger Institute for the COVID-19 Genomics UK (COG-UK) consortium	Harper VanSteenhouse et al	B.1.1.241	FALSE	TRUE	FALSE
EPI_ISL_539464|2020-08-27	EPI_ISL_539464	Switzerland/SG-ETHZ-260173/2020	2020-08-27	2020-08-27	Europe	CHE	Sankt Gallen	CHE	20B	B.1.1.241	Viollier AG	Department of Biosystems Science and Engineering, ETH Zürich	Christian Beisel et al	B.1.1.241	FALSE	FALSE	TRUE
EPI_ISL_541513|2020-09-01	EPI_ISL_541513	Switzerland/ZH-ETHZ-270047/2020	2020-09-01	2020-09-01	Europe	CHE	Zürich	CHE	20B	B.1.1.241	Viollier AG	Department of Biosystems Science and Engineering, ETH Zürich	Christian Beisel et al	B.1.1.241	FALSE	FALSE	TRUE
EPI_ISL_560432|2020-09-07	EPI_ISL_560432	Switzerland/BE-ETHZ-280109/2020	2020-09-07	2020-09-07	Europe	CHE	Bern	CHE	20B	B.1.1.241	Viollier AG	Department of Biosystems Science and Engineering, ETH Zürich	Christian Beisel et al	B.1.1.241	FALSE	FALSE	TRUE
EPI_ISL_560500|2020-09-08	EPI_ISL_560500	Switzerland/VD-ETHZ-280118/2020	2020-09-08	2020-09-08	Europe	CHE	Vaud	CHE	20B	B.1.1.241	Viollier AG	Department of Biosystems Science and Engineering, ETH Zürich	Christian Beisel et al	B.1.1.241	FALSE	FALSE	TRUE
EPI_ISL_590253|2020-09-03	EPI_ISL_590253	England/QEUH-9B5274/2020	2020-09-03	2020-09-03	Europe	GBR	England	GBR	20B	B.1.1.241	Lighthouse Lab in Glasgow	Wellcome Sanger Institute for the COVID-19 Genomics UK (COG-UK) consortium	Harper VanSteenhouse et al	B.1.1.241	FALSE	TRUE	FALSE
EPI_ISL_593879|2020-08-01	EPI_ISL_593879	France/OCC-64/2020	2020-08-01	2020-08-01	Europe	FRA	Occitanie	FRA	20B	B.1.1.241	CHU Purpan - Laboratoire de Virologie - Institut Fédératif de Biologie	CHU Purpan - Laboratoire de Virologie - Institut Fédératif de Biologie	Latour J. et al	B.1.1.241	FALSE	TRUE	FALSE
EPI_ISL_593905|2020-09-14	EPI_ISL_593905	France/IDF-9137/2020	2020-09-14	2020-09-14	Europe	FRA	Ile de France	FRA	20B	B.1.1.241	Labo Analyses Med, Sarcelles	National Reference Center for Viruses of Respiratory Infections, Institut Pasteur, Paris	Sylvie Behillil et al	B.1.1.241	FALSE	TRUE	FALSE
EPI_ISL_593934|2020-09-21	EPI_ISL_593934	France/IDF-9230/2020	2020-09-21	2020-09-21	Europe	FRA	Ile de France	FRA	20B	B.1.1.241	Sentinelles, Chanteloup-En-Brie	National Reference Center for Viruses of Respiratory Infections, Institut Pasteur, Paris	Sylvie Behillil et al	B.1.1.241	FALSE	TRUE	FALSE
EPI_ISL_616729|2020-08-24	EPI_ISL_616729	Denmark/DCGC-2967/2020	2020-08-24	2020-08-24	Europe	DNK	Syddanmark	DNK	20B	B.1.1.241	Department of Virus and Microbiological Special Diagnostics, Statens Serum Institut, Denmark	Albertsen lab, Department of Chemistry and Bioscience, Aalborg University, Denmark	Danish Covid-19 Genome Consortia et al	B.1.1.241	FALSE	TRUE	FALSE
EPI_ISL_671975|2020-08-03	EPI_ISL_671975	France/OCC-66/2020	2020-08-03	2020-08-03	Europe	FRA	Occitanie	FRA	20B	B.1.1.241	CHU Purpan - Laboratoire de Virologie - Institut Fédératif de Biologie	CHU Purpan - Laboratoire de Virologie - Institut Fédératif de Biologie	Latour J. et al	B.1.1.241	FALSE	TRUE	FALSE
EPI_ISL_683380|2020-08-26	EPI_ISL_683380	France/ARA-64293/2020	2020-08-26	2020-08-26	Europe	FRA	Auvergne-Rhône-Alpes	FRA	20B	B.1.1.241	CNR Virus des Infections Respiratoires - France SUD	CNR Virus des Infections Respiratoires - France SUD	Antonin Bal et al	B.1.1.241	FALSE	TRUE	FALSE
