tree_label	gisaid_epi_isl	strain	date_str	date	region	iso_country	division	iso_country_exposure	nextstrain_clade	pangolin_lineage	originating_lab	submitting_lab	authors	tree_pangolin_lineage	travel_context	similarity_context	focal_sequence
EPI_ISL_1129613|2020-05-19	EPI_ISL_1129613	Switzerland/BE-ETHZ-140022/2020	2020-05-19	2020-05-19	Europe	CHE	Bern	CHE	20B	B.1.1.331	Viollier AG	Department of Biosystems Science and Engineering, ETH Zürich	Christian Beisel et al	B.1.1.331	FALSE	FALSE	TRUE
EPI_ISL_402125|2019-12-26	EPI_ISL_402125	Wuhan/Hu-1/2019	2019-12-26	2019-12-26	Asia	CHN	Hubei	CHN	19A	B	National Institute for Communicable Disease Control and Prevention (ICDC) Chinese Center for Disease Control and Prevention (China CDC)	National Institute for Communicable Disease Control and Prevention (ICDC) Chinese Center for Disease Control and Prevention (China CDC)	Zhang et al	B	FALSE	FALSE	FALSE
EPI_ISL_406798|2019-12-26	EPI_ISL_406798	Wuhan/WH01/2019	2019-12-26	2019-12-26	Asia	CHN	Hubei	CHN	19A	B	General Hospital of Central Theater Command of People's Liberation Army of China	BGI & Institute of Microbiology, Chinese Academy of Sciences & Shandong First Medical University & Shandong Academy of Medical Sciences & General Hospital of Central Theater Command of People's Liberation Army of China	Weijun Chen et al	B	FALSE	FALSE	FALSE
EPI_ISL_437994|2020-02-28	EPI_ISL_437994	Austria/CeMM0146/2020	2020-02-28	2020-02-28	Europe	AUT	Vienna	AUT	20B	B.1.1.331	Center for Virology, Medical University of Vienna	Bergthaler laboratory, CeMM Research Center for Molecular Medicine of the Austrian Academy of Sciences	Alexandra Popa et al	B.1.1.331	FALSE	TRUE	FALSE
EPI_ISL_438006|2020-03-04	EPI_ISL_438006	Austria/CeMM0160/2020	2020-03-04	2020-03-04	Europe	AUT	Vienna	AUT	20B	B.1.1.331	Center for Virology, Medical University of Vienna	Bergthaler laboratory, CeMM Research Center for Molecular Medicine of the Austrian Academy of Sciences	Alexandra Popa et al	B.1.1.331	FALSE	TRUE	FALSE
