tree_label	gisaid_epi_isl	strain	date_str	date	region	iso_country	division	iso_country_exposure	nextstrain_clade	pangolin_lineage	originating_lab	submitting_lab	authors	tree_pangolin_lineage	travel_context	similarity_context	focal_sequence
EPI_ISL_1260043|2020-12-03	EPI_ISL_1260043	Switzerland/BE-ETHZ-521541/2020	2020-12-03	2020-12-03	Europe	CHE	Bern	CHE	20B	B.1.1.222	Viollier AG	Department of Biosystems Science and Engineering, ETH Zürich	Chaoran Chen et al	B.1.1.222	FALSE	FALSE	TRUE
EPI_ISL_402125|2019-12-26	EPI_ISL_402125	Wuhan/Hu-1/2019	2019-12-26	2019-12-26	Asia	CHN	Hubei	CHN	19A	B	National Institute for Communicable Disease Control and Prevention (ICDC) Chinese Center for Disease Control and Prevention (China CDC)	National Institute for Communicable Disease Control and Prevention (ICDC) Chinese Center for Disease Control and Prevention (China CDC)	Zhang et al	B	FALSE	FALSE	FALSE
EPI_ISL_406798|2019-12-26	EPI_ISL_406798	Wuhan/WH01/2019	2019-12-26	2019-12-26	Asia	CHN	Hubei	CHN	19A	B	General Hospital of Central Theater Command of People's Liberation Army of China	BGI & Institute of Microbiology, Chinese Academy of Sciences & Shandong First Medical University & Shandong Academy of Medical Sciences & General Hospital of Central Theater Command of People's Liberation Army of China	Weijun Chen et al	B	FALSE	FALSE	FALSE
EPI_ISL_837753|2020-07-03	EPI_ISL_837753	Mexico/CMX-INER-0157/2020	2020-07-03	2020-07-03	North America	MEX	Mexico City	MEX	20B	B.1.1.222	Instituto Nacional de Enfermedades Respiratorias (INER)	Instituto Nacional de Enfermedades Respiratorias (INER)	Celia Boukadida et al	B.1.1.222	FALSE	TRUE	FALSE
EPI_ISL_933512|2020-11-26	EPI_ISL_933512	Mexico/CMX-INMEGEN-11-02/2020	2020-11-26	2020-11-26	North America	MEX	Mexico City	MEX	20B	B.1.1.222	Instituto Nacional de Medicina Genomica	Instituto Nacional de Medicina Genomica	Hidalgo-Miranda A et al	B.1.1.222	FALSE	TRUE	FALSE
