tree_label	gisaid_epi_isl	strain	date_str	date	region	iso_country	division	iso_country_exposure	nextstrain_clade	pangolin_lineage	originating_lab	submitting_lab	authors	tree_pangolin_lineage	travel_context	similarity_context	focal_sequence
EPI_ISL_1039997|2020-04-09	EPI_ISL_1039997	Hungary/534_30/2020	2020-04-09	2020-04-09	Europe	HUN	Central Hungary	HUN	20B	B.59	National Public Health Center, COVID Laboratory	National Public Health Center, National Biosafety Laboratory	Bernadett Pályi et al	B.59	FALSE	TRUE	FALSE
EPI_ISL_402125|2019-12-26	EPI_ISL_402125	Wuhan/Hu-1/2019	2019-12-26	2019-12-26	Asia	CHN	Hubei	CHN	19A	B	National Institute for Communicable Disease Control and Prevention (ICDC) Chinese Center for Disease Control and Prevention (China CDC)	National Institute for Communicable Disease Control and Prevention (ICDC) Chinese Center for Disease Control and Prevention (China CDC)	Zhang et al	B	FALSE	FALSE	FALSE
EPI_ISL_406798|2019-12-26	EPI_ISL_406798	Wuhan/WH01/2019	2019-12-26	2019-12-26	Asia	CHN	Hubei	CHN	19A	B	General Hospital of Central Theater Command of People's Liberation Army of China	BGI & Institute of Microbiology, Chinese Academy of Sciences & Shandong First Medical University & Shandong Academy of Medical Sciences & General Hospital of Central Theater Command of People's Liberation Army of China	Weijun Chen et al	B	FALSE	FALSE	FALSE
EPI_ISL_581725|2020-03-23	EPI_ISL_581725	Switzerland/BS-42203783/2020	2020-03-23	2020-03-23	Europe	CHE	Basel-Stadt	CHE	20A	B.59	University Hospital Basel, Clinical Virology	University Hospital Basel, Clinical Bacteriology	Madlen Stange et al	B.59	FALSE	FALSE	TRUE
EPI_ISL_644228|2020-03-31	EPI_ISL_644228	Ireland/D-NVRL-AIIDV0206v3/2020	2020-03-31	2020-03-31	Europe	IRL	Dublin	IRL	20A	B.59	CEPHR / Vincent's Hospital	Irish Coronavirus Sequencing Consortium - National Virus Reference Laboratory	Michael Carr et al	B.59	FALSE	TRUE	FALSE
