tree_label	gisaid_epi_isl	strain	date_str	date	region	iso_country	division	iso_country_exposure	nextstrain_clade	pangolin_lineage	originating_lab	submitting_lab	authors	tree_pangolin_lineage	travel_context	similarity_context	focal_sequence
EPI_ISL_1069216|2020-02-04	EPI_ISL_1069216	Lu-an/226/2020	2020-02-04	2020-02-04	Asia	CHN	Anhui	CHN	19A	B	Microbiology Laboratory,Lu`an Center for Disease Control and Prevention	Microbiology Laboratory,Lu`an Center for Disease Control and Prevention	Microbiology Laboratory et al	B	FALSE	TRUE	FALSE
EPI_ISL_1081195|2020-02-07	EPI_ISL_1081195	Lu-an/339/2020	2020-02-07	2020-02-07	Asia	CHN	Anhui	CHN	19A	B	Microbiology Laboratory,Lu`an Center for Disease Control and Prevention	Microbiology Laboratory,Lu`an Center for Disease Control and Prevention	Yang Wei et al	B	FALSE	TRUE	FALSE
EPI_ISL_1081310|2020-02-08	EPI_ISL_1081310	Lu-an/445/2020	2020-02-08	2020-02-08	Asia	CHN	Anhui	CHN	19A	B	Microbiology Laboratory,Lu`an Center for Disease Control and Prevention	Microbiology Laboratory,Lu`an Center for Disease Control and Prevention	Yang Wei et al	B	FALSE	TRUE	FALSE
EPI_ISL_1312417|2020-10-01	EPI_ISL_1312417	Latvia/906/2020	2020-10-01	2020-10-01	Europe	LVA	Latvia	LVA	19A	B	E. Gulbja laboratorija	Latvian Biomedical Research and Study Centre	Janis Pjalkovskis et al	B	FALSE	TRUE	FALSE
EPI_ISL_402125|2019-12-26	EPI_ISL_402125	Wuhan/Hu-1/2019	2019-12-26	2019-12-26	Asia	CHN	Hubei	CHN	19A	B	National Institute for Communicable Disease Control and Prevention (ICDC) Chinese Center for Disease Control and Prevention (China CDC)	National Institute for Communicable Disease Control and Prevention (ICDC) Chinese Center for Disease Control and Prevention (China CDC)	Zhang et al	B	FALSE	FALSE	FALSE
EPI_ISL_406798|2019-12-26	EPI_ISL_406798	Wuhan/WH01/2019	2019-12-26	2019-12-26	Asia	CHN	Hubei	CHN	19A	B	General Hospital of Central Theater Command of People's Liberation Army of China	BGI & Institute of Microbiology, Chinese Academy of Sciences & Shandong First Medical University & Shandong Academy of Medical Sciences & General Hospital of Central Theater Command of People's Liberation Army of China	Weijun Chen et al	B	FALSE	FALSE	FALSE
EPI_ISL_417522|2020-03-13	EPI_ISL_417522	Taiwan/CGMH-CGU-09/2020	2020-03-13	2020-03-13	Asia	TWN	Taiwan	TWN	19A	B	Laboratory Medicine	Department of Laboratory Medicine, Lin-Kou Chang Gung Memorial Hospital, Taoyuan, Taiwan	Kuo-Chien Tsao et al	B	FALSE	TRUE	FALSE
EPI_ISL_419697|2020-03-18	EPI_ISL_419697	USA/NY-NYUMC36/2020	2020-03-18	2020-03-18	North America	USA	New York	USA	19A	B	NYU Langone Health	Departments of Pathology and Medicine, New York University School of Medicine	Maria Aguero-Rosenfeld et al	B	FALSE	TRUE	FALSE
EPI_ISL_424192|2020-03-20	EPI_ISL_424192	USA/WA-UW-1688/2020	2020-03-20	2020-03-20	North America	USA	Washington	USA	19A	B	UW Virology Lab	UW Virology Lab	Pavitra Roychoudhury et al	B	FALSE	TRUE	FALSE
EPI_ISL_451387|2020-01-27	EPI_ISL_451387	Sichuan/SC-WCH4-285/2020	2020-01-27	2020-01-27	Asia	CHN	Sichuan	CHN	19A	B	West China Hospital of Sichuan University	State Key Laboratory of Biotherapy of Sichuan University	Baowen Du et al	B	FALSE	TRUE	FALSE
EPI_ISL_451388|2020-02-10	EPI_ISL_451388	Sichuan/SC-WCH4-286/2020	2020-02-10	2020-02-10	Asia	CHN	Sichuan	CHN	19A	B	West China Hospital of Sichuan University	State Key Laboratory of Biotherapy of Sichuan University	Baowen Du et al	B	FALSE	TRUE	FALSE
EPI_ISL_451392|2020-01-24	EPI_ISL_451392	Sichuan/SC-WCH4-290/2020	2020-01-24	2020-01-24	Asia	CHN	Sichuan	CHN	19A	B	West China Hospital of Sichuan University	State Key Laboratory of Biotherapy of Sichuan University	Baowen Du et al	B	FALSE	TRUE	FALSE
EPI_ISL_451740|2020-03-25	EPI_ISL_451740	Switzerland/GR-ETHZ-100790/2020	2020-03-25	2020-03-25	Europe	CHE	Graubünden	CHE	19A	B	Viollier AG	Department of Biosystems Science and Engineering, ETH Zürich	Christian Beisel et al	B	FALSE	FALSE	TRUE
EPI_ISL_451791|2020-03-25	EPI_ISL_451791	Switzerland/GR-ETHZ-100844/2020	2020-03-25	2020-03-25	Europe	CHE	Graubünden	CHE	19A	B	Viollier AG	Department of Biosystems Science and Engineering, ETH Zürich	Christian Beisel et al	B	FALSE	FALSE	TRUE
EPI_ISL_452358|2020-02-11	EPI_ISL_452358	Beijing/DT-BJ01/2020	2020-02-11	2020-02-11	Asia	CHN	Beijing	CHN	19A	B	Laboratory of Infectious Diseases Center of Beijing Ditan Hospital	Laboratory of Infectious Diseases Center of Beijing Ditan Hospital	Siyuan Yang et al	B	FALSE	TRUE	FALSE
EPI_ISL_454912|2020-02-25	EPI_ISL_454912	Wuhan/HB-WH1-135/2020	2020-02-25	2020-02-25	Asia	CHN	Hubei	CHN	19A	B	Wuhan Chain Medical Labs (CMLabs)	State Key Laboratory of Biotherapy of Sichuan University	Baowen Du et al	B	FALSE	TRUE	FALSE
EPI_ISL_454933|2020-02-11	EPI_ISL_454933	Wuhan/HB-WH2-167/2020	2020-02-11	2020-02-11	Asia	CHN	Hubei	CHN	19A	B	Wuhan Chain Medical Labs (CMLabs)	State Key Laboratory of Biotherapy of Sichuan University	Baowen Du et al	B	FALSE	TRUE	FALSE
EPI_ISL_454940|2020-02-28	EPI_ISL_454940	Wuhan/HB-WH3-176/2020	2020-02-28	2020-02-28	Asia	CHN	Hubei	CHN	19A	B	Wuhan Chain Medical Labs (CMLabs)	State Key Laboratory of Biotherapy of Sichuan University	Baowen Du et al	B	FALSE	TRUE	FALSE
EPI_ISL_454980|2020-02-09	EPI_ISL_454980	Wuhan/HB-WH5-239/2020	2020-02-09	2020-02-09	Asia	CHN	Hubei	CHN	19A	B	Wuhan Chain Medical Labs (CMLabs)	State Key Laboratory of Biotherapy of Sichuan University	Baowen Du et al	B	FALSE	TRUE	FALSE
EPI_ISL_457990|2020-03-21	EPI_ISL_457990	Oman/RESP-20-4400/2020	2020-03-21	2020-03-21	Asia	OMN	Muscat	OMN	19A	B	Oman-NIC	Oman-NIC	Samira Al-Maruqi et al	B	FALSE	TRUE	FALSE
EPI_ISL_466938|2020-03-05	EPI_ISL_466938	Switzerland/GR-ETHZ-100013/2020	2020-03-05	2020-03-05	Europe	CHE	Graubünden	CHE	19A	B	Viollier AG	Department of Biosystems Science and Engineering, ETH Zürich	Christian Beisel et al	B	FALSE	FALSE	TRUE
EPI_ISL_478808|2020-04-15	EPI_ISL_478808	England/OXON-AFB5D/2020	2020-04-15	2020-04-15	Europe	GBR	England	GBR	19A	B	Oxford Viromics, NDM, University of Oxford; Oxford University Hospitals; Basingstoke and North Hampshire Hospital	COVID-19 Genomics UK (COG-UK) Consortium	Tanya Golubchik et al	B	FALSE	TRUE	FALSE
EPI_ISL_515297|2020-03-14	EPI_ISL_515297	USA/NV-NSPHL-A0008/2020	2020-03-14	2020-03-14	North America	USA	Nevada	USA	19A	B	Nevada State Public Health Laboratory	Nevada State Public Health Laboratory	Richard Tillett et al	B	FALSE	TRUE	FALSE
EPI_ISL_527976|2020-03-10	EPI_ISL_527976	Switzerland/BL-UHB-42184724/2020	2020-03-10	2020-03-10	Europe	CHE	Basel-Land	CHE	19A	B	University Hospital Basel, Clinical Virology	University Hospital Basel, Clinical Bacteriology	Madlen Stange et al	B	FALSE	FALSE	TRUE
EPI_ISL_528093|2020-03-14	EPI_ISL_528093	Switzerland/BS-UHB-42191225/2020	2020-03-14	2020-03-14	Europe	CHE	Basel-Stadt	CHE	19A	B	University Hospital Basel, Clinical Virology	University Hospital Basel, Clinical Bacteriology	Madlen Stange et al	B	FALSE	FALSE	TRUE
EPI_ISL_528103|2020-03-15	EPI_ISL_528103	Switzerland/BL-UHB-42191605/2020	2020-03-15	2020-03-15	Europe	CHE	Basel-Land	CHE	19A	B	University Hospital Basel, Clinical Virology	University Hospital Basel, Clinical Bacteriology	Madlen Stange et al	B	FALSE	FALSE	TRUE
EPI_ISL_530123|2020-03-21	EPI_ISL_530123	Switzerland/BS-UHB-42201286/2020	2020-03-21	2020-03-21	Europe	CHE	Basel-Stadt	CHE	19A	B	University Hospital Basel, Clinical Virology	University Hospital Basel, Clinical Bacteriology	Madlen Stange et al	B	FALSE	FALSE	TRUE
EPI_ISL_548167|2020-03-14	EPI_ISL_548167	Switzerland/GE-SNRCI-3403/2020	2020-03-14	2020-03-14	Europe	CHE	Geneva	CHE	19A	B	Laboratoire de Virologie, HUG	Swiss National Reference Centre for Influenza	LAUBSCHER F. et al	B	FALSE	FALSE	TRUE
EPI_ISL_574806|2020-03-17	EPI_ISL_574806	Switzerland/BE-UNIBE-166-0852/2020	2020-03-17	2020-03-17	Europe	CHE	Bern	CHE	19A	B	Institute for Infectious Diseases, University of Bern	Institute for Infectious Diseases, University of Bern	Michel C Koch et al	B	FALSE	FALSE	TRUE
EPI_ISL_574946|2020-03-16	EPI_ISL_574946	Switzerland/GR-ETHZ-100159/2020	2020-03-16	2020-03-16	Europe	CHE	Graubünden	CHE	19A	B	Viollier AG	Department of Biosystems Science and Engineering, ETH Zürich	Christian Beisel et al	B	FALSE	FALSE	TRUE
EPI_ISL_574948|2020-03-18	EPI_ISL_574948	Switzerland/GR-ETHZ-100319/2020	2020-03-18	2020-03-18	Europe	CHE	Graubünden	CHE	19A	B	Viollier AG	Department of Biosystems Science and Engineering, ETH Zürich	Christian Beisel et al	B	FALSE	FALSE	TRUE
EPI_ISL_732546|2020-03-18	EPI_ISL_732546	Germany/BY-IMB02204/2020	2020-03-18	2020-03-18	Europe	DEU	Bavaria	DEU	19A	B	Bundeswehr Institute of Microbiology	Bundeswehr Institute of Microbiology	Markus Antwerpen et al	B	FALSE	TRUE	FALSE
EPI_ISL_852730|2020-03-16	EPI_ISL_852730	Germany/BW-FR0172/2020	2020-03-16	2020-03-16	Europe	DEU	Baden-Wuerttemberg	DEU	19A	B	Institute of Virology, Medical Center, University of Freiburg, Freiburg, Germany	Institute of Virology, Clinial Virus Genomics, Medical Center, University of Freiburg, Freiburg, Germany	Jonas Fuchs et al	B	FALSE	TRUE	FALSE
EPI_ISL_855209|2020-03-15	EPI_ISL_855209	USA/NY-WCM-0599-1-P/2020	2020-03-15	2020-03-15	North America	USA	New York	USA	19A	B	Institute for Computational Biomedicine, Weill Cornell Medicine	Institute for Computational Biomedicine, Weill Cornell Medicine	Butler et al	B	FALSE	TRUE	FALSE
EPI_ISL_855238|2020-03-15	EPI_ISL_855238	USA/NY-WCM-0615-1-P/2020	2020-03-15	2020-03-15	North America	USA	New York	USA	19A	B	Institute for Computational Biomedicine, Weill Cornell Medicine	Institute for Computational Biomedicine, Weill Cornell Medicine	Butler et al	B	FALSE	TRUE	FALSE
EPI_ISL_855298|2020-03-15	EPI_ISL_855298	USA/NY-WCM-0663-1-P/2020	2020-03-15	2020-03-15	North America	USA	New York	USA	19A	B	Institute for Computational Biomedicine, Weill Cornell Medicine	Institute for Computational Biomedicine, Weill Cornell Medicine	Butler et al	B	FALSE	TRUE	FALSE
EPI_ISL_855299|2020-03-15	EPI_ISL_855299	USA/NY-WCM-0660-1-P/2020	2020-03-15	2020-03-15	North America	USA	New York	USA	19A	B	Institute for Computational Biomedicine, Weill Cornell Medicine	Institute for Computational Biomedicine, Weill Cornell Medicine	Butler et al	B	FALSE	TRUE	FALSE
EPI_ISL_931411|2020-11-01	EPI_ISL_931411	Switzerland/BS-UHB-42515376/2020	2020-11-01	2020-11-01	Europe	CHE	Basel-Land	CHE	20C	B	University Hospital Basel, Clinical Virology	University Hospital Basel, Clinical Bacteriology	Tim Roloff et al	B	FALSE	FALSE	TRUE
