tree_label	gisaid_epi_isl	strain	date_str	date	region	iso_country	division	iso_country_exposure	nextstrain_clade	pangolin_lineage	originating_lab	submitting_lab	authors	tree_pangolin_lineage	travel_context	similarity_context	focal_sequence
EPI_ISL_1658259|2020-12-16	EPI_ISL_1658259	Switzerland/BL-ETHZ-570020/2020	2020-12-16	2020-12-16	Europe	CHE	Basel-Land	CHE	20D	C.18	Viollier AG	Department of Biosystems Science and Engineering, ETH Zürich	Christian Beisel et al	C.18	FALSE	FALSE	TRUE
EPI_ISL_1659168|2020-12-19	EPI_ISL_1659168	Switzerland/BL-ETHZ-571279/2020	2020-12-19	2020-12-19	Europe	CHE	Basel-Land	CHE	20D	C.18	Viollier AG	Department of Biosystems Science and Engineering, ETH Zürich	Chaoran Chen et al	C.18	FALSE	FALSE	TRUE
EPI_ISL_1659170|2020-12-19	EPI_ISL_1659170	Switzerland/BL-ETHZ-571285/2020	2020-12-19	2020-12-19	Europe	CHE	Basel-Land	CHE	20D	C.18	Viollier AG	Department of Biosystems Science and Engineering, ETH Zürich	Chaoran Chen et al	C.18	FALSE	FALSE	TRUE
EPI_ISL_1659171|2020-12-19	EPI_ISL_1659171	Switzerland/BL-ETHZ-571273/2020	2020-12-19	2020-12-19	Europe	CHE	Basel-Land	CHE	20D	C.18	Viollier AG	Department of Biosystems Science and Engineering, ETH Zürich	Chaoran Chen et al	C.18	FALSE	FALSE	TRUE
EPI_ISL_1692749|2020-08-07	EPI_ISL_1692749	Italy/CAM-TIGEM-IZSM-COLLI-9430/2020	2020-08-07	2020-08-07	Europe	ITA	Campania	ITA	20D	C.18	Università Federico II - Dipartimento di scienze mediche traslazionali - Napoli	Telethon Institute of Genetics and Medicine (TIGEM)	Antonio Grimaldi Patrizia Annunziata Francesco Panariello Teresa Giuliano Michele Cennamo Valentina Bouche Chiara Colantuono Lucio Di Filippo Mariano Fiorenza Anna Manfredi Marcello Salvi Giuseppe Portella Andrea Ballabio Davide Cacchiarelli et al	C.18	FALSE	TRUE	FALSE
EPI_ISL_1692813|2020-09-14	EPI_ISL_1692813	Italy/CAM-TIGEM-IZSM-COLLI-9479/2020	2020-09-14	2020-09-14	Europe	ITA	Campania	ITA	20D	C.18	Università Federico II - Dipartimento di scienze mediche traslazionali - Napoli	Telethon Institute of Genetics and Medicine (TIGEM)	Antonio Grimaldi Patrizia Annunziata Francesco Panariello Teresa Giuliano Michele Cennamo Valentina Bouche Chiara Colantuono Lucio Di Filippo Mariano Fiorenza Anna Manfredi Marcello Salvi Giuseppe Portella Andrea Ballabio Davide Cacchiarelli et al	C.18	FALSE	TRUE	FALSE
EPI_ISL_402125|2019-12-26	EPI_ISL_402125	Wuhan/Hu-1/2019	2019-12-26	2019-12-26	Asia	CHN	Hubei	CHN	19A	B	National Institute for Communicable Disease Control and Prevention (ICDC) Chinese Center for Disease Control and Prevention (China CDC)	National Institute for Communicable Disease Control and Prevention (ICDC) Chinese Center for Disease Control and Prevention (China CDC)	Zhang et al	B	FALSE	FALSE	FALSE
EPI_ISL_406798|2019-12-26	EPI_ISL_406798	Wuhan/WH01/2019	2019-12-26	2019-12-26	Asia	CHN	Hubei	CHN	19A	B	General Hospital of Central Theater Command of People's Liberation Army of China	BGI & Institute of Microbiology, Chinese Academy of Sciences & Shandong First Medical University & Shandong Academy of Medical Sciences & General Hospital of Central Theater Command of People's Liberation Army of China	Weijun Chen et al	B	FALSE	FALSE	FALSE
EPI_ISL_736871|2020-10-26	EPI_ISL_736871	Italy/CAM-TIGEM-147/2020	2020-10-26	2020-10-26	Europe	ITA	Campania	ITA	20D	C.18	Istituto Zooprofilattico Sperimentale del Mezzogiorno	TIGEM	Antonio Grimaldi et al	C.18	FALSE	TRUE	FALSE
EPI_ISL_736882|2020-10-26	EPI_ISL_736882	Italy/CAM-TIGEM-161/2020	2020-10-26	2020-10-26	Europe	ITA	Campania	ITA	20D	C.18	Istituto Zooprofilattico Sperimentale del Mezzogiorno	TIGEM	Antonio Grimaldi et al	C.18	FALSE	TRUE	FALSE
EPI_ISL_736884|2020-10-26	EPI_ISL_736884	Italy/CAM-TIGEM-163/2020	2020-10-26	2020-10-26	Europe	ITA	Campania	ITA	20D	C.18	Istituto Zooprofilattico Sperimentale del Mezzogiorno	TIGEM	Antonio Grimaldi et al	C.18	FALSE	TRUE	FALSE
EPI_ISL_776881|2020-10-26	EPI_ISL_776881	Italy/CAM-TIGEM-200/2020	2020-10-26	2020-10-26	Europe	ITA	Campania	ITA	20D	C.18	Istituto Zooprofilattico Sperimentale del Mezzogiorno	TIGEM	Antonio Grimaldi et al	C.18	FALSE	TRUE	FALSE
EPI_ISL_776977|2020-09-04	EPI_ISL_776977	Italy/CAM-TIGEM-317/2020	2020-09-04	2020-09-04	Europe	ITA	Campania	ITA	20D	C.18	Istituto Zooprofilattico Sperimentale del Mezzogiorno	TIGEM	Antonio Grimaldi et al	C.18	FALSE	TRUE	FALSE
EPI_ISL_837298|2020-09-15	EPI_ISL_837298	Italy/CAM-TIGEM-984/2020	2020-09-15	2020-09-15	Europe	ITA	Campania	ITA	20D	C.18	Istituto Zooprofilattico Sperimentale del Mezzogiorno	TIGEM	Antonio Grimaldi et al	C.18	FALSE	TRUE	FALSE
