tree_label	gisaid_epi_isl	strain	date_str	date	region	iso_country	division	iso_country_exposure	nextstrain_clade	pangolin_lineage	originating_lab	submitting_lab	authors	tree_pangolin_lineage	travel_context	similarity_context	focal_sequence
EPI_ISL_1017686|2020-12-18	EPI_ISL_1017686	Serbia/Belgrade-2924081812/2020	2020-12-18	2020-12-18	Europe	SRB	Belgrade	SRB	20D	C.36	Institute of Virology, Vaccines and Sera ''Torlak''	Institute of microbiology and Immunology, Faculty of Medicine, University of Belgrade	Knezevic et al	C.36	FALSE	TRUE	FALSE
EPI_ISL_1092071|2020-12-07	EPI_ISL_1092071	Germany/BAV-PL-virotum_M7NWO/2020	2020-12-07	2020-12-07	Europe	DEU	Bavaria	DEU	20D	C.36	Protzer Lab	Protzer Lab, Laboratory for Functional Genome Analysis, Dept. Genomics, Gene Center of the LMU Munich	Ulrike Protzer et al	C.36	FALSE	TRUE	FALSE
EPI_ISL_1109486|2020-05-21	EPI_ISL_1109486	Egypt/MASRI-C4-041/2020	2020-05-21	2020-05-21	Africa	EGY	Cairo	EGY	20D	C.36	Medical Ain Shams Research Institute (MASRI), Ain Shams University	Medical Ain Shams Research Institute (MASRI), Ain Shams University	Hesham Elghazaly et al	C.36	FALSE	TRUE	FALSE
EPI_ISL_1109625|2020-07-01	EPI_ISL_1109625	Egypt/MASRI-C5-016/2020	2020-07-01	2020-07-01	Africa	EGY	Cairo	EGY	20D	C.36	Medical Ain Shams Research Institute (MASRI), Ain Shams University	Medical Ain Shams Research Institute (MASRI), Ain Shams University	Hesham Elghazaly et al	C.36	FALSE	TRUE	FALSE
EPI_ISL_1119341|2020-11-07	EPI_ISL_1119341	Switzerland/BE-ETHZ-501198/2020	2020-11-07	2020-11-07	Europe	CHE	Bern	CHE	20D	C.36.2	Viollier AG	Department of Biosystems Science and Engineering, ETH Zürich	Chaoran Chen et al	C.36	FALSE	FALSE	TRUE
EPI_ISL_1167189|2020-06-29	EPI_ISL_1167189	Egypt/MASRI-C5-009/2020	2020-06-29	2020-06-29	Africa	EGY	Cairo	EGY	20D	C.36	Medical Ain Shams Research Institute (MASRI), Ain Shams University	Medical Ain Shams Research Institute (MASRI), Ain Shams University	Hesham Elghazaly et al	C.36	FALSE	TRUE	FALSE
EPI_ISL_1259963|2020-11-26	EPI_ISL_1259963	Switzerland/AG-ETHZ-520217/2020	2020-11-26	2020-11-26	Europe	CHE	Aargau	CHE	20D	C.36.2	Viollier AG	Department of Biosystems Science and Engineering, ETH Zürich	Christian Beisel et al	C.36	FALSE	FALSE	TRUE
EPI_ISL_1260061|2020-12-01	EPI_ISL_1260061	Switzerland/BE-ETHZ-521444/2020	2020-12-01	2020-12-01	Europe	CHE	Bern	CHE	20D	C.36.2	Viollier AG	Department of Biosystems Science and Engineering, ETH Zürich	Chaoran Chen et al	C.36	FALSE	FALSE	TRUE
EPI_ISL_1260423|2020-11-25	EPI_ISL_1260423	Switzerland/SZ-ETHZ-520160/2020	2020-11-25	2020-11-25	Europe	CHE	Schwyz	CHE	20D	C.36.2	Viollier AG	Department of Biosystems Science and Engineering, ETH Zürich	Christian Beisel et al	C.36	FALSE	FALSE	TRUE
EPI_ISL_1317690|2020-12-14	EPI_ISL_1317690	Norway/6913/2020	2020-12-14	2020-12-14	Europe	NOR	Vestfold Og Telemark	NOR	20D	C.36.2	Unilabs Laboratory Medicine	Norwegian Institute of Public Health, Department of Virology	Kathrine Stene-Johansen et al	C.36	FALSE	TRUE	FALSE
EPI_ISL_1384323|2020-12-14	EPI_ISL_1384323	Luxembourg/LNS8192327/2020	2020-12-14	2020-12-14	Europe	LUX	Luxembourg	LUX	20D	C.36	Laboratoires d'analyses medicales - Ketterthill	Laboratoire national de sante, Microbiology, Microbial Genomics Platform	Anke Wienecke-Baldacchino et al	C.36	FALSE	TRUE	FALSE
EPI_ISL_1408298|2020-11-30	EPI_ISL_1408298	Switzerland/AG-ETHZ-520821/2020	2020-11-30	2020-11-30	Europe	CHE	Aargau	CHE	20D	C.36	Viollier AG	Department of Biosystems Science and Engineering, ETH Zürich	Chaoran Chen et al	C.36	FALSE	FALSE	TRUE
EPI_ISL_1490459|2020-11-29	EPI_ISL_1490459	Norway/6304/2020	2020-11-29	2020-11-29	Europe	NOR	Vestfold Og Telemark	NOR	20D	C.36.2	Unilabs Laboratory Medicine	Norwegian Institute of Public Health, Department of Virology	Kathrine Stene-Johansen et al	C.36	FALSE	TRUE	FALSE
EPI_ISL_1496311|2020-10-16	EPI_ISL_1496311	Switzerland/BE-ETHZ-330006/2020	2020-10-16	2020-10-16	Europe	CHE	Bern	CHE	20D	C.36.2	Viollier AG	Department of Biosystems Science and Engineering, ETH Zürich	Christian Beisel et al	C.36	FALSE	FALSE	TRUE
EPI_ISL_1597912|2020-12-14	EPI_ISL_1597912	Switzerland/SZ-ETHZ-550704/2020	2020-12-14	2020-12-14	Europe	CHE	Schwyz	CHE	20D	C.36.2	Viollier AG	Department of Biosystems Science and Engineering, ETH Zürich	Chaoran Chen et al	C.36	FALSE	FALSE	TRUE
EPI_ISL_402125|2019-12-26	EPI_ISL_402125	Wuhan/Hu-1/2019	2019-12-26	2019-12-26	Asia	CHN	Hubei	CHN	19A	B	National Institute for Communicable Disease Control and Prevention (ICDC) Chinese Center for Disease Control and Prevention (China CDC)	National Institute for Communicable Disease Control and Prevention (ICDC) Chinese Center for Disease Control and Prevention (China CDC)	Zhang et al	B	FALSE	FALSE	FALSE
EPI_ISL_406798|2019-12-26	EPI_ISL_406798	Wuhan/WH01/2019	2019-12-26	2019-12-26	Asia	CHN	Hubei	CHN	19A	B	General Hospital of Central Theater Command of People's Liberation Army of China	BGI & Institute of Microbiology, Chinese Academy of Sciences & Shandong First Medical University & Shandong Academy of Medical Sciences & General Hospital of Central Theater Command of People's Liberation Army of China	Weijun Chen et al	B	FALSE	FALSE	FALSE
EPI_ISL_423103|2020-03-23	EPI_ISL_423103	England/20134019304/2020	2020-03-23	2020-03-23	Europe	GBR	England	GBR	20D	C.36	Respiratory Virus Unit, Microbiology Services Colindale, Public Health England	Respiratory Virus Unit, Microbiology Services Colindale, Public Health England	Monica Galiano et al	C.36	FALSE	TRUE	FALSE
EPI_ISL_423104|2020-03-23	EPI_ISL_423104	England/20134019402/2020	2020-03-23	2020-03-23	Europe	GBR	England	GBR	20D	C.36	Respiratory Virus Unit, Microbiology Services Colindale, Public Health England	Respiratory Virus Unit, Microbiology Services Colindale, Public Health England	Monica Galiano et al	C.36	FALSE	TRUE	FALSE
EPI_ISL_423207|2020-03-24	EPI_ISL_423207	England/201360067/2020	2020-03-24	2020-03-24	Europe	GBR	England	GBR	20D	C.36	Respiratory Virus Unit, Microbiology Services Colindale, Public Health England	Respiratory Virus Unit, Microbiology Services Colindale, Public Health England	Monica Galiano et al	C.36	FALSE	TRUE	FALSE
EPI_ISL_439557|2020-03-28	EPI_ISL_439557	England/CAMB-722C7/2020	2020-03-28	2020-03-28	Europe	GBR	England	GBR	20D	C.36	Department of Pathology, University of Cambridge	Wellcome Sanger Institute for the COVID-19 Genomics UK (COG-UK) consortium	Luke W Meredith et al	C.36	FALSE	TRUE	FALSE
EPI_ISL_439647|2020-03-31	EPI_ISL_439647	England/CAMB-71A93/2020	2020-03-31	2020-03-31	Europe	GBR	England	GBR	20D	C.36	Department of Pathology, University of Cambridge	Wellcome Sanger Institute for the COVID-19 Genomics UK (COG-UK) consortium	Luke W Meredith et al	C.36	FALSE	TRUE	FALSE
EPI_ISL_448062|2020-05-05	EPI_ISL_448062	England/CAMB-1AEC1E/2020	2020-05-05	2020-05-05	Europe	GBR	England	GBR	20D	C.36	Department of Pathology, University of Cambridge	COVID-19 Genomics UK (COG-UK) Consortium	Luke W Meredith et al	C.36	FALSE	TRUE	FALSE
EPI_ISL_459182|2020-05-05	EPI_ISL_459182	England/CAMB-1B10EF/2020	2020-05-05	2020-05-05	Europe	GBR	England	GBR	20D	C.36	Department of Pathology, University of Cambridge	Wellcome Sanger Institute for the COVID-19 Genomics UK (COG-UK) consortium	Luke W Meredith et al	C.36	FALSE	TRUE	FALSE
EPI_ISL_459193|2020-05-05	EPI_ISL_459193	England/CAMB-1B1146/2020	2020-05-05	2020-05-05	Europe	GBR	England	GBR	20D	C.36	Department of Pathology, University of Cambridge	Wellcome Sanger Institute for the COVID-19 Genomics UK (COG-UK) consortium	Luke W Meredith et al	C.36	FALSE	TRUE	FALSE
EPI_ISL_459217|2020-05-05	EPI_ISL_459217	England/CAMB-1B10C1/2020	2020-05-05	2020-05-05	Europe	GBR	England	GBR	20D	C.36	Department of Pathology, University of Cambridge	Wellcome Sanger Institute for the COVID-19 Genomics UK (COG-UK) consortium	Luke W Meredith et al	C.36	FALSE	TRUE	FALSE
EPI_ISL_459427|2020-04-28	EPI_ISL_459427	England/CAMB-1AEB4E/2020	2020-04-28	2020-04-28	Europe	GBR	England	GBR	20D	C.36	Department of Pathology, University of Cambridge	Wellcome Sanger Institute for the COVID-19 Genomics UK (COG-UK) consortium	Luke W Meredith et al	C.36	FALSE	TRUE	FALSE
EPI_ISL_459489|2020-04-28	EPI_ISL_459489	England/CAMB-1AE9F9/2020	2020-04-28	2020-04-28	Europe	GBR	England	GBR	20D	C.36	Department of Pathology, University of Cambridge	Wellcome Sanger Institute for the COVID-19 Genomics UK (COG-UK) consortium	Luke W Meredith et al	C.36	FALSE	TRUE	FALSE
EPI_ISL_459495|2020-04-28	EPI_ISL_459495	England/CAMB-1AE9DB/2020	2020-04-28	2020-04-28	Europe	GBR	England	GBR	20D	C.36	Department of Pathology, University of Cambridge	Wellcome Sanger Institute for the COVID-19 Genomics UK (COG-UK) consortium	Luke W Meredith et al	C.36	FALSE	TRUE	FALSE
EPI_ISL_468002|2020-03-24	EPI_ISL_468002	Australia/SA0244/2020	2020-03-24	2020-03-24	Oceania	AUS	South Australia	AUS	20D	C.36	SA Pathology	SA Pathology	Lex Leong et al	C.36	FALSE	TRUE	FALSE
EPI_ISL_468024|2020-04-03	EPI_ISL_468024	Australia/SA0226/2020	2020-04-03	2020-04-03	Oceania	AUS	South Australia	AUS	20D	C.36	SA Pathology	SA Pathology	Lex Leong et al	C.36	FALSE	TRUE	FALSE
EPI_ISL_479701|2020-06-02	EPI_ISL_479701	Egypt/CUNCI-HGC4I029/2020	2020-06-02	2020-06-02	Africa	EGY	Egypt	EGY	20D	C.36	Egyptian National Cancer Institute (ENCI)	Egyptian National Cancer Institute (ENCI)	Zekri et al	C.36	FALSE	TRUE	FALSE
EPI_ISL_479719|2020-06-02	EPI_ISL_479719	Egypt/CUNCI-HGC6I002/2020	2020-06-02	2020-06-02	Africa	EGY	Egypt	EGY	20D	C.36	Egyptian National Cancer Institute (ENCI)	Egyptian National Cancer Institute (ENCI)	Zekri et al	C.36	FALSE	TRUE	FALSE
EPI_ISL_479724|2020-06-02	EPI_ISL_479724	Egypt/CUNCI-HGC6I026/2020	2020-06-02	2020-06-02	Africa	EGY	Egypt	EGY	20D	C.36	Egyptian National Cancer Institute (ENCI)	Egyptian National Cancer Institute (ENCI)	Zekri et al	C.36	FALSE	TRUE	FALSE
EPI_ISL_479726|2020-06-02	EPI_ISL_479726	Egypt/CUNCI-HGC6I009/2020	2020-06-02	2020-06-02	Africa	EGY	Egypt	EGY	20D	C.36	Egyptian National Cancer Institute (ENCI)	Egyptian National Cancer Institute (ENCI)	Zekri et al	C.36	FALSE	TRUE	FALSE
EPI_ISL_479733|2020-06-02	EPI_ISL_479733	Egypt/CUNCI-HGC6I032/2020	2020-06-02	2020-06-02	Africa	EGY	Egypt	EGY	20D	C.36	Egyptian National Cancer Institute (ENCI)	Egyptian National Cancer Institute (ENCI)	Zekri et al	C.36	FALSE	TRUE	FALSE
EPI_ISL_509726|2020-03-13	EPI_ISL_509726	USA/FL-BPHL-0668/2020	2020-03-13	2020-03-13	North America	USA	Florida	USA	20D	C.36	Florida Bureau of Public Health Laboratories	Florida Bureau of Public Health Laboratories	Sarah Schmedes et al	C.36	FALSE	TRUE	FALSE
EPI_ISL_529032|2020-06-19	EPI_ISL_529032	Egypt/C-CU002b-S3/2020	2020-06-19	2020-06-19	Africa	EGY	Cairo	EGY	20D	C.36	Central Molecular Microbiology Laboratory and Next Generation Sequencing Reference Laboratory, Clinical and Chemical Pathology Department, Faculty of Medicine, CAIRO UNIVERSITY	Next Generation Sequencing Reference Laboratory, Faculty of Medicine, CAIRO UNIVERSITY and The Center for Genome and Microbiome Research, Faculty of Pharmacy, CAIRO UNIVERSITY	May Sherif Soliman et al	C.36	FALSE	TRUE	FALSE
EPI_ISL_574790|2020-05-21	EPI_ISL_574790	Switzerland/BE-UNIBE-149-0641/2020	2020-05-21	2020-05-21	Europe	CHE	Bern	CHE	20D	C.36	Institute for Infectious Diseases, University of Bern	Institute for Infectious Diseases, University of Bern	Michel C Koch et al	C.36	FALSE	FALSE	TRUE
EPI_ISL_581842|2020-04-03	EPI_ISL_581842	Switzerland/BS-42219432/2020	2020-04-03	2020-04-03	Europe	CHE	Basel-Stadt	CHE	20D	C.36	University Hospital Basel, Clinical Virology	University Hospital Basel, Clinical Bacteriology	Madlen Stange et al	C.36	FALSE	FALSE	TRUE
EPI_ISL_581843|2020-04-03	EPI_ISL_581843	Switzerland/NW-42219445/2020	2020-04-03	2020-04-03	Europe	CHE	Nidwalden	CHE	20D	C.36	University Hospital Basel, Clinical Virology	University Hospital Basel, Clinical Bacteriology	Madlen Stange et al	C.36	FALSE	FALSE	TRUE
EPI_ISL_678327|2020-07-22	EPI_ISL_678327	Australia/NSW2633/2020	2020-07-22	2020-07-22	Oceania	AUS	New South Wales	AUS	20D	C.36	Area of Virology, Serology and Virology Division (SAViD), New South Wales Health Pathology Randwick	Virology Research Laboratory; Area of Virology, Serology and Virology Division (SAViD), New South Wales Health Pathology Randwick	Foster et al	C.36	FALSE	TRUE	FALSE
EPI_ISL_678328|2020-07-22	EPI_ISL_678328	Australia/NSW2634/2020	2020-07-22	2020-07-22	Oceania	AUS	New South Wales	AUS	20D	C.36	Area of Virology, Serology and Virology Division (SAViD), New South Wales Health Pathology Randwick	Virology Research Laboratory; Area of Virology, Serology and Virology Division (SAViD), New South Wales Health Pathology Randwick	Foster et al	C.36	FALSE	TRUE	FALSE
EPI_ISL_693877|2020-11-10	EPI_ISL_693877	Switzerland/BE-ETHZ-360019/2020	2020-11-10	2020-11-10	Europe	CHE	Bern	CHE	20D	C.36.2	Viollier AG	Department of Biosystems Science and Engineering, ETH Zürich	Christian Beisel et al	C.36	FALSE	FALSE	TRUE
EPI_ISL_721718|2020-11-25	EPI_ISL_721718	Switzerland/AG-ETHZ-380291/2020	2020-11-25	2020-11-25	Europe	CHE	Aargau	CHE	20D	C.36.2	Viollier AG	Department of Biosystems Science and Engineering, ETH Zürich	Christian Beisel et al	C.36	FALSE	FALSE	TRUE
EPI_ISL_721726|2020-11-26	EPI_ISL_721726	Switzerland/AG-ETHZ-380321/2020	2020-11-26	2020-11-26	Europe	CHE	Aargau	CHE	20D	C.36.2	Viollier AG	Department of Biosystems Science and Engineering, ETH Zürich	Christian Beisel et al	C.36	FALSE	FALSE	TRUE
EPI_ISL_737507|2020-12-14	EPI_ISL_737507	Switzerland/AG-ETHZ-410264/2020	2020-12-14	2020-12-14	Europe	CHE	Aargau	CHE	20D	C.36.2	Viollier AG	Department of Biosystems Science and Engineering, ETH Zürich	Chaoran Chen et al	C.36	FALSE	FALSE	TRUE
EPI_ISL_737516|2020-12-13	EPI_ISL_737516	Switzerland/ZH-ETHZ-410192/2020	2020-12-13	2020-12-13	Europe	CHE	Zürich	CHE	20D	C.36.2	Viollier AG	Department of Biosystems Science and Engineering, ETH Zürich	Chaoran Chen et al	C.36	FALSE	FALSE	TRUE
EPI_ISL_737673|2020-12-14	EPI_ISL_737673	Switzerland/BL-ETHZ-410265/2020	2020-12-14	2020-12-14	Europe	CHE	Basel-Land	CHE	20D	C.36.2	Viollier AG	Department of Biosystems Science and Engineering, ETH Zürich	Chaoran Chen et al	C.36	FALSE	FALSE	TRUE
EPI_ISL_737925|2020-11-30	EPI_ISL_737925	Switzerland/ZH-ETHZ-410896/2020	2020-11-30	2020-11-30	Europe	CHE	Zürich	CHE	20D	C.36.2	Viollier AG	Department of Biosystems Science and Engineering, ETH Zürich	Chaoran Chen et al	C.36	FALSE	FALSE	TRUE
EPI_ISL_737926|2020-11-30	EPI_ISL_737926	Switzerland/ZH-ETHZ-410897/2020	2020-11-30	2020-11-30	Europe	CHE	Zürich	CHE	20D	C.36.2	Viollier AG	Department of Biosystems Science and Engineering, ETH Zürich	Chaoran Chen et al	C.36	FALSE	FALSE	TRUE
EPI_ISL_753955|2020-05-12	EPI_ISL_753955	Germany/BE-ChVir-W1340-8291/2020	2020-05-12	2020-05-12	Europe	DEU	Berlin	DEU	20D	C.36	Charité Universitätsmedizin Berlin, Institut für Virologie/Labor Berlin	Charité Universitätsmedizin Berlin, Institut für Virologie	Victor M Corman et al	C.36	FALSE	TRUE	FALSE
EPI_ISL_766645|2020-11-27	EPI_ISL_766645	Sweden/20-53575/2020	2020-11-27	2020-11-27	Europe	SWE	Halland	SWE	20D	C.36.2	Barnakuten	The Public Health Agency of Sweden	Department of Microbiology et al	C.36	FALSE	TRUE	FALSE
EPI_ISL_767993|2020-12-24	EPI_ISL_767993	Switzerland/BE-ETHZ-420726/2020	2020-12-24	2020-12-24	Europe	CHE	Bern	CHE	20D	C.36.2	Viollier AG	Department of Biosystems Science and Engineering, ETH Zürich	Chaoran Chen et al	C.36	FALSE	FALSE	TRUE
EPI_ISL_771034|2020-12-02	EPI_ISL_771034	Luxembourg/LNS5448126/2020	2020-12-02	2020-12-02	Europe	LUX	Luxembourg	LUX	20D	C.36	Laboratoire national de santé, Microbiology, Virology	Laboratoire national de santé, Microbiology, Microbial Genomics Platform	Anke Wienecke-Baldacchino et al	C.36	FALSE	TRUE	FALSE
EPI_ISL_812783|2020-05-24	EPI_ISL_812783	Egypt/CCHE57357-A-01/2020	2020-05-24	2020-05-24	Africa	EGY	Egypt	EGY	20D	C.36	Genomics Program, Children Cancer Hospital	Genomics Program, Children Cancer Hospital	Hatem et al	C.36	FALSE	TRUE	FALSE
EPI_ISL_812796|2020-07-03	EPI_ISL_812796	Egypt/CCHE57357-A-18/2020	2020-07-03	2020-07-03	Africa	EGY	Egypt	EGY	20D	C.36	Genomics Program, Children Cancer Hospital	Genomics Program, Children Cancer Hospital	Hatem et al	C.36	FALSE	TRUE	FALSE
EPI_ISL_812797|2020-07-04	EPI_ISL_812797	Egypt/CCHE57357-A-19/2020	2020-07-04	2020-07-04	Africa	EGY	Egypt	EGY	20D	C.36	Genomics Program, Children Cancer Hospital	Genomics Program, Children Cancer Hospital	Hatem et al	C.36	FALSE	TRUE	FALSE
EPI_ISL_812799|2020-05-21	EPI_ISL_812799	Egypt/CCHE57357-A-23/2020	2020-05-21	2020-05-21	Africa	EGY	Egypt	EGY	20D	C.36	Genomics Program, Children Cancer Hospital	Genomics Program, Children Cancer Hospital	Hatem et al	C.36	FALSE	TRUE	FALSE
EPI_ISL_812822|2020-07-01	EPI_ISL_812822	Egypt/CCHE57357-A-49/2020	2020-07-01	2020-07-01	Africa	EGY	Egypt	EGY	20D	C.36	Genomics Program, Children Cancer Hospital	Genomics Program, Children Cancer Hospital	Hatem et al	C.36	FALSE	TRUE	FALSE
EPI_ISL_812835|2020-07-25	EPI_ISL_812835	Egypt/CCHE57357-A-63/2020	2020-07-25	2020-07-25	Africa	EGY	Egypt	EGY	20D	C.36	Genomics Program, Children Cancer Hospital	Genomics Program, Children Cancer Hospital	Hatem et al	C.36	FALSE	TRUE	FALSE
EPI_ISL_860745|2020-09-28	EPI_ISL_860745	Switzerland/BE-SNRCI-6109/2020	2020-09-28	2020-09-28	Europe	CHE	Bern	CHE	20D	C.36	Swiss National Reference Centre for Influenza	Swiss National Reference Centre for Influenza	Ana Rita Gonçalves Cabecinhas et al	C.36	FALSE	FALSE	TRUE
EPI_ISL_910672|2020-12-07	EPI_ISL_910672	Luxembourg/LNS9906923/2020	2020-12-07	2020-12-07	Europe	LUX	Luxembourg	LUX	20D	C.36	Laboratoire national de sante, Microbiology, Virology	Laboratoire national de sante, Microbiology, Microbial Genomics Platform	Anke Wienecke-Baldacchino et al	C.36	FALSE	TRUE	FALSE
EPI_ISL_910845|2020-12-12	EPI_ISL_910845	Luxembourg/LNS9290921/2020	2020-12-12	2020-12-12	Europe	LUX	Luxembourg	LUX	20D	C.36	Laboratoire national de sante, Microbiology, Virology	Laboratoire national de sante, Microbiology, Microbial Genomics Platform	Anke Wienecke-Baldacchino et al	C.36	FALSE	TRUE	FALSE
EPI_ISL_930860|2020-10-16	EPI_ISL_930860	Switzerland/SO-UHB-42489126/2020	2020-10-16	2020-10-16	Europe	CHE	Solothurn	CHE	20D	C.36.2	University Hospital Basel, Clinical Virology	University Hospital Basel, Clinical Bacteriology	Tim Roloff et al	C.36	FALSE	FALSE	TRUE
