tree_label	gisaid_epi_isl	strain	date_str	date	region	iso_country	division	iso_country_exposure	nextstrain_clade	pangolin_lineage	originating_lab	submitting_lab	authors	tree_pangolin_lineage	travel_context	similarity_context	focal_sequence
EPI_ISL_1260452|2020-11-16	EPI_ISL_1260452	Switzerland/TI-ETHZ-510588/2020	2020-11-16	2020-11-16	Europe	CHE	Ticino	CHE	20E (EU1)	W.3	Viollier AG	Department of Biosystems Science and Engineering, ETH Zürich	Christian Beisel et al	W.3	FALSE	FALSE	TRUE
EPI_ISL_402125|2019-12-26	EPI_ISL_402125	Wuhan/Hu-1/2019	2019-12-26	2019-12-26	Asia	CHN	Hubei	CHN	19A	B	National Institute for Communicable Disease Control and Prevention (ICDC) Chinese Center for Disease Control and Prevention (China CDC)	National Institute for Communicable Disease Control and Prevention (ICDC) Chinese Center for Disease Control and Prevention (China CDC)	Zhang et al	B	FALSE	FALSE	FALSE
EPI_ISL_406798|2019-12-26	EPI_ISL_406798	Wuhan/WH01/2019	2019-12-26	2019-12-26	Asia	CHN	Hubei	CHN	19A	B	General Hospital of Central Theater Command of People's Liberation Army of China	BGI & Institute of Microbiology, Chinese Academy of Sciences & Shandong First Medical University & Shandong Academy of Medical Sciences & General Hospital of Central Theater Command of People's Liberation Army of China	Weijun Chen et al	B	FALSE	FALSE	FALSE
EPI_ISL_567572|2020-09-10	EPI_ISL_567572	England/ALDP-9C538D/2020	2020-09-10	2020-09-10	Europe	GBR	England	GBR	20E (EU1)	W.3	Lighthouse Lab in Alderley Park	Wellcome Sanger Institute for the COVID-19 Genomics UK (COG-UK) consortium	Jacquelyn Wynn et al	W.3	FALSE	TRUE	FALSE
EPI_ISL_576744|2020-09-18	EPI_ISL_576744	England/ALDP-9D95CC/2020	2020-09-18	2020-09-18	Europe	GBR	England	GBR	20E (EU1)	W.3	Oxford Viromics, NDM, University of Oxford; Oxford University Hospitals; Basingstoke and North Hampshire Hospital	COVID-19 Genomics UK (COG-UK) Consortium	Tanya Golubchik et al	W.3	FALSE	TRUE	FALSE
